#
# TABLE STRUCTURE FOR: Users_skills
#
USE prteam;
DROP TABLE IF EXISTS `Users_skills`;

CREATE TABLE `Users_skills` (
  `user_id` int(10) NOT NULL,
  `skill_id` int(10) NOT NULL,
  `start_data` timestamp NULL DEFAULT NULL,
  `finish_data` timestamp NULL DEFAULT NULL,
  KEY `user_skills_users_fk` (`user_id`),
  KEY `user_skills_skills_fk` (`skill_id`),
  CONSTRAINT `user_skills_skills_fk` FOREIGN KEY (`skill_id`) REFERENCES `skills` (`id`),
  CONSTRAINT `user_skills_users_fk` FOREIGN KEY (`user_id`) REFERENCES `users` (`id`) ON DELETE CASCADE
) ENGINE=InnoDB DEFAULT CHARSET=utf8 COLLATE=utf8_unicode_ci;

INSERT INTO `Users_skills` (`user_id`, `skill_id`, `start_data`, `finish_data`) VALUES (76, 7, '2007-11-01 09:21:04', '1988-05-31 10:59:18');
INSERT INTO `Users_skills` (`user_id`, `skill_id`, `start_data`, `finish_data`) VALUES (100, 1, '2000-11-02 23:57:16', '1981-04-10 03:35:10');
INSERT INTO `Users_skills` (`user_id`, `skill_id`, `start_data`, `finish_data`) VALUES (136, 1, '1995-11-10 04:59:25', '2014-12-29 15:58:03');
INSERT INTO `Users_skills` (`user_id`, `skill_id`, `start_data`, `finish_data`) VALUES (126, 19, '1982-07-27 20:23:11', '1972-04-23 12:01:08');
INSERT INTO `Users_skills` (`user_id`, `skill_id`, `start_data`, `finish_data`) VALUES (14, 18, '2017-08-31 12:14:37', '2011-08-16 05:49:24');
INSERT INTO `Users_skills` (`user_id`, `skill_id`, `start_data`, `finish_data`) VALUES (240, 4, '1998-05-31 13:18:40', '1989-05-22 08:36:29');
INSERT INTO `Users_skills` (`user_id`, `skill_id`, `start_data`, `finish_data`) VALUES (207, 12, '1994-09-22 20:56:43', '2004-06-21 00:41:52');
INSERT INTO `Users_skills` (`user_id`, `skill_id`, `start_data`, `finish_data`) VALUES (164, 17, '1985-04-11 08:12:45', '1996-08-18 23:55:56');
INSERT INTO `Users_skills` (`user_id`, `skill_id`, `start_data`, `finish_data`) VALUES (103, 4, '1997-11-11 02:11:10', '1979-11-15 07:27:08');
INSERT INTO `Users_skills` (`user_id`, `skill_id`, `start_data`, `finish_data`) VALUES (321, 18, '2007-04-23 01:30:00', '2006-11-10 05:02:57');
INSERT INTO `Users_skills` (`user_id`, `skill_id`, `start_data`, `finish_data`) VALUES (54, 10, '1987-04-30 12:42:22', '2019-12-16 04:34:00');
INSERT INTO `Users_skills` (`user_id`, `skill_id`, `start_data`, `finish_data`) VALUES (399, 17, '1991-04-06 04:44:30', '1978-10-08 06:59:20');
INSERT INTO `Users_skills` (`user_id`, `skill_id`, `start_data`, `finish_data`) VALUES (108, 18, '2003-04-24 08:04:28', '1976-09-06 03:59:33');
INSERT INTO `Users_skills` (`user_id`, `skill_id`, `start_data`, `finish_data`) VALUES (377, 5, '1988-08-22 22:55:21', '1984-02-11 05:29:21');
INSERT INTO `Users_skills` (`user_id`, `skill_id`, `start_data`, `finish_data`) VALUES (109, 15, '1994-05-02 15:27:29', '2011-03-15 22:13:08');
INSERT INTO `Users_skills` (`user_id`, `skill_id`, `start_data`, `finish_data`) VALUES (287, 10, '1991-09-28 03:34:37', '2004-03-09 00:39:12');
INSERT INTO `Users_skills` (`user_id`, `skill_id`, `start_data`, `finish_data`) VALUES (8, 20, '2005-04-12 22:13:09', '2013-03-03 15:06:27');
INSERT INTO `Users_skills` (`user_id`, `skill_id`, `start_data`, `finish_data`) VALUES (191, 8, '1980-09-20 10:21:39', '1977-09-05 08:59:45');
INSERT INTO `Users_skills` (`user_id`, `skill_id`, `start_data`, `finish_data`) VALUES (400, 16, '1997-07-28 05:57:46', '1979-11-04 01:25:40');
INSERT INTO `Users_skills` (`user_id`, `skill_id`, `start_data`, `finish_data`) VALUES (112, 1, '1979-10-04 07:25:07', '2007-03-08 22:05:12');
INSERT INTO `Users_skills` (`user_id`, `skill_id`, `start_data`, `finish_data`) VALUES (264, 18, '1999-09-19 01:45:52', '2002-08-04 16:41:00');
INSERT INTO `Users_skills` (`user_id`, `skill_id`, `start_data`, `finish_data`) VALUES (79, 4, '1998-07-14 06:12:56', '2004-07-08 03:52:17');
INSERT INTO `Users_skills` (`user_id`, `skill_id`, `start_data`, `finish_data`) VALUES (188, 13, '2011-01-17 17:14:38', '1996-12-11 15:12:03');
INSERT INTO `Users_skills` (`user_id`, `skill_id`, `start_data`, `finish_data`) VALUES (1, 15, '1993-08-18 10:10:29', '2013-03-10 17:27:06');
INSERT INTO `Users_skills` (`user_id`, `skill_id`, `start_data`, `finish_data`) VALUES (322, 17, '2001-09-26 03:02:42', '1988-10-09 12:18:55');
INSERT INTO `Users_skills` (`user_id`, `skill_id`, `start_data`, `finish_data`) VALUES (249, 19, '2002-04-20 01:30:29', '2009-08-14 09:24:43');
INSERT INTO `Users_skills` (`user_id`, `skill_id`, `start_data`, `finish_data`) VALUES (115, 13, '1990-06-19 15:24:26', '2004-11-20 01:55:22');
INSERT INTO `Users_skills` (`user_id`, `skill_id`, `start_data`, `finish_data`) VALUES (309, 12, '2012-01-15 17:53:37', '2011-01-31 02:51:05');
INSERT INTO `Users_skills` (`user_id`, `skill_id`, `start_data`, `finish_data`) VALUES (190, 15, '2004-05-28 11:56:13', '1972-05-28 00:12:49');
INSERT INTO `Users_skills` (`user_id`, `skill_id`, `start_data`, `finish_data`) VALUES (321, 15, '1987-05-12 11:37:07', '1977-07-05 18:18:09');
INSERT INTO `Users_skills` (`user_id`, `skill_id`, `start_data`, `finish_data`) VALUES (168, 11, '2003-04-11 17:05:52', '2010-03-03 01:41:59');
INSERT INTO `Users_skills` (`user_id`, `skill_id`, `start_data`, `finish_data`) VALUES (83, 9, '2007-04-14 16:50:23', '1970-03-01 08:41:18');
INSERT INTO `Users_skills` (`user_id`, `skill_id`, `start_data`, `finish_data`) VALUES (193, 14, '1994-09-16 03:01:15', '2008-08-30 16:09:22');
INSERT INTO `Users_skills` (`user_id`, `skill_id`, `start_data`, `finish_data`) VALUES (318, 10, '1981-04-17 02:49:44', '1980-03-10 01:31:24');
INSERT INTO `Users_skills` (`user_id`, `skill_id`, `start_data`, `finish_data`) VALUES (190, 2, '1997-08-31 08:29:57', '1996-08-27 13:55:43');
INSERT INTO `Users_skills` (`user_id`, `skill_id`, `start_data`, `finish_data`) VALUES (206, 3, '1988-04-07 04:59:56', '1987-06-16 11:05:13');
INSERT INTO `Users_skills` (`user_id`, `skill_id`, `start_data`, `finish_data`) VALUES (381, 15, '2018-12-02 11:32:18', '1972-07-24 03:09:43');
INSERT INTO `Users_skills` (`user_id`, `skill_id`, `start_data`, `finish_data`) VALUES (125, 9, '2018-01-14 07:04:15', '1996-12-29 07:06:03');
INSERT INTO `Users_skills` (`user_id`, `skill_id`, `start_data`, `finish_data`) VALUES (126, 7, '2013-07-16 13:56:00', '1983-03-21 22:03:56');
INSERT INTO `Users_skills` (`user_id`, `skill_id`, `start_data`, `finish_data`) VALUES (57, 3, '1990-03-13 18:15:41', '1973-03-07 00:16:47');
INSERT INTO `Users_skills` (`user_id`, `skill_id`, `start_data`, `finish_data`) VALUES (46, 16, '1971-01-14 03:38:05', '1974-08-12 07:05:17');
INSERT INTO `Users_skills` (`user_id`, `skill_id`, `start_data`, `finish_data`) VALUES (21, 8, '2005-09-28 11:48:01', '1991-06-05 20:10:24');
INSERT INTO `Users_skills` (`user_id`, `skill_id`, `start_data`, `finish_data`) VALUES (152, 17, '1994-08-27 23:37:16', '2015-05-14 16:12:27');
INSERT INTO `Users_skills` (`user_id`, `skill_id`, `start_data`, `finish_data`) VALUES (383, 18, '1996-10-17 13:09:06', '1980-08-13 01:52:54');
INSERT INTO `Users_skills` (`user_id`, `skill_id`, `start_data`, `finish_data`) VALUES (215, 16, '2010-06-28 17:01:13', '2006-12-12 03:26:25');
INSERT INTO `Users_skills` (`user_id`, `skill_id`, `start_data`, `finish_data`) VALUES (241, 20, '1973-09-18 07:19:59', '1982-04-11 16:09:40');
INSERT INTO `Users_skills` (`user_id`, `skill_id`, `start_data`, `finish_data`) VALUES (110, 17, '1981-01-07 02:39:49', '1980-03-29 15:15:54');
INSERT INTO `Users_skills` (`user_id`, `skill_id`, `start_data`, `finish_data`) VALUES (158, 16, '1984-05-09 09:41:54', '2011-09-26 18:45:01');
INSERT INTO `Users_skills` (`user_id`, `skill_id`, `start_data`, `finish_data`) VALUES (196, 4, '1989-02-02 23:48:12', '1989-04-14 00:36:55');
INSERT INTO `Users_skills` (`user_id`, `skill_id`, `start_data`, `finish_data`) VALUES (93, 20, '1978-10-05 22:48:26', '2016-05-11 13:50:14');
INSERT INTO `Users_skills` (`user_id`, `skill_id`, `start_data`, `finish_data`) VALUES (105, 15, '1987-12-27 06:58:19', '1973-10-17 03:01:45');
INSERT INTO `Users_skills` (`user_id`, `skill_id`, `start_data`, `finish_data`) VALUES (40, 5, '1977-01-23 07:00:56', '2011-11-01 10:12:34');
INSERT INTO `Users_skills` (`user_id`, `skill_id`, `start_data`, `finish_data`) VALUES (183, 9, '2017-07-07 13:55:31', '1987-07-30 01:51:20');
INSERT INTO `Users_skills` (`user_id`, `skill_id`, `start_data`, `finish_data`) VALUES (253, 16, '1985-02-03 19:29:17', '2001-11-06 15:27:04');
INSERT INTO `Users_skills` (`user_id`, `skill_id`, `start_data`, `finish_data`) VALUES (289, 16, '1972-04-22 17:03:23', '1990-06-09 22:39:03');
INSERT INTO `Users_skills` (`user_id`, `skill_id`, `start_data`, `finish_data`) VALUES (355, 17, '2017-06-26 20:23:21', '1973-08-12 04:45:41');
INSERT INTO `Users_skills` (`user_id`, `skill_id`, `start_data`, `finish_data`) VALUES (215, 19, '1992-03-06 15:09:03', '2013-05-09 06:46:41');
INSERT INTO `Users_skills` (`user_id`, `skill_id`, `start_data`, `finish_data`) VALUES (94, 19, '2000-02-21 13:20:50', '2011-02-19 05:14:29');
INSERT INTO `Users_skills` (`user_id`, `skill_id`, `start_data`, `finish_data`) VALUES (305, 4, '2017-07-25 06:13:35', '1989-09-24 06:28:24');
INSERT INTO `Users_skills` (`user_id`, `skill_id`, `start_data`, `finish_data`) VALUES (308, 6, '1982-01-06 09:54:10', '2006-04-29 10:09:05');
INSERT INTO `Users_skills` (`user_id`, `skill_id`, `start_data`, `finish_data`) VALUES (379, 8, '2010-11-13 12:59:33', '2011-12-03 20:24:27');
INSERT INTO `Users_skills` (`user_id`, `skill_id`, `start_data`, `finish_data`) VALUES (102, 5, '2011-04-05 16:24:02', '2004-02-09 07:30:06');
INSERT INTO `Users_skills` (`user_id`, `skill_id`, `start_data`, `finish_data`) VALUES (71, 13, '2013-04-24 21:56:47', '1973-08-01 23:09:51');
INSERT INTO `Users_skills` (`user_id`, `skill_id`, `start_data`, `finish_data`) VALUES (389, 14, '1983-02-05 17:15:27', '2013-10-21 04:47:00');
INSERT INTO `Users_skills` (`user_id`, `skill_id`, `start_data`, `finish_data`) VALUES (336, 5, '1983-11-30 05:44:20', '2002-04-07 09:19:13');
INSERT INTO `Users_skills` (`user_id`, `skill_id`, `start_data`, `finish_data`) VALUES (253, 2, '1972-07-25 06:21:36', '2004-05-03 04:44:34');
INSERT INTO `Users_skills` (`user_id`, `skill_id`, `start_data`, `finish_data`) VALUES (380, 15, '2003-03-17 22:51:19', '1996-06-08 20:58:36');
INSERT INTO `Users_skills` (`user_id`, `skill_id`, `start_data`, `finish_data`) VALUES (125, 9, '2012-12-22 18:33:28', '1977-09-28 22:59:01');
INSERT INTO `Users_skills` (`user_id`, `skill_id`, `start_data`, `finish_data`) VALUES (56, 19, '1974-11-21 13:00:03', '2003-11-14 04:09:16');
INSERT INTO `Users_skills` (`user_id`, `skill_id`, `start_data`, `finish_data`) VALUES (70, 18, '1990-09-15 20:55:53', '2007-04-08 04:46:32');
INSERT INTO `Users_skills` (`user_id`, `skill_id`, `start_data`, `finish_data`) VALUES (286, 2, '1999-03-04 22:20:49', '1990-10-02 22:20:29');
INSERT INTO `Users_skills` (`user_id`, `skill_id`, `start_data`, `finish_data`) VALUES (278, 5, '2004-01-19 12:39:17', '2002-07-22 12:19:16');
INSERT INTO `Users_skills` (`user_id`, `skill_id`, `start_data`, `finish_data`) VALUES (399, 19, '1972-08-08 07:50:29', '2004-05-23 23:51:16');
INSERT INTO `Users_skills` (`user_id`, `skill_id`, `start_data`, `finish_data`) VALUES (66, 16, '2011-11-15 05:56:53', '2015-02-02 12:20:23');
INSERT INTO `Users_skills` (`user_id`, `skill_id`, `start_data`, `finish_data`) VALUES (48, 19, '1981-05-28 16:34:26', '1972-09-24 10:10:49');
INSERT INTO `Users_skills` (`user_id`, `skill_id`, `start_data`, `finish_data`) VALUES (23, 2, '1999-01-30 22:37:32', '1981-06-10 20:24:33');
INSERT INTO `Users_skills` (`user_id`, `skill_id`, `start_data`, `finish_data`) VALUES (122, 7, '1996-06-06 18:40:55', '1989-08-07 01:01:52');
INSERT INTO `Users_skills` (`user_id`, `skill_id`, `start_data`, `finish_data`) VALUES (114, 10, '1999-07-16 23:10:00', '2009-07-26 11:23:32');
INSERT INTO `Users_skills` (`user_id`, `skill_id`, `start_data`, `finish_data`) VALUES (385, 6, '2015-07-02 19:18:46', '1989-11-25 03:58:12');
INSERT INTO `Users_skills` (`user_id`, `skill_id`, `start_data`, `finish_data`) VALUES (60, 16, '2014-09-18 12:27:47', '2008-12-08 07:43:09');
INSERT INTO `Users_skills` (`user_id`, `skill_id`, `start_data`, `finish_data`) VALUES (184, 16, '2012-04-18 14:28:35', '1990-03-03 12:14:43');
INSERT INTO `Users_skills` (`user_id`, `skill_id`, `start_data`, `finish_data`) VALUES (360, 9, '1982-01-25 03:31:07', '2017-12-03 14:37:21');
INSERT INTO `Users_skills` (`user_id`, `skill_id`, `start_data`, `finish_data`) VALUES (204, 5, '1972-11-08 10:58:57', '1982-10-17 15:13:15');
INSERT INTO `Users_skills` (`user_id`, `skill_id`, `start_data`, `finish_data`) VALUES (326, 13, '1974-04-15 12:39:28', '1980-07-23 17:30:51');
INSERT INTO `Users_skills` (`user_id`, `skill_id`, `start_data`, `finish_data`) VALUES (61, 20, '1978-04-18 12:41:04', '2018-07-21 04:11:16');
INSERT INTO `Users_skills` (`user_id`, `skill_id`, `start_data`, `finish_data`) VALUES (204, 18, '2004-12-02 10:56:06', '2017-08-24 03:10:36');
INSERT INTO `Users_skills` (`user_id`, `skill_id`, `start_data`, `finish_data`) VALUES (19, 5, '1990-06-10 21:20:12', '2006-09-24 03:43:27');
INSERT INTO `Users_skills` (`user_id`, `skill_id`, `start_data`, `finish_data`) VALUES (46, 1, '1977-10-13 12:55:57', '2009-08-15 10:36:09');
INSERT INTO `Users_skills` (`user_id`, `skill_id`, `start_data`, `finish_data`) VALUES (54, 6, '1975-05-17 16:35:49', '1985-02-14 13:56:32');
INSERT INTO `Users_skills` (`user_id`, `skill_id`, `start_data`, `finish_data`) VALUES (322, 6, '2003-03-22 04:43:01', '2014-10-21 14:18:16');
INSERT INTO `Users_skills` (`user_id`, `skill_id`, `start_data`, `finish_data`) VALUES (86, 18, '2011-10-07 06:25:20', '1982-03-30 09:47:19');
INSERT INTO `Users_skills` (`user_id`, `skill_id`, `start_data`, `finish_data`) VALUES (127, 11, '1978-09-29 02:08:35', '1971-11-28 04:23:58');
INSERT INTO `Users_skills` (`user_id`, `skill_id`, `start_data`, `finish_data`) VALUES (69, 12, '2013-01-15 08:54:05', '1984-04-03 21:37:36');
INSERT INTO `Users_skills` (`user_id`, `skill_id`, `start_data`, `finish_data`) VALUES (399, 3, '2011-05-03 14:59:26', '2000-07-18 10:29:12');
INSERT INTO `Users_skills` (`user_id`, `skill_id`, `start_data`, `finish_data`) VALUES (342, 3, '1999-05-15 03:24:36', '1981-03-27 00:47:23');
INSERT INTO `Users_skills` (`user_id`, `skill_id`, `start_data`, `finish_data`) VALUES (373, 7, '2011-02-23 06:30:59', '2013-02-16 23:34:03');
INSERT INTO `Users_skills` (`user_id`, `skill_id`, `start_data`, `finish_data`) VALUES (370, 17, '2012-03-13 08:08:53', '1973-05-25 18:22:45');
INSERT INTO `Users_skills` (`user_id`, `skill_id`, `start_data`, `finish_data`) VALUES (289, 9, '1988-01-23 04:21:44', '1971-02-03 19:27:28');
INSERT INTO `Users_skills` (`user_id`, `skill_id`, `start_data`, `finish_data`) VALUES (17, 11, '1977-03-16 18:33:49', '2000-07-23 10:16:15');
INSERT INTO `Users_skills` (`user_id`, `skill_id`, `start_data`, `finish_data`) VALUES (33, 4, '2003-12-23 13:59:04', '1979-06-25 18:39:54');
INSERT INTO `Users_skills` (`user_id`, `skill_id`, `start_data`, `finish_data`) VALUES (210, 12, '2018-01-12 11:50:18', '1980-09-24 23:36:22');
INSERT INTO `Users_skills` (`user_id`, `skill_id`, `start_data`, `finish_data`) VALUES (23, 12, '1982-06-24 15:18:50', '1975-11-07 03:25:56');
INSERT INTO `Users_skills` (`user_id`, `skill_id`, `start_data`, `finish_data`) VALUES (318, 4, '1982-03-24 12:45:36', '1996-09-13 21:06:36');
INSERT INTO `Users_skills` (`user_id`, `skill_id`, `start_data`, `finish_data`) VALUES (246, 19, '2007-04-28 16:05:56', '1999-04-03 17:45:08');
INSERT INTO `Users_skills` (`user_id`, `skill_id`, `start_data`, `finish_data`) VALUES (181, 9, '2006-08-12 20:24:30', '1998-10-05 20:50:15');
INSERT INTO `Users_skills` (`user_id`, `skill_id`, `start_data`, `finish_data`) VALUES (72, 14, '1977-04-05 05:18:14', '2018-10-29 05:21:57');
INSERT INTO `Users_skills` (`user_id`, `skill_id`, `start_data`, `finish_data`) VALUES (111, 10, '1975-06-15 04:24:27', '1998-02-19 16:33:19');
INSERT INTO `Users_skills` (`user_id`, `skill_id`, `start_data`, `finish_data`) VALUES (72, 9, '1974-01-30 03:26:09', '1997-12-03 01:29:32');
INSERT INTO `Users_skills` (`user_id`, `skill_id`, `start_data`, `finish_data`) VALUES (38, 4, '1989-02-01 13:12:20', '1973-12-14 07:09:54');
INSERT INTO `Users_skills` (`user_id`, `skill_id`, `start_data`, `finish_data`) VALUES (233, 19, '1981-11-28 16:20:28', '2001-09-15 13:56:18');
INSERT INTO `Users_skills` (`user_id`, `skill_id`, `start_data`, `finish_data`) VALUES (129, 11, '1987-12-16 14:36:11', '1975-08-28 14:25:56');
INSERT INTO `Users_skills` (`user_id`, `skill_id`, `start_data`, `finish_data`) VALUES (104, 5, '2008-03-03 23:31:20', '1992-08-09 20:22:38');
INSERT INTO `Users_skills` (`user_id`, `skill_id`, `start_data`, `finish_data`) VALUES (138, 20, '1974-07-02 12:54:23', '2007-01-13 12:58:37');
INSERT INTO `Users_skills` (`user_id`, `skill_id`, `start_data`, `finish_data`) VALUES (272, 8, '2015-06-18 09:18:29', '1997-07-17 17:47:49');
INSERT INTO `Users_skills` (`user_id`, `skill_id`, `start_data`, `finish_data`) VALUES (206, 16, '1974-05-26 05:26:27', '2008-09-07 07:47:04');
INSERT INTO `Users_skills` (`user_id`, `skill_id`, `start_data`, `finish_data`) VALUES (231, 1, '1982-12-15 03:18:00', '1975-04-24 08:27:46');
INSERT INTO `Users_skills` (`user_id`, `skill_id`, `start_data`, `finish_data`) VALUES (141, 13, '1973-03-20 06:58:58', '2010-03-11 17:27:59');
INSERT INTO `Users_skills` (`user_id`, `skill_id`, `start_data`, `finish_data`) VALUES (243, 3, '1990-09-13 02:32:59', '1978-10-17 01:34:22');
INSERT INTO `Users_skills` (`user_id`, `skill_id`, `start_data`, `finish_data`) VALUES (323, 5, '1991-10-03 00:31:28', '1987-06-07 21:03:38');
INSERT INTO `Users_skills` (`user_id`, `skill_id`, `start_data`, `finish_data`) VALUES (30, 6, '1980-02-10 16:23:56', '2018-03-19 00:42:23');
INSERT INTO `Users_skills` (`user_id`, `skill_id`, `start_data`, `finish_data`) VALUES (256, 6, '1978-12-12 04:16:10', '2006-09-28 15:38:11');
INSERT INTO `Users_skills` (`user_id`, `skill_id`, `start_data`, `finish_data`) VALUES (368, 19, '2018-10-31 18:00:31', '1980-07-05 13:40:46');
INSERT INTO `Users_skills` (`user_id`, `skill_id`, `start_data`, `finish_data`) VALUES (299, 2, '1970-03-30 04:06:12', '1989-03-27 02:14:55');
INSERT INTO `Users_skills` (`user_id`, `skill_id`, `start_data`, `finish_data`) VALUES (146, 17, '1991-07-03 22:01:45', '2014-12-21 10:41:28');
INSERT INTO `Users_skills` (`user_id`, `skill_id`, `start_data`, `finish_data`) VALUES (110, 19, '1997-02-14 23:49:23', '2004-12-08 01:28:52');
INSERT INTO `Users_skills` (`user_id`, `skill_id`, `start_data`, `finish_data`) VALUES (316, 12, '2001-09-25 06:22:13', '2010-07-14 17:38:50');
INSERT INTO `Users_skills` (`user_id`, `skill_id`, `start_data`, `finish_data`) VALUES (185, 1, '1982-06-03 09:46:10', '2004-12-14 03:24:52');
INSERT INTO `Users_skills` (`user_id`, `skill_id`, `start_data`, `finish_data`) VALUES (337, 17, '1993-08-21 05:56:26', '2008-08-30 00:12:25');
INSERT INTO `Users_skills` (`user_id`, `skill_id`, `start_data`, `finish_data`) VALUES (11, 11, '1982-09-29 10:11:12', '1991-03-29 02:31:20');
INSERT INTO `Users_skills` (`user_id`, `skill_id`, `start_data`, `finish_data`) VALUES (76, 11, '2002-11-06 19:23:27', '2013-05-14 20:03:44');
INSERT INTO `Users_skills` (`user_id`, `skill_id`, `start_data`, `finish_data`) VALUES (113, 16, '1998-12-25 04:31:29', '1983-09-08 23:59:49');
INSERT INTO `Users_skills` (`user_id`, `skill_id`, `start_data`, `finish_data`) VALUES (231, 13, '1972-11-27 22:04:33', '1978-11-20 18:18:34');
INSERT INTO `Users_skills` (`user_id`, `skill_id`, `start_data`, `finish_data`) VALUES (161, 4, '1972-03-02 10:52:42', '1985-06-25 14:55:46');
INSERT INTO `Users_skills` (`user_id`, `skill_id`, `start_data`, `finish_data`) VALUES (312, 5, '2003-05-15 16:53:13', '1980-05-02 21:06:55');
INSERT INTO `Users_skills` (`user_id`, `skill_id`, `start_data`, `finish_data`) VALUES (162, 18, '2012-07-03 09:59:06', '1970-08-18 12:53:28');
INSERT INTO `Users_skills` (`user_id`, `skill_id`, `start_data`, `finish_data`) VALUES (185, 1, '2018-01-23 19:43:26', '2017-07-19 06:05:02');
INSERT INTO `Users_skills` (`user_id`, `skill_id`, `start_data`, `finish_data`) VALUES (42, 8, '1974-05-08 10:12:01', '1999-11-10 00:31:36');
INSERT INTO `Users_skills` (`user_id`, `skill_id`, `start_data`, `finish_data`) VALUES (383, 18, '1992-03-28 03:21:53', '2005-03-06 06:59:17');
INSERT INTO `Users_skills` (`user_id`, `skill_id`, `start_data`, `finish_data`) VALUES (192, 7, '1981-08-19 22:01:03', '2005-04-18 23:18:36');
INSERT INTO `Users_skills` (`user_id`, `skill_id`, `start_data`, `finish_data`) VALUES (277, 16, '2014-07-21 09:09:30', '2014-03-29 15:51:38');
INSERT INTO `Users_skills` (`user_id`, `skill_id`, `start_data`, `finish_data`) VALUES (107, 10, '1987-05-27 17:46:10', '1974-11-10 05:50:40');
INSERT INTO `Users_skills` (`user_id`, `skill_id`, `start_data`, `finish_data`) VALUES (141, 15, '1999-05-03 20:43:12', '1978-10-06 23:41:34');
INSERT INTO `Users_skills` (`user_id`, `skill_id`, `start_data`, `finish_data`) VALUES (211, 4, '1975-06-06 08:40:41', '1979-05-17 10:06:20');
INSERT INTO `Users_skills` (`user_id`, `skill_id`, `start_data`, `finish_data`) VALUES (213, 12, '1979-03-09 10:18:45', '2018-12-25 02:29:09');
INSERT INTO `Users_skills` (`user_id`, `skill_id`, `start_data`, `finish_data`) VALUES (285, 15, '2012-01-22 23:31:49', '2006-08-17 22:19:07');
INSERT INTO `Users_skills` (`user_id`, `skill_id`, `start_data`, `finish_data`) VALUES (38, 20, '1986-12-09 21:14:02', '2000-03-15 06:14:11');
INSERT INTO `Users_skills` (`user_id`, `skill_id`, `start_data`, `finish_data`) VALUES (196, 14, '2017-02-08 08:46:34', '2000-11-20 20:40:14');
INSERT INTO `Users_skills` (`user_id`, `skill_id`, `start_data`, `finish_data`) VALUES (250, 18, '1970-08-11 13:43:34', '2013-06-03 22:40:06');
INSERT INTO `Users_skills` (`user_id`, `skill_id`, `start_data`, `finish_data`) VALUES (341, 9, '1995-04-08 06:25:08', '1997-10-21 11:12:37');
INSERT INTO `Users_skills` (`user_id`, `skill_id`, `start_data`, `finish_data`) VALUES (38, 6, '2006-04-24 08:11:16', '2017-07-15 19:48:59');
INSERT INTO `Users_skills` (`user_id`, `skill_id`, `start_data`, `finish_data`) VALUES (102, 12, '1978-06-05 00:43:09', '1995-02-16 20:56:02');
INSERT INTO `Users_skills` (`user_id`, `skill_id`, `start_data`, `finish_data`) VALUES (120, 8, '2013-08-26 09:14:11', '1993-04-05 12:39:40');
INSERT INTO `Users_skills` (`user_id`, `skill_id`, `start_data`, `finish_data`) VALUES (375, 6, '1990-01-11 02:41:41', '2018-03-05 16:29:43');
INSERT INTO `Users_skills` (`user_id`, `skill_id`, `start_data`, `finish_data`) VALUES (83, 9, '1991-04-19 18:00:57', '1971-02-12 05:21:50');
INSERT INTO `Users_skills` (`user_id`, `skill_id`, `start_data`, `finish_data`) VALUES (230, 18, '2012-04-09 08:31:36', '2013-09-06 01:01:31');
INSERT INTO `Users_skills` (`user_id`, `skill_id`, `start_data`, `finish_data`) VALUES (69, 17, '2007-11-10 17:55:52', '2013-05-22 23:06:30');
INSERT INTO `Users_skills` (`user_id`, `skill_id`, `start_data`, `finish_data`) VALUES (152, 11, '2002-04-13 07:02:08', '1978-03-30 02:36:33');
INSERT INTO `Users_skills` (`user_id`, `skill_id`, `start_data`, `finish_data`) VALUES (227, 19, '2000-01-21 14:57:39', '1993-10-23 08:22:18');
INSERT INTO `Users_skills` (`user_id`, `skill_id`, `start_data`, `finish_data`) VALUES (286, 2, '1974-12-23 20:45:40', '2019-05-25 06:45:41');
INSERT INTO `Users_skills` (`user_id`, `skill_id`, `start_data`, `finish_data`) VALUES (183, 9, '1971-07-18 04:24:52', '1982-06-11 04:30:21');
INSERT INTO `Users_skills` (`user_id`, `skill_id`, `start_data`, `finish_data`) VALUES (328, 11, '2012-12-27 20:46:14', '1986-08-02 10:40:07');
INSERT INTO `Users_skills` (`user_id`, `skill_id`, `start_data`, `finish_data`) VALUES (167, 7, '1996-11-12 21:06:30', '1981-12-30 15:50:37');
INSERT INTO `Users_skills` (`user_id`, `skill_id`, `start_data`, `finish_data`) VALUES (88, 1, '1977-12-12 00:06:53', '2009-01-15 12:56:41');
INSERT INTO `Users_skills` (`user_id`, `skill_id`, `start_data`, `finish_data`) VALUES (79, 2, '2013-11-07 09:07:54', '2016-05-21 08:12:11');
INSERT INTO `Users_skills` (`user_id`, `skill_id`, `start_data`, `finish_data`) VALUES (178, 6, '1981-01-10 09:16:05', '2007-01-31 22:42:47');
INSERT INTO `Users_skills` (`user_id`, `skill_id`, `start_data`, `finish_data`) VALUES (131, 14, '1991-11-02 06:49:51', '1980-02-13 21:37:21');
INSERT INTO `Users_skills` (`user_id`, `skill_id`, `start_data`, `finish_data`) VALUES (339, 13, '1986-11-09 05:11:33', '1980-01-17 21:16:34');
INSERT INTO `Users_skills` (`user_id`, `skill_id`, `start_data`, `finish_data`) VALUES (22, 16, '2016-07-10 12:34:25', '1992-08-03 02:39:52');
INSERT INTO `Users_skills` (`user_id`, `skill_id`, `start_data`, `finish_data`) VALUES (352, 6, '2017-02-10 03:36:39', '1998-11-24 16:04:38');
INSERT INTO `Users_skills` (`user_id`, `skill_id`, `start_data`, `finish_data`) VALUES (81, 10, '1980-08-22 05:29:10', '1975-08-18 21:41:19');
INSERT INTO `Users_skills` (`user_id`, `skill_id`, `start_data`, `finish_data`) VALUES (64, 8, '2002-02-04 06:38:13', '1975-06-15 12:45:50');
INSERT INTO `Users_skills` (`user_id`, `skill_id`, `start_data`, `finish_data`) VALUES (118, 11, '1993-03-15 09:56:14', '1994-08-14 21:26:58');
INSERT INTO `Users_skills` (`user_id`, `skill_id`, `start_data`, `finish_data`) VALUES (357, 18, '1981-06-18 01:00:37', '2006-10-09 04:11:43');
INSERT INTO `Users_skills` (`user_id`, `skill_id`, `start_data`, `finish_data`) VALUES (176, 13, '2014-06-17 12:07:39', '1996-04-02 10:00:24');
INSERT INTO `Users_skills` (`user_id`, `skill_id`, `start_data`, `finish_data`) VALUES (385, 18, '2004-05-08 11:51:58', '2009-09-13 04:32:56');
INSERT INTO `Users_skills` (`user_id`, `skill_id`, `start_data`, `finish_data`) VALUES (12, 16, '1996-04-11 06:42:53', '1993-08-22 11:34:30');
INSERT INTO `Users_skills` (`user_id`, `skill_id`, `start_data`, `finish_data`) VALUES (178, 9, '1987-03-31 05:07:02', '1982-09-10 00:23:15');
INSERT INTO `Users_skills` (`user_id`, `skill_id`, `start_data`, `finish_data`) VALUES (36, 14, '1980-05-26 16:50:29', '2000-02-25 06:27:50');
INSERT INTO `Users_skills` (`user_id`, `skill_id`, `start_data`, `finish_data`) VALUES (196, 6, '2018-02-07 13:02:20', '2018-10-25 06:54:15');
INSERT INTO `Users_skills` (`user_id`, `skill_id`, `start_data`, `finish_data`) VALUES (294, 19, '1974-06-04 19:08:35', '2019-11-07 06:44:28');
INSERT INTO `Users_skills` (`user_id`, `skill_id`, `start_data`, `finish_data`) VALUES (230, 2, '2007-02-26 20:03:57', '1978-02-12 00:04:46');
INSERT INTO `Users_skills` (`user_id`, `skill_id`, `start_data`, `finish_data`) VALUES (252, 9, '1977-08-07 22:32:00', '1982-06-17 09:20:56');
INSERT INTO `Users_skills` (`user_id`, `skill_id`, `start_data`, `finish_data`) VALUES (274, 14, '2019-11-18 01:12:59', '2012-02-15 18:49:45');
INSERT INTO `Users_skills` (`user_id`, `skill_id`, `start_data`, `finish_data`) VALUES (82, 12, '2013-07-29 01:17:49', '1981-07-24 15:52:50');
INSERT INTO `Users_skills` (`user_id`, `skill_id`, `start_data`, `finish_data`) VALUES (377, 9, '1971-09-14 21:35:19', '2013-10-08 04:48:46');
INSERT INTO `Users_skills` (`user_id`, `skill_id`, `start_data`, `finish_data`) VALUES (7, 2, '2013-04-23 08:20:46', '1995-04-09 21:21:03');
INSERT INTO `Users_skills` (`user_id`, `skill_id`, `start_data`, `finish_data`) VALUES (311, 7, '2013-11-26 17:58:46', '2015-02-13 07:18:10');
INSERT INTO `Users_skills` (`user_id`, `skill_id`, `start_data`, `finish_data`) VALUES (255, 14, '2011-10-12 18:07:24', '1985-06-16 19:16:46');
INSERT INTO `Users_skills` (`user_id`, `skill_id`, `start_data`, `finish_data`) VALUES (70, 2, '1997-08-05 22:33:13', '1988-02-10 22:49:22');
INSERT INTO `Users_skills` (`user_id`, `skill_id`, `start_data`, `finish_data`) VALUES (110, 3, '1987-09-18 06:17:52', '2015-06-24 23:51:23');
INSERT INTO `Users_skills` (`user_id`, `skill_id`, `start_data`, `finish_data`) VALUES (389, 7, '1987-11-05 04:46:00', '1980-06-18 04:18:32');
INSERT INTO `Users_skills` (`user_id`, `skill_id`, `start_data`, `finish_data`) VALUES (366, 9, '2003-01-24 02:27:20', '1986-07-10 05:31:19');
INSERT INTO `Users_skills` (`user_id`, `skill_id`, `start_data`, `finish_data`) VALUES (300, 1, '1976-04-20 11:12:43', '2014-07-05 16:08:08');
INSERT INTO `Users_skills` (`user_id`, `skill_id`, `start_data`, `finish_data`) VALUES (31, 5, '1973-11-11 00:04:17', '1996-10-22 20:33:45');
INSERT INTO `Users_skills` (`user_id`, `skill_id`, `start_data`, `finish_data`) VALUES (115, 17, '2007-01-22 17:42:54', '2004-03-16 04:56:39');
INSERT INTO `Users_skills` (`user_id`, `skill_id`, `start_data`, `finish_data`) VALUES (69, 18, '2003-10-17 23:28:49', '2018-01-28 07:58:09');
INSERT INTO `Users_skills` (`user_id`, `skill_id`, `start_data`, `finish_data`) VALUES (348, 16, '1973-08-17 20:19:56', '1988-01-10 18:04:34');
INSERT INTO `Users_skills` (`user_id`, `skill_id`, `start_data`, `finish_data`) VALUES (112, 12, '2012-10-03 06:19:35', '1976-07-02 16:11:51');
INSERT INTO `Users_skills` (`user_id`, `skill_id`, `start_data`, `finish_data`) VALUES (193, 10, '1972-03-23 10:07:04', '1978-09-28 16:17:26');
INSERT INTO `Users_skills` (`user_id`, `skill_id`, `start_data`, `finish_data`) VALUES (47, 9, '1976-12-05 00:33:42', '1985-01-13 07:35:50');
INSERT INTO `Users_skills` (`user_id`, `skill_id`, `start_data`, `finish_data`) VALUES (355, 3, '1995-12-25 00:59:10', '2004-08-29 19:20:05');
INSERT INTO `Users_skills` (`user_id`, `skill_id`, `start_data`, `finish_data`) VALUES (209, 14, '1993-01-16 21:30:23', '1977-09-16 14:12:52');
INSERT INTO `Users_skills` (`user_id`, `skill_id`, `start_data`, `finish_data`) VALUES (178, 4, '1978-04-27 04:36:42', '2011-04-11 03:46:41');
INSERT INTO `Users_skills` (`user_id`, `skill_id`, `start_data`, `finish_data`) VALUES (132, 13, '1980-09-15 20:35:26', '1995-03-21 23:14:06');
INSERT INTO `Users_skills` (`user_id`, `skill_id`, `start_data`, `finish_data`) VALUES (93, 13, '1994-02-07 03:58:48', '1972-09-03 04:59:14');
INSERT INTO `Users_skills` (`user_id`, `skill_id`, `start_data`, `finish_data`) VALUES (302, 5, '1975-05-11 09:37:10', '1983-10-01 21:21:47');
INSERT INTO `Users_skills` (`user_id`, `skill_id`, `start_data`, `finish_data`) VALUES (362, 14, '2008-05-01 21:58:21', '2012-11-06 22:38:01');
INSERT INTO `Users_skills` (`user_id`, `skill_id`, `start_data`, `finish_data`) VALUES (247, 14, '2007-11-18 01:21:59', '2009-01-19 01:34:04');
INSERT INTO `Users_skills` (`user_id`, `skill_id`, `start_data`, `finish_data`) VALUES (268, 14, '1989-09-18 02:53:08', '2009-09-22 10:26:37');
INSERT INTO `Users_skills` (`user_id`, `skill_id`, `start_data`, `finish_data`) VALUES (357, 20, '2013-12-09 07:01:44', '2014-08-16 15:37:44');
INSERT INTO `Users_skills` (`user_id`, `skill_id`, `start_data`, `finish_data`) VALUES (202, 2, '1983-12-16 16:39:07', '1985-10-22 13:19:49');
INSERT INTO `Users_skills` (`user_id`, `skill_id`, `start_data`, `finish_data`) VALUES (326, 8, '1978-09-04 07:14:19', '2013-09-04 04:55:36');
INSERT INTO `Users_skills` (`user_id`, `skill_id`, `start_data`, `finish_data`) VALUES (345, 2, '1983-03-07 11:11:36', '1985-09-15 08:52:29');
INSERT INTO `Users_skills` (`user_id`, `skill_id`, `start_data`, `finish_data`) VALUES (371, 7, '1989-08-01 14:39:06', '1980-01-07 03:20:33');
INSERT INTO `Users_skills` (`user_id`, `skill_id`, `start_data`, `finish_data`) VALUES (230, 1, '2019-10-14 12:11:13', '1994-09-12 00:31:13');
INSERT INTO `Users_skills` (`user_id`, `skill_id`, `start_data`, `finish_data`) VALUES (306, 10, '2009-02-22 21:55:33', '1995-01-08 23:43:36');
INSERT INTO `Users_skills` (`user_id`, `skill_id`, `start_data`, `finish_data`) VALUES (71, 6, '2011-05-21 07:23:38', '2006-10-02 04:30:00');
INSERT INTO `Users_skills` (`user_id`, `skill_id`, `start_data`, `finish_data`) VALUES (49, 13, '2006-10-01 13:46:22', '1977-07-06 22:50:00');
INSERT INTO `Users_skills` (`user_id`, `skill_id`, `start_data`, `finish_data`) VALUES (177, 10, '2007-10-01 09:54:31', '2007-11-26 23:44:50');
INSERT INTO `Users_skills` (`user_id`, `skill_id`, `start_data`, `finish_data`) VALUES (96, 14, '1977-09-10 13:53:18', '2006-01-09 03:45:55');
INSERT INTO `Users_skills` (`user_id`, `skill_id`, `start_data`, `finish_data`) VALUES (22, 20, '1987-12-16 07:50:38', '1998-08-17 17:47:14');
INSERT INTO `Users_skills` (`user_id`, `skill_id`, `start_data`, `finish_data`) VALUES (350, 20, '2006-05-19 07:20:19', '2015-08-01 10:46:04');
INSERT INTO `Users_skills` (`user_id`, `skill_id`, `start_data`, `finish_data`) VALUES (264, 10, '1976-12-08 08:12:26', '2012-10-02 05:58:14');
INSERT INTO `Users_skills` (`user_id`, `skill_id`, `start_data`, `finish_data`) VALUES (245, 7, '1991-02-26 10:28:45', '2012-07-31 22:50:47');
INSERT INTO `Users_skills` (`user_id`, `skill_id`, `start_data`, `finish_data`) VALUES (74, 11, '2003-07-08 01:18:00', '2004-09-12 02:11:33');
INSERT INTO `Users_skills` (`user_id`, `skill_id`, `start_data`, `finish_data`) VALUES (114, 14, '2011-05-31 11:51:37', '2000-06-12 14:35:45');
INSERT INTO `Users_skills` (`user_id`, `skill_id`, `start_data`, `finish_data`) VALUES (226, 2, '1991-12-23 14:33:41', '1996-05-11 15:32:50');
INSERT INTO `Users_skills` (`user_id`, `skill_id`, `start_data`, `finish_data`) VALUES (25, 9, '1983-03-13 10:30:17', '2007-09-21 06:30:34');
INSERT INTO `Users_skills` (`user_id`, `skill_id`, `start_data`, `finish_data`) VALUES (77, 20, '1977-12-01 18:18:14', '1974-08-15 21:03:28');
INSERT INTO `Users_skills` (`user_id`, `skill_id`, `start_data`, `finish_data`) VALUES (307, 16, '1986-07-18 11:01:43', '2018-08-24 20:19:34');
INSERT INTO `Users_skills` (`user_id`, `skill_id`, `start_data`, `finish_data`) VALUES (13, 11, '2017-12-04 13:46:36', '1979-02-27 02:07:10');
INSERT INTO `Users_skills` (`user_id`, `skill_id`, `start_data`, `finish_data`) VALUES (91, 5, '1978-10-09 12:13:01', '1970-08-27 12:23:19');
INSERT INTO `Users_skills` (`user_id`, `skill_id`, `start_data`, `finish_data`) VALUES (326, 7, '1996-01-10 04:45:58', '1985-09-19 07:03:18');
INSERT INTO `Users_skills` (`user_id`, `skill_id`, `start_data`, `finish_data`) VALUES (332, 6, '1996-02-15 20:41:44', '1995-12-13 03:06:43');
INSERT INTO `Users_skills` (`user_id`, `skill_id`, `start_data`, `finish_data`) VALUES (320, 2, '2015-07-06 04:51:05', '2012-08-06 18:54:42');
INSERT INTO `Users_skills` (`user_id`, `skill_id`, `start_data`, `finish_data`) VALUES (371, 18, '2015-03-15 23:36:49', '1997-05-03 15:55:04');
INSERT INTO `Users_skills` (`user_id`, `skill_id`, `start_data`, `finish_data`) VALUES (24, 16, '1979-02-24 22:46:44', '1999-03-14 18:58:18');
INSERT INTO `Users_skills` (`user_id`, `skill_id`, `start_data`, `finish_data`) VALUES (324, 15, '2000-06-09 02:19:24', '2012-12-08 22:30:48');
INSERT INTO `Users_skills` (`user_id`, `skill_id`, `start_data`, `finish_data`) VALUES (116, 9, '1997-02-21 18:35:14', '1999-12-07 19:43:09');
INSERT INTO `Users_skills` (`user_id`, `skill_id`, `start_data`, `finish_data`) VALUES (19, 10, '1980-05-25 00:48:45', '1986-05-25 16:45:54');
INSERT INTO `Users_skills` (`user_id`, `skill_id`, `start_data`, `finish_data`) VALUES (369, 7, '1990-10-12 12:26:02', '1989-03-28 15:45:36');
INSERT INTO `Users_skills` (`user_id`, `skill_id`, `start_data`, `finish_data`) VALUES (65, 10, '2019-11-11 06:26:24', '2004-10-10 02:17:26');
INSERT INTO `Users_skills` (`user_id`, `skill_id`, `start_data`, `finish_data`) VALUES (172, 5, '2014-11-20 00:56:46', '2014-10-12 11:59:13');
INSERT INTO `Users_skills` (`user_id`, `skill_id`, `start_data`, `finish_data`) VALUES (365, 13, '1973-01-04 21:37:30', '1974-02-26 06:48:37');
INSERT INTO `Users_skills` (`user_id`, `skill_id`, `start_data`, `finish_data`) VALUES (85, 14, '1973-02-22 03:55:01', '1989-08-16 01:23:00');
INSERT INTO `Users_skills` (`user_id`, `skill_id`, `start_data`, `finish_data`) VALUES (154, 5, '1986-08-07 00:51:57', '1997-09-20 07:42:27');
INSERT INTO `Users_skills` (`user_id`, `skill_id`, `start_data`, `finish_data`) VALUES (85, 13, '2014-07-05 10:20:25', '2004-01-05 06:11:07');
INSERT INTO `Users_skills` (`user_id`, `skill_id`, `start_data`, `finish_data`) VALUES (182, 1, '1977-02-15 06:57:41', '1994-05-18 07:57:59');
INSERT INTO `Users_skills` (`user_id`, `skill_id`, `start_data`, `finish_data`) VALUES (384, 6, '1982-04-05 01:09:38', '1987-10-08 12:25:54');
INSERT INTO `Users_skills` (`user_id`, `skill_id`, `start_data`, `finish_data`) VALUES (112, 16, '2000-11-21 22:09:55', '1998-06-14 16:19:21');
INSERT INTO `Users_skills` (`user_id`, `skill_id`, `start_data`, `finish_data`) VALUES (140, 5, '1989-02-09 21:11:07', '1993-08-25 01:19:01');
INSERT INTO `Users_skills` (`user_id`, `skill_id`, `start_data`, `finish_data`) VALUES (245, 9, '2008-09-26 21:29:07', '1988-07-25 10:26:13');
INSERT INTO `Users_skills` (`user_id`, `skill_id`, `start_data`, `finish_data`) VALUES (3, 9, '1983-04-17 01:45:25', '1992-01-30 13:12:15');
INSERT INTO `Users_skills` (`user_id`, `skill_id`, `start_data`, `finish_data`) VALUES (50, 6, '1996-05-26 05:20:41', '2006-02-02 20:10:10');
INSERT INTO `Users_skills` (`user_id`, `skill_id`, `start_data`, `finish_data`) VALUES (336, 4, '2016-10-18 13:47:38', '1975-09-29 04:13:14');
INSERT INTO `Users_skills` (`user_id`, `skill_id`, `start_data`, `finish_data`) VALUES (308, 16, '2008-12-30 02:28:41', '1982-05-09 17:32:09');
INSERT INTO `Users_skills` (`user_id`, `skill_id`, `start_data`, `finish_data`) VALUES (200, 19, '1985-01-14 14:43:10', '2008-10-05 02:18:35');
INSERT INTO `Users_skills` (`user_id`, `skill_id`, `start_data`, `finish_data`) VALUES (99, 19, '2001-01-17 11:43:38', '2007-08-29 05:22:28');
INSERT INTO `Users_skills` (`user_id`, `skill_id`, `start_data`, `finish_data`) VALUES (62, 4, '1984-07-23 17:00:52', '2013-05-15 12:29:24');
INSERT INTO `Users_skills` (`user_id`, `skill_id`, `start_data`, `finish_data`) VALUES (218, 8, '2009-07-31 05:46:14', '1997-02-21 22:46:17');
INSERT INTO `Users_skills` (`user_id`, `skill_id`, `start_data`, `finish_data`) VALUES (336, 19, '2009-08-09 15:10:18', '1999-03-23 16:02:10');
INSERT INTO `Users_skills` (`user_id`, `skill_id`, `start_data`, `finish_data`) VALUES (245, 1, '2014-07-25 03:49:55', '1980-03-15 01:38:39');
INSERT INTO `Users_skills` (`user_id`, `skill_id`, `start_data`, `finish_data`) VALUES (216, 2, '2014-08-31 02:45:35', '2013-06-26 04:43:09');
INSERT INTO `Users_skills` (`user_id`, `skill_id`, `start_data`, `finish_data`) VALUES (30, 10, '1991-11-17 16:07:04', '2003-05-05 01:01:56');
INSERT INTO `Users_skills` (`user_id`, `skill_id`, `start_data`, `finish_data`) VALUES (138, 8, '1995-07-17 15:43:05', '1998-12-25 13:10:19');
INSERT INTO `Users_skills` (`user_id`, `skill_id`, `start_data`, `finish_data`) VALUES (103, 14, '1977-10-20 10:37:23', '1979-11-17 15:18:03');
INSERT INTO `Users_skills` (`user_id`, `skill_id`, `start_data`, `finish_data`) VALUES (225, 18, '1982-05-20 00:08:40', '1997-05-03 07:12:04');
INSERT INTO `Users_skills` (`user_id`, `skill_id`, `start_data`, `finish_data`) VALUES (40, 12, '1982-11-05 13:58:43', '1984-09-11 06:30:15');
INSERT INTO `Users_skills` (`user_id`, `skill_id`, `start_data`, `finish_data`) VALUES (115, 5, '1989-06-09 14:23:12', '2017-08-11 18:02:52');
INSERT INTO `Users_skills` (`user_id`, `skill_id`, `start_data`, `finish_data`) VALUES (345, 3, '2012-11-10 14:40:28', '2003-03-18 21:43:17');
INSERT INTO `Users_skills` (`user_id`, `skill_id`, `start_data`, `finish_data`) VALUES (157, 13, '1996-03-22 12:00:04', '1994-09-30 03:35:34');
INSERT INTO `Users_skills` (`user_id`, `skill_id`, `start_data`, `finish_data`) VALUES (355, 18, '1977-12-26 02:34:46', '2010-09-12 04:00:40');
INSERT INTO `Users_skills` (`user_id`, `skill_id`, `start_data`, `finish_data`) VALUES (224, 3, '2019-02-06 21:32:36', '2011-09-21 01:40:53');
INSERT INTO `Users_skills` (`user_id`, `skill_id`, `start_data`, `finish_data`) VALUES (326, 15, '1976-09-17 10:46:32', '2001-12-15 11:06:30');
INSERT INTO `Users_skills` (`user_id`, `skill_id`, `start_data`, `finish_data`) VALUES (117, 8, '1971-09-13 17:00:23', '1997-05-14 20:10:05');
INSERT INTO `Users_skills` (`user_id`, `skill_id`, `start_data`, `finish_data`) VALUES (32, 3, '1993-04-28 18:11:42', '2008-02-10 16:55:21');
INSERT INTO `Users_skills` (`user_id`, `skill_id`, `start_data`, `finish_data`) VALUES (115, 14, '1973-01-03 22:35:34', '1980-08-29 20:15:05');
INSERT INTO `Users_skills` (`user_id`, `skill_id`, `start_data`, `finish_data`) VALUES (73, 17, '2019-02-11 15:57:10', '2008-11-18 08:52:03');
INSERT INTO `Users_skills` (`user_id`, `skill_id`, `start_data`, `finish_data`) VALUES (301, 6, '1999-09-18 08:54:53', '1991-07-14 04:11:29');
INSERT INTO `Users_skills` (`user_id`, `skill_id`, `start_data`, `finish_data`) VALUES (130, 2, '1988-12-22 21:05:40', '1989-07-21 06:08:31');
INSERT INTO `Users_skills` (`user_id`, `skill_id`, `start_data`, `finish_data`) VALUES (244, 12, '2009-11-12 09:08:26', '2003-06-26 17:21:06');
INSERT INTO `Users_skills` (`user_id`, `skill_id`, `start_data`, `finish_data`) VALUES (315, 4, '1973-06-13 23:38:20', '1986-12-19 13:12:18');
INSERT INTO `Users_skills` (`user_id`, `skill_id`, `start_data`, `finish_data`) VALUES (179, 18, '1989-05-08 19:56:10', '1970-01-10 18:16:47');
INSERT INTO `Users_skills` (`user_id`, `skill_id`, `start_data`, `finish_data`) VALUES (294, 15, '1977-01-29 23:07:38', '1996-06-06 04:02:16');
INSERT INTO `Users_skills` (`user_id`, `skill_id`, `start_data`, `finish_data`) VALUES (43, 12, '2009-12-21 22:25:20', '1979-01-13 02:41:39');
INSERT INTO `Users_skills` (`user_id`, `skill_id`, `start_data`, `finish_data`) VALUES (343, 10, '2016-05-17 04:13:27', '1991-07-18 06:20:27');
INSERT INTO `Users_skills` (`user_id`, `skill_id`, `start_data`, `finish_data`) VALUES (91, 15, '1987-10-18 15:35:41', '1984-01-11 03:14:08');
INSERT INTO `Users_skills` (`user_id`, `skill_id`, `start_data`, `finish_data`) VALUES (155, 16, '1982-01-28 08:05:50', '1978-03-03 18:17:33');
INSERT INTO `Users_skills` (`user_id`, `skill_id`, `start_data`, `finish_data`) VALUES (350, 5, '1974-08-23 22:53:06', '2007-08-02 21:19:31');
INSERT INTO `Users_skills` (`user_id`, `skill_id`, `start_data`, `finish_data`) VALUES (199, 4, '1981-02-03 14:44:20', '1997-08-09 14:07:12');
INSERT INTO `Users_skills` (`user_id`, `skill_id`, `start_data`, `finish_data`) VALUES (224, 12, '1988-05-31 11:41:33', '2000-01-18 00:06:45');
INSERT INTO `Users_skills` (`user_id`, `skill_id`, `start_data`, `finish_data`) VALUES (119, 17, '1976-09-02 11:54:03', '2015-04-09 21:28:48');
INSERT INTO `Users_skills` (`user_id`, `skill_id`, `start_data`, `finish_data`) VALUES (106, 10, '1996-08-13 15:32:48', '1993-12-27 15:25:13');
INSERT INTO `Users_skills` (`user_id`, `skill_id`, `start_data`, `finish_data`) VALUES (270, 1, '1985-10-24 10:03:16', '2003-09-15 19:41:54');
INSERT INTO `Users_skills` (`user_id`, `skill_id`, `start_data`, `finish_data`) VALUES (293, 20, '1972-01-17 21:06:06', '2007-10-06 04:09:41');
INSERT INTO `Users_skills` (`user_id`, `skill_id`, `start_data`, `finish_data`) VALUES (44, 7, '2007-10-20 03:48:31', '1998-03-29 03:00:03');
INSERT INTO `Users_skills` (`user_id`, `skill_id`, `start_data`, `finish_data`) VALUES (230, 18, '1993-11-26 08:40:01', '1992-04-21 11:23:00');
INSERT INTO `Users_skills` (`user_id`, `skill_id`, `start_data`, `finish_data`) VALUES (204, 1, '1973-06-09 12:41:56', '2010-08-08 01:15:46');
INSERT INTO `Users_skills` (`user_id`, `skill_id`, `start_data`, `finish_data`) VALUES (313, 5, '1976-03-31 14:04:37', '1975-05-30 08:24:41');
INSERT INTO `Users_skills` (`user_id`, `skill_id`, `start_data`, `finish_data`) VALUES (301, 18, '1983-08-19 04:14:17', '2007-08-04 08:10:11');
INSERT INTO `Users_skills` (`user_id`, `skill_id`, `start_data`, `finish_data`) VALUES (336, 13, '2008-07-04 11:49:19', '1998-09-09 19:01:40');
INSERT INTO `Users_skills` (`user_id`, `skill_id`, `start_data`, `finish_data`) VALUES (154, 2, '1996-12-23 20:50:06', '1971-04-19 16:01:34');
INSERT INTO `Users_skills` (`user_id`, `skill_id`, `start_data`, `finish_data`) VALUES (139, 16, '1977-05-14 21:31:10', '1978-12-21 22:42:56');
INSERT INTO `Users_skills` (`user_id`, `skill_id`, `start_data`, `finish_data`) VALUES (340, 5, '1999-06-07 12:44:48', '1984-11-15 09:39:45');
INSERT INTO `Users_skills` (`user_id`, `skill_id`, `start_data`, `finish_data`) VALUES (389, 7, '1995-03-06 04:39:39', '2006-10-22 02:08:11');
INSERT INTO `Users_skills` (`user_id`, `skill_id`, `start_data`, `finish_data`) VALUES (154, 11, '1990-03-16 15:16:20', '1997-06-18 13:37:49');
INSERT INTO `Users_skills` (`user_id`, `skill_id`, `start_data`, `finish_data`) VALUES (369, 14, '2018-12-02 07:51:47', '1982-10-18 11:57:14');
INSERT INTO `Users_skills` (`user_id`, `skill_id`, `start_data`, `finish_data`) VALUES (152, 4, '1970-12-26 23:46:35', '2015-06-01 10:58:44');
INSERT INTO `Users_skills` (`user_id`, `skill_id`, `start_data`, `finish_data`) VALUES (63, 2, '1993-09-24 16:29:48', '2019-05-16 14:51:05');
INSERT INTO `Users_skills` (`user_id`, `skill_id`, `start_data`, `finish_data`) VALUES (80, 18, '1999-07-07 16:01:18', '1990-03-11 03:29:28');
INSERT INTO `Users_skills` (`user_id`, `skill_id`, `start_data`, `finish_data`) VALUES (19, 7, '2004-05-26 16:18:17', '1974-05-10 12:22:51');
INSERT INTO `Users_skills` (`user_id`, `skill_id`, `start_data`, `finish_data`) VALUES (92, 13, '1971-11-03 18:44:29', '1975-04-06 21:07:04');
INSERT INTO `Users_skills` (`user_id`, `skill_id`, `start_data`, `finish_data`) VALUES (81, 15, '2014-09-30 02:45:03', '1987-10-20 06:52:08');
INSERT INTO `Users_skills` (`user_id`, `skill_id`, `start_data`, `finish_data`) VALUES (257, 20, '1976-03-04 09:39:16', '2010-02-06 03:17:01');
INSERT INTO `Users_skills` (`user_id`, `skill_id`, `start_data`, `finish_data`) VALUES (392, 8, '2003-01-09 03:45:23', '2018-10-29 02:21:49');
INSERT INTO `Users_skills` (`user_id`, `skill_id`, `start_data`, `finish_data`) VALUES (348, 17, '2008-05-16 10:55:51', '1970-03-25 03:10:25');
INSERT INTO `Users_skills` (`user_id`, `skill_id`, `start_data`, `finish_data`) VALUES (399, 6, '1994-03-21 13:36:12', '2008-11-14 03:37:40');
INSERT INTO `Users_skills` (`user_id`, `skill_id`, `start_data`, `finish_data`) VALUES (353, 7, '1992-12-13 11:33:29', '1990-06-26 15:22:48');
INSERT INTO `Users_skills` (`user_id`, `skill_id`, `start_data`, `finish_data`) VALUES (10, 15, '1975-04-23 07:40:31', '1989-10-02 16:13:13');
INSERT INTO `Users_skills` (`user_id`, `skill_id`, `start_data`, `finish_data`) VALUES (225, 20, '2008-01-03 01:54:04', '1977-01-07 06:07:24');
INSERT INTO `Users_skills` (`user_id`, `skill_id`, `start_data`, `finish_data`) VALUES (30, 19, '1988-10-11 17:25:35', '2007-11-01 15:18:05');
INSERT INTO `Users_skills` (`user_id`, `skill_id`, `start_data`, `finish_data`) VALUES (211, 20, '2001-05-19 07:56:19', '1992-11-18 21:11:34');
INSERT INTO `Users_skills` (`user_id`, `skill_id`, `start_data`, `finish_data`) VALUES (251, 19, '1985-04-26 20:07:41', '2007-10-07 23:17:06');
INSERT INTO `Users_skills` (`user_id`, `skill_id`, `start_data`, `finish_data`) VALUES (73, 16, '1994-02-28 15:28:51', '1977-12-16 20:09:55');
INSERT INTO `Users_skills` (`user_id`, `skill_id`, `start_data`, `finish_data`) VALUES (383, 8, '1980-03-21 13:13:33', '1976-04-19 22:03:57');
INSERT INTO `Users_skills` (`user_id`, `skill_id`, `start_data`, `finish_data`) VALUES (269, 1, '1975-03-03 06:36:00', '1992-03-14 05:38:28');
INSERT INTO `Users_skills` (`user_id`, `skill_id`, `start_data`, `finish_data`) VALUES (274, 18, '2009-01-03 05:30:06', '1977-10-27 10:39:14');
INSERT INTO `Users_skills` (`user_id`, `skill_id`, `start_data`, `finish_data`) VALUES (250, 18, '1996-12-09 19:09:19', '1972-10-04 23:06:28');
INSERT INTO `Users_skills` (`user_id`, `skill_id`, `start_data`, `finish_data`) VALUES (255, 6, '1970-08-23 16:27:12', '1987-12-30 19:23:45');
INSERT INTO `Users_skills` (`user_id`, `skill_id`, `start_data`, `finish_data`) VALUES (347, 13, '1993-08-07 14:18:14', '1979-06-15 21:34:55');
INSERT INTO `Users_skills` (`user_id`, `skill_id`, `start_data`, `finish_data`) VALUES (264, 15, '1985-08-16 07:45:00', '1991-07-14 13:21:37');
INSERT INTO `Users_skills` (`user_id`, `skill_id`, `start_data`, `finish_data`) VALUES (173, 14, '2009-12-27 02:17:17', '1980-05-11 05:02:53');
INSERT INTO `Users_skills` (`user_id`, `skill_id`, `start_data`, `finish_data`) VALUES (396, 7, '2019-06-07 07:47:30', '2008-06-17 15:50:23');
INSERT INTO `Users_skills` (`user_id`, `skill_id`, `start_data`, `finish_data`) VALUES (400, 1, '2017-10-08 13:29:06', '1983-08-19 21:51:59');
INSERT INTO `Users_skills` (`user_id`, `skill_id`, `start_data`, `finish_data`) VALUES (16, 12, '1994-09-11 23:24:28', '1982-12-06 06:20:17');
INSERT INTO `Users_skills` (`user_id`, `skill_id`, `start_data`, `finish_data`) VALUES (3, 3, '2004-05-14 23:57:25', '1996-06-01 05:06:53');
INSERT INTO `Users_skills` (`user_id`, `skill_id`, `start_data`, `finish_data`) VALUES (203, 11, '1970-04-07 19:39:51', '1973-10-13 10:08:33');
INSERT INTO `Users_skills` (`user_id`, `skill_id`, `start_data`, `finish_data`) VALUES (45, 3, '1981-12-16 13:30:33', '1977-03-19 17:29:33');
INSERT INTO `Users_skills` (`user_id`, `skill_id`, `start_data`, `finish_data`) VALUES (176, 6, '2017-05-06 14:49:03', '2018-03-09 19:07:01');
INSERT INTO `Users_skills` (`user_id`, `skill_id`, `start_data`, `finish_data`) VALUES (367, 8, '2012-12-21 01:27:37', '2010-01-12 09:02:05');
INSERT INTO `Users_skills` (`user_id`, `skill_id`, `start_data`, `finish_data`) VALUES (268, 12, '1973-04-30 16:10:17', '2003-08-03 04:27:56');
INSERT INTO `Users_skills` (`user_id`, `skill_id`, `start_data`, `finish_data`) VALUES (160, 8, '2013-03-15 06:37:20', '2015-09-30 10:26:18');
INSERT INTO `Users_skills` (`user_id`, `skill_id`, `start_data`, `finish_data`) VALUES (195, 1, '1990-11-05 10:08:07', '2015-12-09 05:51:03');
INSERT INTO `Users_skills` (`user_id`, `skill_id`, `start_data`, `finish_data`) VALUES (95, 3, '2010-11-01 06:59:42', '1981-06-17 04:17:48');
INSERT INTO `Users_skills` (`user_id`, `skill_id`, `start_data`, `finish_data`) VALUES (116, 3, '1985-12-28 20:29:14', '1996-12-04 04:32:32');
INSERT INTO `Users_skills` (`user_id`, `skill_id`, `start_data`, `finish_data`) VALUES (295, 19, '1994-10-05 06:09:47', '1970-11-11 15:29:18');
INSERT INTO `Users_skills` (`user_id`, `skill_id`, `start_data`, `finish_data`) VALUES (336, 4, '2018-07-24 23:01:03', '1977-08-06 13:23:06');
INSERT INTO `Users_skills` (`user_id`, `skill_id`, `start_data`, `finish_data`) VALUES (242, 17, '2017-12-09 20:55:04', '1990-03-03 10:46:45');
INSERT INTO `Users_skills` (`user_id`, `skill_id`, `start_data`, `finish_data`) VALUES (192, 13, '1977-01-16 06:19:08', '1997-05-24 03:43:39');
INSERT INTO `Users_skills` (`user_id`, `skill_id`, `start_data`, `finish_data`) VALUES (336, 11, '2018-03-06 13:33:28', '1998-01-07 11:06:47');
INSERT INTO `Users_skills` (`user_id`, `skill_id`, `start_data`, `finish_data`) VALUES (65, 17, '1988-10-25 21:18:20', '1985-03-02 19:34:30');
INSERT INTO `Users_skills` (`user_id`, `skill_id`, `start_data`, `finish_data`) VALUES (254, 14, '2010-02-21 12:16:32', '2006-09-24 13:32:37');
INSERT INTO `Users_skills` (`user_id`, `skill_id`, `start_data`, `finish_data`) VALUES (152, 15, '2016-06-15 16:29:09', '2004-11-19 17:50:24');
INSERT INTO `Users_skills` (`user_id`, `skill_id`, `start_data`, `finish_data`) VALUES (321, 17, '1980-12-07 05:23:26', '2015-06-17 05:30:35');
INSERT INTO `Users_skills` (`user_id`, `skill_id`, `start_data`, `finish_data`) VALUES (14, 15, '1995-09-10 06:50:35', '2005-12-03 19:53:24');
INSERT INTO `Users_skills` (`user_id`, `skill_id`, `start_data`, `finish_data`) VALUES (86, 15, '1978-07-11 03:39:38', '2005-05-08 08:13:35');
INSERT INTO `Users_skills` (`user_id`, `skill_id`, `start_data`, `finish_data`) VALUES (122, 13, '1993-10-05 09:02:00', '1980-03-28 08:33:09');
INSERT INTO `Users_skills` (`user_id`, `skill_id`, `start_data`, `finish_data`) VALUES (22, 16, '1989-08-24 14:01:06', '1987-03-13 18:15:29');
INSERT INTO `Users_skills` (`user_id`, `skill_id`, `start_data`, `finish_data`) VALUES (255, 6, '1980-05-17 12:03:18', '1998-11-23 20:27:30');
INSERT INTO `Users_skills` (`user_id`, `skill_id`, `start_data`, `finish_data`) VALUES (367, 19, '1988-07-29 02:33:33', '1970-03-23 14:41:39');
INSERT INTO `Users_skills` (`user_id`, `skill_id`, `start_data`, `finish_data`) VALUES (158, 14, '2008-12-10 18:45:17', '1998-08-25 03:57:50');
INSERT INTO `Users_skills` (`user_id`, `skill_id`, `start_data`, `finish_data`) VALUES (350, 5, '1994-03-09 05:49:44', '1983-03-29 14:46:01');
INSERT INTO `Users_skills` (`user_id`, `skill_id`, `start_data`, `finish_data`) VALUES (328, 10, '2015-05-01 23:58:29', '1971-10-31 18:16:48');
INSERT INTO `Users_skills` (`user_id`, `skill_id`, `start_data`, `finish_data`) VALUES (24, 6, '2018-07-04 04:00:44', '1991-05-02 19:40:38');
INSERT INTO `Users_skills` (`user_id`, `skill_id`, `start_data`, `finish_data`) VALUES (32, 18, '2016-12-31 23:32:32', '2001-05-19 12:35:32');
INSERT INTO `Users_skills` (`user_id`, `skill_id`, `start_data`, `finish_data`) VALUES (327, 5, '1989-10-10 23:13:23', '2012-06-09 08:49:31');
INSERT INTO `Users_skills` (`user_id`, `skill_id`, `start_data`, `finish_data`) VALUES (297, 9, '2010-05-14 14:22:03', '2009-05-29 08:59:43');
INSERT INTO `Users_skills` (`user_id`, `skill_id`, `start_data`, `finish_data`) VALUES (364, 3, '1998-12-08 23:01:05', '2003-04-09 20:44:28');
INSERT INTO `Users_skills` (`user_id`, `skill_id`, `start_data`, `finish_data`) VALUES (78, 15, '2005-09-05 23:02:10', '1978-12-23 02:52:37');
INSERT INTO `Users_skills` (`user_id`, `skill_id`, `start_data`, `finish_data`) VALUES (376, 5, '1992-04-12 15:40:35', '2001-04-30 19:42:29');
INSERT INTO `Users_skills` (`user_id`, `skill_id`, `start_data`, `finish_data`) VALUES (172, 4, '1998-03-24 07:33:48', '2003-08-23 16:10:05');
INSERT INTO `Users_skills` (`user_id`, `skill_id`, `start_data`, `finish_data`) VALUES (372, 15, '2010-09-15 09:01:24', '1982-01-20 06:32:07');
INSERT INTO `Users_skills` (`user_id`, `skill_id`, `start_data`, `finish_data`) VALUES (307, 20, '1983-05-07 23:21:44', '1970-05-17 09:29:49');
INSERT INTO `Users_skills` (`user_id`, `skill_id`, `start_data`, `finish_data`) VALUES (211, 9, '2012-01-02 19:44:09', '1970-01-07 18:19:00');
INSERT INTO `Users_skills` (`user_id`, `skill_id`, `start_data`, `finish_data`) VALUES (110, 9, '1981-06-10 04:29:47', '2018-11-26 17:04:23');
INSERT INTO `Users_skills` (`user_id`, `skill_id`, `start_data`, `finish_data`) VALUES (132, 14, '2005-07-01 16:22:30', '1998-10-25 14:31:40');
INSERT INTO `Users_skills` (`user_id`, `skill_id`, `start_data`, `finish_data`) VALUES (38, 5, '2002-03-28 02:17:24', '1972-11-24 07:11:22');
INSERT INTO `Users_skills` (`user_id`, `skill_id`, `start_data`, `finish_data`) VALUES (361, 19, '2019-03-08 17:47:43', '1997-10-14 21:18:39');
INSERT INTO `Users_skills` (`user_id`, `skill_id`, `start_data`, `finish_data`) VALUES (273, 20, '2009-03-08 16:03:46', '1997-02-09 15:23:19');
INSERT INTO `Users_skills` (`user_id`, `skill_id`, `start_data`, `finish_data`) VALUES (85, 16, '2000-05-05 11:29:58', '2010-06-01 18:57:35');
INSERT INTO `Users_skills` (`user_id`, `skill_id`, `start_data`, `finish_data`) VALUES (342, 1, '1993-01-21 12:41:59', '1987-11-05 13:36:33');
INSERT INTO `Users_skills` (`user_id`, `skill_id`, `start_data`, `finish_data`) VALUES (400, 12, '1976-07-05 13:18:20', '1975-12-02 22:55:26');
INSERT INTO `Users_skills` (`user_id`, `skill_id`, `start_data`, `finish_data`) VALUES (192, 19, '1986-11-25 00:52:45', '2006-07-30 21:37:56');
INSERT INTO `Users_skills` (`user_id`, `skill_id`, `start_data`, `finish_data`) VALUES (287, 14, '1981-01-15 05:03:31', '1996-07-31 12:34:05');
INSERT INTO `Users_skills` (`user_id`, `skill_id`, `start_data`, `finish_data`) VALUES (249, 14, '1988-02-02 04:18:49', '2006-09-30 21:38:59');
INSERT INTO `Users_skills` (`user_id`, `skill_id`, `start_data`, `finish_data`) VALUES (360, 2, '1991-04-20 17:41:28', '1973-08-27 06:49:42');
INSERT INTO `Users_skills` (`user_id`, `skill_id`, `start_data`, `finish_data`) VALUES (324, 17, '1985-09-23 14:58:53', '1992-08-12 20:06:21');
INSERT INTO `Users_skills` (`user_id`, `skill_id`, `start_data`, `finish_data`) VALUES (314, 12, '2018-04-09 02:38:41', '1978-03-02 18:45:35');
INSERT INTO `Users_skills` (`user_id`, `skill_id`, `start_data`, `finish_data`) VALUES (324, 7, '2015-09-08 11:12:55', '1977-08-31 20:05:05');
INSERT INTO `Users_skills` (`user_id`, `skill_id`, `start_data`, `finish_data`) VALUES (392, 2, '1972-09-30 23:05:27', '1990-06-10 15:01:08');
INSERT INTO `Users_skills` (`user_id`, `skill_id`, `start_data`, `finish_data`) VALUES (301, 7, '2005-05-28 06:04:21', '2014-05-24 15:00:12');
INSERT INTO `Users_skills` (`user_id`, `skill_id`, `start_data`, `finish_data`) VALUES (302, 17, '1970-02-04 12:27:36', '2003-03-01 12:38:59');
INSERT INTO `Users_skills` (`user_id`, `skill_id`, `start_data`, `finish_data`) VALUES (206, 14, '1986-01-11 10:33:40', '1982-09-06 19:20:33');
INSERT INTO `Users_skills` (`user_id`, `skill_id`, `start_data`, `finish_data`) VALUES (304, 4, '1984-02-20 01:53:58', '1979-03-29 20:57:43');
INSERT INTO `Users_skills` (`user_id`, `skill_id`, `start_data`, `finish_data`) VALUES (245, 20, '2003-03-05 09:25:32', '1974-03-12 22:16:45');
INSERT INTO `Users_skills` (`user_id`, `skill_id`, `start_data`, `finish_data`) VALUES (381, 10, '1989-04-04 10:56:58', '1990-03-16 18:16:53');
INSERT INTO `Users_skills` (`user_id`, `skill_id`, `start_data`, `finish_data`) VALUES (400, 20, '1998-08-20 11:36:52', '1998-09-27 17:54:00');
INSERT INTO `Users_skills` (`user_id`, `skill_id`, `start_data`, `finish_data`) VALUES (25, 10, '2018-08-02 09:43:04', '2008-06-28 15:57:01');
INSERT INTO `Users_skills` (`user_id`, `skill_id`, `start_data`, `finish_data`) VALUES (345, 16, '2006-12-30 21:45:26', '1992-10-19 09:43:38');
INSERT INTO `Users_skills` (`user_id`, `skill_id`, `start_data`, `finish_data`) VALUES (59, 10, '2006-09-01 17:02:19', '1999-10-30 14:14:19');
INSERT INTO `Users_skills` (`user_id`, `skill_id`, `start_data`, `finish_data`) VALUES (172, 1, '1994-05-08 11:49:31', '1994-12-08 05:33:42');
INSERT INTO `Users_skills` (`user_id`, `skill_id`, `start_data`, `finish_data`) VALUES (214, 5, '2019-10-12 16:45:58', '1993-01-19 23:37:12');
INSERT INTO `Users_skills` (`user_id`, `skill_id`, `start_data`, `finish_data`) VALUES (349, 7, '2012-11-27 10:26:19', '2002-12-18 14:56:02');
INSERT INTO `Users_skills` (`user_id`, `skill_id`, `start_data`, `finish_data`) VALUES (326, 14, '1989-11-11 12:35:16', '1982-12-12 00:31:32');
INSERT INTO `Users_skills` (`user_id`, `skill_id`, `start_data`, `finish_data`) VALUES (252, 16, '2005-01-17 21:28:56', '1983-10-10 08:32:43');
INSERT INTO `Users_skills` (`user_id`, `skill_id`, `start_data`, `finish_data`) VALUES (306, 8, '1985-11-04 10:03:04', '1998-12-27 07:16:09');
INSERT INTO `Users_skills` (`user_id`, `skill_id`, `start_data`, `finish_data`) VALUES (41, 11, '1990-02-06 10:55:53', '1993-03-09 23:16:38');
INSERT INTO `Users_skills` (`user_id`, `skill_id`, `start_data`, `finish_data`) VALUES (90, 13, '2001-12-14 04:54:21', '1991-03-13 06:10:24');
INSERT INTO `Users_skills` (`user_id`, `skill_id`, `start_data`, `finish_data`) VALUES (69, 20, '1997-10-28 11:27:08', '1994-05-11 10:51:19');
INSERT INTO `Users_skills` (`user_id`, `skill_id`, `start_data`, `finish_data`) VALUES (323, 16, '1985-02-18 23:16:15', '1998-10-12 19:52:16');
INSERT INTO `Users_skills` (`user_id`, `skill_id`, `start_data`, `finish_data`) VALUES (381, 16, '2014-08-20 01:17:26', '2002-02-27 09:57:11');
INSERT INTO `Users_skills` (`user_id`, `skill_id`, `start_data`, `finish_data`) VALUES (100, 19, '1975-04-30 01:24:32', '1990-08-28 03:29:46');
INSERT INTO `Users_skills` (`user_id`, `skill_id`, `start_data`, `finish_data`) VALUES (285, 7, '2002-12-07 09:03:43', '2008-05-20 03:40:30');
INSERT INTO `Users_skills` (`user_id`, `skill_id`, `start_data`, `finish_data`) VALUES (170, 12, '1975-03-30 00:31:41', '1998-10-09 06:13:12');
INSERT INTO `Users_skills` (`user_id`, `skill_id`, `start_data`, `finish_data`) VALUES (34, 12, '2009-04-05 15:24:38', '1989-04-21 01:52:50');
INSERT INTO `Users_skills` (`user_id`, `skill_id`, `start_data`, `finish_data`) VALUES (23, 11, '2002-03-30 21:51:31', '2011-07-29 08:26:02');
INSERT INTO `Users_skills` (`user_id`, `skill_id`, `start_data`, `finish_data`) VALUES (247, 12, '1990-04-27 07:01:29', '1986-10-22 03:49:48');
INSERT INTO `Users_skills` (`user_id`, `skill_id`, `start_data`, `finish_data`) VALUES (301, 10, '2008-05-12 02:14:28', '1976-08-17 14:53:16');
INSERT INTO `Users_skills` (`user_id`, `skill_id`, `start_data`, `finish_data`) VALUES (364, 12, '1977-01-30 15:08:47', '1998-09-14 10:57:15');
INSERT INTO `Users_skills` (`user_id`, `skill_id`, `start_data`, `finish_data`) VALUES (67, 11, '1979-06-10 16:51:35', '2006-08-01 08:42:27');
INSERT INTO `Users_skills` (`user_id`, `skill_id`, `start_data`, `finish_data`) VALUES (143, 19, '1983-06-22 05:52:25', '2010-06-30 01:26:39');
INSERT INTO `Users_skills` (`user_id`, `skill_id`, `start_data`, `finish_data`) VALUES (366, 10, '1982-05-02 09:18:34', '2015-06-19 04:55:27');
INSERT INTO `Users_skills` (`user_id`, `skill_id`, `start_data`, `finish_data`) VALUES (180, 3, '1998-09-02 12:28:30', '1985-07-31 07:17:40');
INSERT INTO `Users_skills` (`user_id`, `skill_id`, `start_data`, `finish_data`) VALUES (29, 13, '1994-01-16 09:57:57', '1970-11-18 07:48:26');
INSERT INTO `Users_skills` (`user_id`, `skill_id`, `start_data`, `finish_data`) VALUES (48, 18, '2003-06-14 10:10:35', '1974-03-11 00:48:55');
INSERT INTO `Users_skills` (`user_id`, `skill_id`, `start_data`, `finish_data`) VALUES (162, 2, '1993-07-12 02:41:57', '1971-12-16 00:14:45');
INSERT INTO `Users_skills` (`user_id`, `skill_id`, `start_data`, `finish_data`) VALUES (256, 14, '2003-09-23 04:06:01', '1976-04-15 08:11:18');
INSERT INTO `Users_skills` (`user_id`, `skill_id`, `start_data`, `finish_data`) VALUES (8, 7, '2017-09-11 11:20:00', '2011-06-26 07:13:16');
INSERT INTO `Users_skills` (`user_id`, `skill_id`, `start_data`, `finish_data`) VALUES (384, 9, '1991-11-04 10:01:28', '1983-04-27 18:16:49');
INSERT INTO `Users_skills` (`user_id`, `skill_id`, `start_data`, `finish_data`) VALUES (370, 1, '1990-04-18 18:54:41', '1978-10-29 05:01:07');
INSERT INTO `Users_skills` (`user_id`, `skill_id`, `start_data`, `finish_data`) VALUES (6, 20, '1979-12-19 17:33:38', '1970-12-17 22:53:26');
INSERT INTO `Users_skills` (`user_id`, `skill_id`, `start_data`, `finish_data`) VALUES (223, 13, '1995-11-16 14:34:33', '2007-12-26 03:11:47');
INSERT INTO `Users_skills` (`user_id`, `skill_id`, `start_data`, `finish_data`) VALUES (228, 7, '2012-10-28 03:05:30', '2014-08-20 18:31:00');
INSERT INTO `Users_skills` (`user_id`, `skill_id`, `start_data`, `finish_data`) VALUES (46, 10, '2004-09-02 19:57:27', '1985-09-30 21:52:36');
INSERT INTO `Users_skills` (`user_id`, `skill_id`, `start_data`, `finish_data`) VALUES (349, 6, '1998-02-20 04:20:38', '2004-03-27 10:18:11');
INSERT INTO `Users_skills` (`user_id`, `skill_id`, `start_data`, `finish_data`) VALUES (5, 5, '2006-12-12 23:00:30', '2006-06-04 12:24:30');
INSERT INTO `Users_skills` (`user_id`, `skill_id`, `start_data`, `finish_data`) VALUES (85, 19, '2002-07-25 02:40:58', '2011-05-11 00:02:42');
INSERT INTO `Users_skills` (`user_id`, `skill_id`, `start_data`, `finish_data`) VALUES (274, 14, '2011-06-11 22:04:19', '2012-06-19 06:33:24');
INSERT INTO `Users_skills` (`user_id`, `skill_id`, `start_data`, `finish_data`) VALUES (26, 16, '1974-02-14 08:30:03', '1986-07-12 22:11:15');
INSERT INTO `Users_skills` (`user_id`, `skill_id`, `start_data`, `finish_data`) VALUES (113, 4, '1980-01-15 00:48:10', '2003-12-13 06:25:44');
INSERT INTO `Users_skills` (`user_id`, `skill_id`, `start_data`, `finish_data`) VALUES (255, 14, '2018-02-05 19:44:17', '1996-07-23 08:55:22');
INSERT INTO `Users_skills` (`user_id`, `skill_id`, `start_data`, `finish_data`) VALUES (101, 6, '2016-02-11 16:10:34', '1985-08-02 17:28:02');
INSERT INTO `Users_skills` (`user_id`, `skill_id`, `start_data`, `finish_data`) VALUES (134, 6, '2007-12-08 01:43:42', '2001-06-16 08:42:25');
INSERT INTO `Users_skills` (`user_id`, `skill_id`, `start_data`, `finish_data`) VALUES (250, 6, '2017-10-19 09:46:39', '2002-08-25 18:06:58');
INSERT INTO `Users_skills` (`user_id`, `skill_id`, `start_data`, `finish_data`) VALUES (285, 11, '2004-03-22 13:43:14', '1976-04-12 05:40:59');
INSERT INTO `Users_skills` (`user_id`, `skill_id`, `start_data`, `finish_data`) VALUES (135, 15, '2018-06-22 01:28:59', '2019-12-13 08:07:34');
INSERT INTO `Users_skills` (`user_id`, `skill_id`, `start_data`, `finish_data`) VALUES (211, 18, '1993-06-29 22:48:29', '1973-03-30 05:41:54');
INSERT INTO `Users_skills` (`user_id`, `skill_id`, `start_data`, `finish_data`) VALUES (142, 2, '1981-05-13 17:37:47', '1986-03-16 15:44:06');
INSERT INTO `Users_skills` (`user_id`, `skill_id`, `start_data`, `finish_data`) VALUES (80, 10, '1992-03-26 01:53:40', '1976-04-11 11:34:07');
INSERT INTO `Users_skills` (`user_id`, `skill_id`, `start_data`, `finish_data`) VALUES (229, 2, '2001-01-22 13:31:52', '1976-06-06 14:16:55');
INSERT INTO `Users_skills` (`user_id`, `skill_id`, `start_data`, `finish_data`) VALUES (300, 12, '2017-04-05 08:57:34', '2001-04-03 23:45:48');
INSERT INTO `Users_skills` (`user_id`, `skill_id`, `start_data`, `finish_data`) VALUES (119, 20, '1981-05-13 09:07:29', '1997-10-03 02:34:36');
INSERT INTO `Users_skills` (`user_id`, `skill_id`, `start_data`, `finish_data`) VALUES (205, 20, '1994-03-31 00:51:02', '1994-07-27 12:58:42');
INSERT INTO `Users_skills` (`user_id`, `skill_id`, `start_data`, `finish_data`) VALUES (249, 12, '1981-09-21 00:51:48', '2009-04-11 20:27:30');
INSERT INTO `Users_skills` (`user_id`, `skill_id`, `start_data`, `finish_data`) VALUES (295, 19, '2010-11-20 02:17:31', '2009-07-21 08:15:15');
INSERT INTO `Users_skills` (`user_id`, `skill_id`, `start_data`, `finish_data`) VALUES (303, 8, '1995-06-02 23:50:30', '1997-11-08 04:48:40');
INSERT INTO `Users_skills` (`user_id`, `skill_id`, `start_data`, `finish_data`) VALUES (235, 1, '2011-10-17 20:59:55', '2017-05-22 03:52:28');
INSERT INTO `Users_skills` (`user_id`, `skill_id`, `start_data`, `finish_data`) VALUES (259, 19, '1979-07-22 03:23:41', '2017-06-28 18:12:41');
INSERT INTO `Users_skills` (`user_id`, `skill_id`, `start_data`, `finish_data`) VALUES (112, 6, '1974-02-19 09:45:27', '1983-12-07 09:03:36');
INSERT INTO `Users_skills` (`user_id`, `skill_id`, `start_data`, `finish_data`) VALUES (86, 20, '1993-05-13 13:44:02', '1986-03-24 22:09:21');
INSERT INTO `Users_skills` (`user_id`, `skill_id`, `start_data`, `finish_data`) VALUES (327, 12, '2005-02-18 05:44:55', '2011-08-19 07:04:23');
INSERT INTO `Users_skills` (`user_id`, `skill_id`, `start_data`, `finish_data`) VALUES (286, 7, '1995-04-04 02:58:27', '1983-01-11 01:26:53');
INSERT INTO `Users_skills` (`user_id`, `skill_id`, `start_data`, `finish_data`) VALUES (178, 2, '1980-04-22 17:28:50', '2015-09-03 12:07:10');
INSERT INTO `Users_skills` (`user_id`, `skill_id`, `start_data`, `finish_data`) VALUES (176, 13, '1980-10-29 22:22:40', '2015-11-21 02:56:42');
INSERT INTO `Users_skills` (`user_id`, `skill_id`, `start_data`, `finish_data`) VALUES (214, 1, '1985-12-15 10:34:22', '1983-01-19 06:22:22');
INSERT INTO `Users_skills` (`user_id`, `skill_id`, `start_data`, `finish_data`) VALUES (284, 6, '1999-09-19 17:28:20', '2018-03-25 06:28:21');
INSERT INTO `Users_skills` (`user_id`, `skill_id`, `start_data`, `finish_data`) VALUES (238, 1, '2003-02-08 09:59:15', '1975-09-04 10:14:30');
INSERT INTO `Users_skills` (`user_id`, `skill_id`, `start_data`, `finish_data`) VALUES (97, 3, '1998-06-13 19:11:37', '1988-11-28 00:41:35');
INSERT INTO `Users_skills` (`user_id`, `skill_id`, `start_data`, `finish_data`) VALUES (394, 18, '1974-10-30 10:36:16', '1977-10-14 17:27:09');
INSERT INTO `Users_skills` (`user_id`, `skill_id`, `start_data`, `finish_data`) VALUES (272, 15, '1998-06-11 00:41:20', '1974-09-01 22:01:13');
INSERT INTO `Users_skills` (`user_id`, `skill_id`, `start_data`, `finish_data`) VALUES (306, 9, '1981-10-15 08:59:16', '1983-02-23 14:02:34');
INSERT INTO `Users_skills` (`user_id`, `skill_id`, `start_data`, `finish_data`) VALUES (37, 8, '2017-07-15 19:28:58', '1995-08-26 13:05:45');
INSERT INTO `Users_skills` (`user_id`, `skill_id`, `start_data`, `finish_data`) VALUES (178, 15, '1999-03-19 19:25:05', '1986-11-08 06:41:54');
INSERT INTO `Users_skills` (`user_id`, `skill_id`, `start_data`, `finish_data`) VALUES (109, 15, '1977-10-28 05:59:48', '1975-08-17 18:36:53');
INSERT INTO `Users_skills` (`user_id`, `skill_id`, `start_data`, `finish_data`) VALUES (3, 10, '1984-12-10 23:15:24', '1973-03-01 19:47:53');
INSERT INTO `Users_skills` (`user_id`, `skill_id`, `start_data`, `finish_data`) VALUES (285, 17, '1974-12-11 10:14:43', '1976-12-01 21:43:16');
INSERT INTO `Users_skills` (`user_id`, `skill_id`, `start_data`, `finish_data`) VALUES (15, 9, '1972-03-22 09:05:35', '2005-03-10 07:41:28');
INSERT INTO `Users_skills` (`user_id`, `skill_id`, `start_data`, `finish_data`) VALUES (66, 10, '2012-02-11 01:41:59', '2009-07-20 20:08:01');
INSERT INTO `Users_skills` (`user_id`, `skill_id`, `start_data`, `finish_data`) VALUES (197, 13, '2004-09-28 06:19:11', '2002-03-02 04:13:20');
INSERT INTO `Users_skills` (`user_id`, `skill_id`, `start_data`, `finish_data`) VALUES (49, 1, '2013-02-07 22:03:22', '1977-10-15 17:22:04');
INSERT INTO `Users_skills` (`user_id`, `skill_id`, `start_data`, `finish_data`) VALUES (245, 17, '2005-04-02 23:37:12', '2005-11-01 09:13:25');
INSERT INTO `Users_skills` (`user_id`, `skill_id`, `start_data`, `finish_data`) VALUES (123, 5, '1983-04-30 11:07:47', '2001-04-21 17:52:38');
INSERT INTO `Users_skills` (`user_id`, `skill_id`, `start_data`, `finish_data`) VALUES (334, 11, '2001-12-26 01:36:27', '1997-07-01 16:16:34');
INSERT INTO `Users_skills` (`user_id`, `skill_id`, `start_data`, `finish_data`) VALUES (125, 17, '2011-03-19 11:34:45', '1979-09-16 11:59:51');
INSERT INTO `Users_skills` (`user_id`, `skill_id`, `start_data`, `finish_data`) VALUES (164, 20, '2019-12-20 17:48:56', '2019-10-22 09:53:37');
INSERT INTO `Users_skills` (`user_id`, `skill_id`, `start_data`, `finish_data`) VALUES (216, 4, '1996-02-02 11:59:20', '2007-11-06 08:34:59');
INSERT INTO `Users_skills` (`user_id`, `skill_id`, `start_data`, `finish_data`) VALUES (171, 13, '2010-03-18 11:50:12', '1993-11-14 08:17:33');
INSERT INTO `Users_skills` (`user_id`, `skill_id`, `start_data`, `finish_data`) VALUES (210, 18, '2015-10-04 00:04:41', '1982-07-15 16:35:58');
INSERT INTO `Users_skills` (`user_id`, `skill_id`, `start_data`, `finish_data`) VALUES (147, 16, '1988-07-09 13:19:15', '1986-10-19 17:37:42');
INSERT INTO `Users_skills` (`user_id`, `skill_id`, `start_data`, `finish_data`) VALUES (238, 8, '1992-04-13 06:36:35', '1985-01-04 21:46:49');
INSERT INTO `Users_skills` (`user_id`, `skill_id`, `start_data`, `finish_data`) VALUES (113, 7, '2019-05-03 10:18:47', '1998-02-06 05:35:52');
INSERT INTO `Users_skills` (`user_id`, `skill_id`, `start_data`, `finish_data`) VALUES (77, 7, '2003-05-22 07:30:14', '2015-09-17 17:42:06');
INSERT INTO `Users_skills` (`user_id`, `skill_id`, `start_data`, `finish_data`) VALUES (293, 8, '1993-10-09 12:46:42', '2011-11-09 23:03:03');
INSERT INTO `Users_skills` (`user_id`, `skill_id`, `start_data`, `finish_data`) VALUES (320, 5, '1970-03-28 01:29:34', '1994-09-17 00:23:28');
INSERT INTO `Users_skills` (`user_id`, `skill_id`, `start_data`, `finish_data`) VALUES (383, 19, '2006-10-30 05:34:44', '2007-01-21 23:20:54');
INSERT INTO `Users_skills` (`user_id`, `skill_id`, `start_data`, `finish_data`) VALUES (100, 12, '2012-10-16 03:27:53', '1991-09-24 20:35:18');
INSERT INTO `Users_skills` (`user_id`, `skill_id`, `start_data`, `finish_data`) VALUES (300, 12, '1982-10-20 21:02:10', '1978-07-19 00:42:33');
INSERT INTO `Users_skills` (`user_id`, `skill_id`, `start_data`, `finish_data`) VALUES (310, 12, '2003-04-08 01:54:40', '2006-08-15 02:58:00');
INSERT INTO `Users_skills` (`user_id`, `skill_id`, `start_data`, `finish_data`) VALUES (42, 2, '1997-12-27 06:19:15', '2016-01-10 00:32:24');
INSERT INTO `Users_skills` (`user_id`, `skill_id`, `start_data`, `finish_data`) VALUES (161, 11, '2011-07-27 17:01:38', '1990-08-15 05:28:30');


#
# TABLE STRUCTURE FOR: contract_statuses
#

DROP TABLE IF EXISTS `contract_statuses`;

CREATE TABLE `contract_statuses` (
  `id` int(10) unsigned NOT NULL AUTO_INCREMENT,
  `name` varchar(10) COLLATE utf8_unicode_ci NOT NULL,
  PRIMARY KEY (`id`),
  UNIQUE KEY `name` (`name`)
) ENGINE=InnoDB AUTO_INCREMENT=7 DEFAULT CHARSET=utf8 COLLATE=utf8_unicode_ci;

INSERT INTO contract_statuses (`id`, `name`) VALUES (1, 'OFFERED');
INSERT INTO contract_statuses (`id`, `name`) VALUES (2, 'ACCEPTED');
INSERT INTO contract_statuses (`id`, `name`) VALUES (3, 'NOT ACCEPTED');
INSERT INTO contract_statuses (`id`, `name`) VALUES (4, 'RESCIND');
INSERT INTO contract_statuses (`id`, `name`) VALUES (5, 'CLOSED');
INSERT INTO contract_statuses (`id`, `name`) VALUES (6, 'HOLD');


#
# TABLE STRUCTURE FOR: contracts
#

DROP TABLE IF EXISTS `contracts`;

CREATE TABLE `contracts` (
  `owner_id` int(11) NOT NULL,
  `employee_id` int(11) NOT NULL,
  `status_id` int(10) unsigned NOT NULL,
  `requested_at` datetime DEFAULT current_timestamp(),
  `confirmed_at` datetime DEFAULT NULL,
  KEY `contracts_owner_fk` (`owner_id`),
  KEY `contracts_users_fk` (`employee_id`),
  KEY `contracts_contract_statuses_fk` (`status_id`),
  CONSTRAINT `contracts_contract_statuses_fk` FOREIGN KEY (`status_id`) REFERENCES `contract_statuses` (`id`) ON UPDATE CASCADE,
  CONSTRAINT `contracts_owner_fk` FOREIGN KEY (`owner_id`) REFERENCES `owner_statuses` (`id`),
  CONSTRAINT `contracts_users_fk` FOREIGN KEY (`employee_id`) REFERENCES `users` (`id`)
) ENGINE=InnoDB DEFAULT CHARSET=utf8 COLLATE=utf8_unicode_ci;

INSERT INTO `contracts` (`owner_id`, `employee_id`, `status_id`, `requested_at`, `confirmed_at`) VALUES (1, 57, 2, '1996-03-21 10:36:52', '2009-03-06 07:03:35');
INSERT INTO `contracts` (`owner_id`, `employee_id`, `status_id`, `requested_at`, `confirmed_at`) VALUES (2, 173, 6, '2015-05-15 11:49:15', '1997-05-10 15:38:37');
INSERT INTO `contracts` (`owner_id`, `employee_id`, `status_id`, `requested_at`, `confirmed_at`) VALUES (3, 240, 4, '1985-05-18 10:10:06', '1986-04-20 21:05:47');
INSERT INTO `contracts` (`owner_id`, `employee_id`, `status_id`, `requested_at`, `confirmed_at`) VALUES (4, 44, 5, '1986-11-15 10:00:59', '1972-07-03 19:32:12');
INSERT INTO `contracts` (`owner_id`, `employee_id`, `status_id`, `requested_at`, `confirmed_at`) VALUES (5, 182, 4, '1971-08-08 04:25:07', '1992-11-17 13:41:48');


#
# TABLE STRUCTURE FOR: messages
#

DROP TABLE IF EXISTS `messages`;

CREATE TABLE `messages` (
  `id` int(10) unsigned NOT NULL AUTO_INCREMENT,
  `from_user_id` int(10) NOT NULL,
  `to_user_id` int(10) NOT NULL,
  `body` text COLLATE utf8_unicode_ci NOT NULL,
  `is_important` tinyint(1) DEFAULT NULL,
  `is_delivered` tinyint(1) DEFAULT NULL,
  `created_at` datetime DEFAULT current_timestamp(),
  PRIMARY KEY (`id`),
  KEY `messages_from_users_fk` (`from_user_id`),
  KEY `messages_to_users_fk` (`to_user_id`),
  CONSTRAINT `messages_from_users_fk` FOREIGN KEY (`from_user_id`) REFERENCES `users` (`id`) ON DELETE CASCADE,
  CONSTRAINT `messages_to_users_fk` FOREIGN KEY (`to_user_id`) REFERENCES `users` (`id`) ON DELETE CASCADE
) ENGINE=InnoDB AUTO_INCREMENT=301 DEFAULT CHARSET=utf8 COLLATE=utf8_unicode_ci;

INSERT INTO `messages` (`id`, `from_user_id`, `to_user_id`, `body`, `is_important`, `is_delivered`, `created_at`) VALUES (1, 64, 38, 'Ipsa autem est sunt vel quam. Nesciunt laudantium ea cupiditate ducimus est ut molestias. Sint qui repellendus quo sequi expedita quia nisi.', 1, 0, '2002-04-10 04:42:41');
INSERT INTO `messages` (`id`, `from_user_id`, `to_user_id`, `body`, `is_important`, `is_delivered`, `created_at`) VALUES (2, 308, 259, 'Id impedit corporis magnam porro odio quia soluta sunt. Sed officiis quis rem ipsa. Facilis voluptatibus ut et voluptatem ullam veniam quia.', 0, 1, '1983-06-13 04:45:00');
INSERT INTO `messages` (`id`, `from_user_id`, `to_user_id`, `body`, `is_important`, `is_delivered`, `created_at`) VALUES (3, 357, 376, 'Quia ea consectetur facilis omnis quo placeat occaecati. Earum temporibus et sit nisi amet qui iure ipsum. Nam aperiam maxime architecto et laboriosam veniam voluptas suscipit.', 1, 1, '2019-09-14 05:16:27');
INSERT INTO `messages` (`id`, `from_user_id`, `to_user_id`, `body`, `is_important`, `is_delivered`, `created_at`) VALUES (4, 355, 261, 'Et sit reiciendis aut praesentium a nihil sed. Cupiditate id et libero occaecati qui similique. Voluptates voluptatum dolor impedit eum neque minus voluptate.', 0, 0, '2019-01-15 19:13:37');
INSERT INTO `messages` (`id`, `from_user_id`, `to_user_id`, `body`, `is_important`, `is_delivered`, `created_at`) VALUES (5, 35, 26, 'Sit nobis quos unde quia numquam soluta aut. Nobis placeat autem sapiente aut quam. At quod beatae quaerat quis.', 1, 1, '1985-02-10 03:55:24');
INSERT INTO `messages` (`id`, `from_user_id`, `to_user_id`, `body`, `is_important`, `is_delivered`, `created_at`) VALUES (6, 197, 376, 'Et dolores illum nesciunt expedita autem rerum consequatur. Vero consequuntur aut quis aliquid molestias. Recusandae vitae illo expedita iure tempore voluptatem nisi.', 0, 1, '1996-01-26 03:55:49');
INSERT INTO `messages` (`id`, `from_user_id`, `to_user_id`, `body`, `is_important`, `is_delivered`, `created_at`) VALUES (7, 217, 151, 'Accusamus id doloremque odio voluptas odit. Error id quia alias perferendis aut. Pariatur dolor architecto ex autem ut occaecati. Et eveniet nulla quo totam atque numquam.', 1, 0, '2001-11-23 23:37:43');
INSERT INTO `messages` (`id`, `from_user_id`, `to_user_id`, `body`, `is_important`, `is_delivered`, `created_at`) VALUES (8, 372, 14, 'Sit occaecati et enim exercitationem quisquam earum. Molestias sunt consequatur voluptas earum autem. Explicabo ratione molestiae eligendi impedit quos perspiciatis soluta. Aperiam velit laborum natus tenetur incidunt voluptatem sunt.', 1, 1, '1974-12-25 07:52:16');
INSERT INTO `messages` (`id`, `from_user_id`, `to_user_id`, `body`, `is_important`, `is_delivered`, `created_at`) VALUES (9, 307, 269, 'Illum nisi facilis qui enim et officiis. Deleniti ipsam possimus aut soluta. Esse tempora voluptates officia dignissimos repellat nostrum.', 0, 0, '2002-05-26 08:08:30');
INSERT INTO `messages` (`id`, `from_user_id`, `to_user_id`, `body`, `is_important`, `is_delivered`, `created_at`) VALUES (10, 212, 12, 'Soluta earum officia eos consectetur. Eum odit quo sunt. A ut aut amet aspernatur aspernatur iure.', 1, 0, '2012-10-08 14:38:42');
INSERT INTO `messages` (`id`, `from_user_id`, `to_user_id`, `body`, `is_important`, `is_delivered`, `created_at`) VALUES (11, 357, 61, 'Tenetur sint facilis illo quae aspernatur sed voluptatem. Unde assumenda iure sunt dolores nihil. Illo vel et et sint consequuntur.', 1, 1, '1988-03-27 10:26:21');
INSERT INTO `messages` (`id`, `from_user_id`, `to_user_id`, `body`, `is_important`, `is_delivered`, `created_at`) VALUES (12, 210, 143, 'Impedit consequatur architecto inventore aut quae unde. Quas magnam beatae dolore vel eos.', 0, 0, '1997-02-28 09:29:54');
INSERT INTO `messages` (`id`, `from_user_id`, `to_user_id`, `body`, `is_important`, `is_delivered`, `created_at`) VALUES (13, 245, 3, 'Repudiandae velit fugiat eligendi quibusdam qui est. Numquam distinctio quae qui in dolore omnis id perspiciatis. Commodi praesentium iusto dolorum qui dolorum debitis vero. Maxime sed in qui quia et beatae. Sit est debitis atque deleniti minima.', 1, 1, '1994-09-28 08:02:01');
INSERT INTO `messages` (`id`, `from_user_id`, `to_user_id`, `body`, `is_important`, `is_delivered`, `created_at`) VALUES (14, 223, 169, 'Eum vel ut sit officia ipsum. Saepe consequatur voluptatem ratione quis perferendis laborum esse. Id quos quam iste error sed doloribus ex. Quaerat qui nam ipsa autem temporibus et.', 1, 1, '1973-01-28 14:13:29');
INSERT INTO `messages` (`id`, `from_user_id`, `to_user_id`, `body`, `is_important`, `is_delivered`, `created_at`) VALUES (15, 293, 298, 'Quod magni iste exercitationem placeat. Eaque voluptas facere ut harum occaecati ullam. Dolorem quis dolorum vero et ut est non.', 1, 0, '1997-10-13 16:19:05');
INSERT INTO `messages` (`id`, `from_user_id`, `to_user_id`, `body`, `is_important`, `is_delivered`, `created_at`) VALUES (16, 235, 357, 'Dolorum laudantium quidem occaecati et doloribus magnam. Nisi culpa qui et delectus non sint. In blanditiis quibusdam dolor.', 0, 1, '2018-10-31 12:42:22');
INSERT INTO `messages` (`id`, `from_user_id`, `to_user_id`, `body`, `is_important`, `is_delivered`, `created_at`) VALUES (17, 336, 143, 'Et vero accusamus laboriosam ratione at velit. Nihil neque natus sapiente est dolorem sint ipsum. Voluptas voluptatibus aliquam fugit temporibus mollitia. Qui nesciunt consequatur ea modi et dolores ab ut.', 1, 0, '1995-01-12 06:16:53');
INSERT INTO `messages` (`id`, `from_user_id`, `to_user_id`, `body`, `is_important`, `is_delivered`, `created_at`) VALUES (18, 215, 292, 'Atque autem voluptatem excepturi facere recusandae nam et. Voluptatem sapiente quia quia similique. Officiis minus deleniti vitae est rerum rem.', 0, 0, '1986-07-20 16:22:51');
INSERT INTO `messages` (`id`, `from_user_id`, `to_user_id`, `body`, `is_important`, `is_delivered`, `created_at`) VALUES (19, 118, 169, 'Dignissimos placeat provident perferendis nulla. Officiis aut quia assumenda quod nemo quia. Iusto sit nobis ipsa hic itaque assumenda.', 1, 0, '2013-03-08 15:19:55');
INSERT INTO `messages` (`id`, `from_user_id`, `to_user_id`, `body`, `is_important`, `is_delivered`, `created_at`) VALUES (20, 152, 152, 'Aperiam facere iste dignissimos dolore quia laudantium earum. Totam esse quibusdam expedita laboriosam.', 1, 0, '2009-05-09 03:17:31');
INSERT INTO `messages` (`id`, `from_user_id`, `to_user_id`, `body`, `is_important`, `is_delivered`, `created_at`) VALUES (21, 195, 349, 'Maxime voluptas reprehenderit nulla praesentium ad. Ad culpa voluptatem voluptas dolorem praesentium corrupti. Aperiam inventore quo porro dolor. Suscipit hic magnam omnis vero et.', 0, 0, '1992-08-30 23:38:31');
INSERT INTO `messages` (`id`, `from_user_id`, `to_user_id`, `body`, `is_important`, `is_delivered`, `created_at`) VALUES (22, 128, 11, 'Fugiat quae voluptatibus non ducimus est. Laboriosam repellat ut sequi accusantium voluptas aut quo est. Aspernatur libero ut illum sunt laudantium. Nesciunt nulla ipsam distinctio impedit molestiae non.', 0, 0, '1985-02-04 08:23:53');
INSERT INTO `messages` (`id`, `from_user_id`, `to_user_id`, `body`, `is_important`, `is_delivered`, `created_at`) VALUES (23, 99, 100, 'Et fuga soluta vel est consequuntur repellat. Aperiam molestias fugit aliquid dolores eum. Rerum voluptatem ea aperiam veritatis officia. Nam placeat rerum ipsum dolor.', 1, 1, '1982-12-29 18:01:46');
INSERT INTO `messages` (`id`, `from_user_id`, `to_user_id`, `body`, `is_important`, `is_delivered`, `created_at`) VALUES (24, 25, 5, 'Molestiae natus et voluptas ipsam voluptates molestiae velit soluta. Itaque consequatur labore rerum tempore. Autem aliquam voluptas tempore et aut praesentium earum aliquam. Quo laboriosam aut suscipit quo.', 0, 0, '1980-05-08 06:11:09');
INSERT INTO `messages` (`id`, `from_user_id`, `to_user_id`, `body`, `is_important`, `is_delivered`, `created_at`) VALUES (25, 368, 237, 'Tenetur dolores possimus consequatur ea iusto. Temporibus sit culpa molestiae fugit enim veniam. Minima temporibus natus voluptatem praesentium doloribus magnam aliquam. Similique magni consequatur veritatis est qui facere.', 0, 1, '1992-10-13 01:38:28');
INSERT INTO `messages` (`id`, `from_user_id`, `to_user_id`, `body`, `is_important`, `is_delivered`, `created_at`) VALUES (26, 16, 324, 'Corporis amet tempore possimus harum quidem. Modi aut in quasi veniam. Earum sint laboriosam impedit totam vel et necessitatibus voluptatem.', 0, 0, '2005-04-18 07:20:11');
INSERT INTO `messages` (`id`, `from_user_id`, `to_user_id`, `body`, `is_important`, `is_delivered`, `created_at`) VALUES (27, 297, 225, 'Omnis porro enim similique quis. Eos qui quibusdam sed nisi. Ea et veniam vitae voluptatem voluptatem illum quibusdam. Laboriosam cupiditate dicta quas et facilis aut. Quod consectetur fugiat provident minima aliquid aut.', 0, 1, '1984-02-21 03:31:02');
INSERT INTO `messages` (`id`, `from_user_id`, `to_user_id`, `body`, `is_important`, `is_delivered`, `created_at`) VALUES (28, 67, 141, 'Blanditiis ea soluta enim nulla dignissimos molestias. Voluptas excepturi aliquid est dignissimos quia. Enim rem officiis tempora voluptatibus architecto aut placeat.', 0, 1, '1975-05-13 11:45:54');
INSERT INTO `messages` (`id`, `from_user_id`, `to_user_id`, `body`, `is_important`, `is_delivered`, `created_at`) VALUES (29, 228, 289, 'Eos aut placeat in quae dolorum harum commodi. Corporis fuga sed nihil voluptatem laboriosam facilis error. Incidunt culpa dolore perferendis odio assumenda corporis.', 0, 0, '1993-06-17 12:33:32');
INSERT INTO `messages` (`id`, `from_user_id`, `to_user_id`, `body`, `is_important`, `is_delivered`, `created_at`) VALUES (30, 310, 121, 'Dolorem nihil et quidem consequatur rerum magnam voluptas dicta. Unde non illo dolore debitis. Enim sequi est minima nemo pariatur excepturi. Quis aliquam sed maiores pariatur quod.', 0, 0, '1974-07-07 00:42:07');
INSERT INTO `messages` (`id`, `from_user_id`, `to_user_id`, `body`, `is_important`, `is_delivered`, `created_at`) VALUES (31, 187, 145, 'Nobis aspernatur et soluta ex omnis rerum consequatur. In qui id alias voluptatum totam eius. Vel blanditiis perferendis esse est non aliquid sed. Fuga nesciunt repudiandae et non aut.', 0, 1, '2004-10-07 02:52:19');
INSERT INTO `messages` (`id`, `from_user_id`, `to_user_id`, `body`, `is_important`, `is_delivered`, `created_at`) VALUES (32, 77, 122, 'Sint est nihil id occaecati atque excepturi earum. Sint porro nobis error dolor excepturi molestiae dolorem. Explicabo est vitae vel.', 1, 1, '2010-02-24 01:03:37');
INSERT INTO `messages` (`id`, `from_user_id`, `to_user_id`, `body`, `is_important`, `is_delivered`, `created_at`) VALUES (33, 287, 291, 'Dolor dolore molestiae voluptas ea necessitatibus assumenda cupiditate vero. Rerum voluptatum qui nam officiis maiores. Vitae voluptatem qui itaque nostrum.', 1, 0, '1990-10-17 14:34:31');
INSERT INTO `messages` (`id`, `from_user_id`, `to_user_id`, `body`, `is_important`, `is_delivered`, `created_at`) VALUES (34, 14, 4, 'Aut repellat dolores voluptatum dolores aut dolor eum aut. Voluptatum eum et et nemo at neque molestiae. Veniam harum exercitationem minima ut dolorem explicabo consequatur.', 0, 0, '1989-06-04 01:06:58');
INSERT INTO `messages` (`id`, `from_user_id`, `to_user_id`, `body`, `is_important`, `is_delivered`, `created_at`) VALUES (35, 60, 166, 'Tempora fugiat iure nihil enim porro ut consequatur. Eum pariatur tempora impedit ex aut voluptatibus nulla. Sed quidem rem earum in est saepe.', 1, 0, '1977-12-23 05:39:51');
INSERT INTO `messages` (`id`, `from_user_id`, `to_user_id`, `body`, `is_important`, `is_delivered`, `created_at`) VALUES (36, 156, 254, 'Velit repellendus vero atque sapiente. Ea beatae sequi quibusdam facilis esse ea. Necessitatibus quae soluta iure. Adipisci non est expedita nesciunt asperiores reprehenderit.', 0, 0, '1998-08-19 22:32:43');
INSERT INTO `messages` (`id`, `from_user_id`, `to_user_id`, `body`, `is_important`, `is_delivered`, `created_at`) VALUES (37, 114, 283, 'Accusamus voluptatem eligendi nemo sint quis. Dolor quibusdam aut voluptatem animi est. Accusantium voluptatem quia ea dolores aut facilis nihil.', 0, 0, '2004-08-14 18:27:46');
INSERT INTO `messages` (`id`, `from_user_id`, `to_user_id`, `body`, `is_important`, `is_delivered`, `created_at`) VALUES (38, 265, 212, 'Repellat veritatis consequuntur magni iure quo necessitatibus. Nostrum ullam velit voluptatem et omnis asperiores. Quidem placeat eius odio enim minima ducimus nisi soluta.', 0, 1, '2003-03-10 14:54:42');
INSERT INTO `messages` (`id`, `from_user_id`, `to_user_id`, `body`, `is_important`, `is_delivered`, `created_at`) VALUES (39, 382, 289, 'Expedita ex molestias placeat omnis ut. Omnis perferendis ipsa qui qui autem debitis. Beatae debitis dolor ullam occaecati dolore.', 1, 1, '1990-01-26 07:52:36');
INSERT INTO `messages` (`id`, `from_user_id`, `to_user_id`, `body`, `is_important`, `is_delivered`, `created_at`) VALUES (40, 217, 349, 'Nemo quis quidem minus vel modi excepturi. Possimus possimus id error autem quo necessitatibus. Maiores ipsum omnis quis quisquam provident rerum eaque. Odit laudantium et enim alias provident.', 1, 0, '1973-03-25 07:57:57');
INSERT INTO `messages` (`id`, `from_user_id`, `to_user_id`, `body`, `is_important`, `is_delivered`, `created_at`) VALUES (41, 125, 233, 'Minima voluptates sint laudantium recusandae ut labore delectus. Soluta ratione non aut maiores quo fugiat. Sed quisquam corrupti veritatis et molestiae omnis et. Soluta dicta autem tempore.', 1, 1, '1998-06-22 05:44:22');
INSERT INTO `messages` (`id`, `from_user_id`, `to_user_id`, `body`, `is_important`, `is_delivered`, `created_at`) VALUES (42, 273, 22, 'Accusantium tempora accusantium nulla architecto. Minus et est recusandae amet cum fugiat tempora omnis.', 1, 0, '1973-04-13 03:52:36');
INSERT INTO `messages` (`id`, `from_user_id`, `to_user_id`, `body`, `is_important`, `is_delivered`, `created_at`) VALUES (43, 58, 339, 'Voluptatibus nemo culpa impedit eos vero. Perspiciatis laudantium autem sapiente.', 0, 1, '1978-06-10 14:21:36');
INSERT INTO `messages` (`id`, `from_user_id`, `to_user_id`, `body`, `is_important`, `is_delivered`, `created_at`) VALUES (44, 163, 285, 'Qui animi eligendi autem quas assumenda asperiores. Amet temporibus quia impedit harum sed et. Magnam quis velit commodi officia neque.', 1, 0, '1988-07-17 18:57:15');
INSERT INTO `messages` (`id`, `from_user_id`, `to_user_id`, `body`, `is_important`, `is_delivered`, `created_at`) VALUES (45, 228, 72, 'Facilis rerum atque sunt aliquid sed quo ipsa. Id reiciendis occaecati autem autem cum veritatis quia aperiam. Illo est adipisci adipisci illum explicabo quia quam.', 0, 1, '1993-08-04 13:26:07');
INSERT INTO `messages` (`id`, `from_user_id`, `to_user_id`, `body`, `is_important`, `is_delivered`, `created_at`) VALUES (46, 5, 14, 'Eius voluptatem error tempore maxime. Eaque commodi odit dolores ea aspernatur. Voluptas voluptate quibusdam asperiores qui.', 0, 0, '1996-11-01 18:28:57');
INSERT INTO `messages` (`id`, `from_user_id`, `to_user_id`, `body`, `is_important`, `is_delivered`, `created_at`) VALUES (47, 217, 82, 'Velit repellendus molestiae et eaque ad. Quia eos vero nostrum tempore. Non atque sed voluptas vero voluptatem.', 1, 1, '1998-08-05 21:17:35');
INSERT INTO `messages` (`id`, `from_user_id`, `to_user_id`, `body`, `is_important`, `is_delivered`, `created_at`) VALUES (48, 136, 103, 'Dolor nihil molestias repellat repudiandae aut dolorum ratione. Quis et illo optio voluptatem.', 1, 0, '1990-07-24 21:48:24');
INSERT INTO `messages` (`id`, `from_user_id`, `to_user_id`, `body`, `is_important`, `is_delivered`, `created_at`) VALUES (49, 373, 149, 'Et quo minus minima voluptate sed quod ipsa amet. Modi sint architecto qui voluptate in perspiciatis ut. Et aut nihil ex iusto. Sit et voluptatem voluptas eveniet sint et.', 1, 1, '1971-02-10 18:41:23');
INSERT INTO `messages` (`id`, `from_user_id`, `to_user_id`, `body`, `is_important`, `is_delivered`, `created_at`) VALUES (50, 107, 32, 'Perspiciatis molestias esse exercitationem corporis. Neque et vero architecto ipsam dolor necessitatibus quod. Nesciunt cum eos at aspernatur. Vero sed asperiores aspernatur sit reiciendis.', 0, 0, '2009-04-22 15:48:46');
INSERT INTO `messages` (`id`, `from_user_id`, `to_user_id`, `body`, `is_important`, `is_delivered`, `created_at`) VALUES (51, 314, 262, 'Laboriosam adipisci sed ut ut assumenda et. Totam est cumque laudantium voluptatem inventore. A perferendis aut in nisi eum ut.', 0, 0, '2009-12-16 07:10:06');
INSERT INTO `messages` (`id`, `from_user_id`, `to_user_id`, `body`, `is_important`, `is_delivered`, `created_at`) VALUES (52, 286, 28, 'Explicabo quaerat et corrupti temporibus voluptatem. Repellendus similique distinctio dolorem officia exercitationem impedit autem. Nisi earum ipsum dicta consequuntur natus beatae voluptatibus. Voluptatem ullam minus incidunt sit.', 0, 1, '2014-11-27 19:10:34');
INSERT INTO `messages` (`id`, `from_user_id`, `to_user_id`, `body`, `is_important`, `is_delivered`, `created_at`) VALUES (53, 145, 150, 'Et non nostrum accusantium laboriosam dolorem voluptates. Dolore reiciendis autem et suscipit consequatur. Expedita aut dolores aut. Rem labore officia molestias ab et et.', 0, 1, '2003-09-07 10:58:30');
INSERT INTO `messages` (`id`, `from_user_id`, `to_user_id`, `body`, `is_important`, `is_delivered`, `created_at`) VALUES (54, 240, 127, 'Itaque accusamus non aliquam consequatur at aut. At provident debitis voluptatem eos et magni. Voluptatem et exercitationem eaque aliquam. Laudantium voluptatem natus itaque.', 1, 0, '1986-06-25 06:12:55');
INSERT INTO `messages` (`id`, `from_user_id`, `to_user_id`, `body`, `is_important`, `is_delivered`, `created_at`) VALUES (55, 39, 56, 'Eaque aut vero eos modi. Ut porro dolorum ea consequatur. Nobis sunt et earum aut voluptatem aut quis.', 1, 1, '1983-12-04 01:36:48');
INSERT INTO `messages` (`id`, `from_user_id`, `to_user_id`, `body`, `is_important`, `is_delivered`, `created_at`) VALUES (56, 76, 163, 'Voluptatem porro illum modi animi. Itaque et aperiam deserunt molestiae ea sequi. Ut quia esse illo et fuga nihil. Eos qui deserunt voluptatem totam vero.', 1, 0, '1971-09-26 19:22:56');
INSERT INTO `messages` (`id`, `from_user_id`, `to_user_id`, `body`, `is_important`, `is_delivered`, `created_at`) VALUES (57, 289, 349, 'In rerum quia dolor. Expedita rerum eius suscipit aut fugiat esse aut similique. Rem perspiciatis ad officia dolorem.', 0, 1, '2012-02-15 22:00:27');
INSERT INTO `messages` (`id`, `from_user_id`, `to_user_id`, `body`, `is_important`, `is_delivered`, `created_at`) VALUES (58, 185, 346, 'Rerum temporibus illo facere qui dolorem. Velit suscipit exercitationem ut. Doloribus autem et eum eum fugiat.', 0, 0, '2011-04-27 20:47:04');
INSERT INTO `messages` (`id`, `from_user_id`, `to_user_id`, `body`, `is_important`, `is_delivered`, `created_at`) VALUES (59, 288, 347, 'Numquam quos nihil doloremque quia. Voluptatem consequatur alias recusandae. Optio doloribus est id magnam ad qui.', 1, 0, '2015-06-11 22:56:34');
INSERT INTO `messages` (`id`, `from_user_id`, `to_user_id`, `body`, `is_important`, `is_delivered`, `created_at`) VALUES (60, 230, 115, 'Velit et distinctio suscipit quos error ad. Dolor tempora ut facere ut nihil et quibusdam a. Occaecati et et sunt aut laudantium fugit repudiandae. Nam reiciendis blanditiis dolore ea et.', 0, 0, '2007-10-20 07:26:59');
INSERT INTO `messages` (`id`, `from_user_id`, `to_user_id`, `body`, `is_important`, `is_delivered`, `created_at`) VALUES (61, 19, 235, 'Ut ea deleniti nisi. Hic et minus ullam autem commodi veniam. Libero qui ea veniam.', 1, 1, '1976-01-21 16:28:26');
INSERT INTO `messages` (`id`, `from_user_id`, `to_user_id`, `body`, `is_important`, `is_delivered`, `created_at`) VALUES (62, 129, 235, 'Officia exercitationem laboriosam est dolor praesentium voluptas sed. Ut distinctio minima qui. Occaecati laboriosam assumenda placeat repellendus placeat sit possimus rerum.', 0, 1, '2012-12-08 14:09:52');
INSERT INTO `messages` (`id`, `from_user_id`, `to_user_id`, `body`, `is_important`, `is_delivered`, `created_at`) VALUES (63, 317, 264, 'Odit iure facilis neque quasi et sint ratione. Id sed dolores ut non sed amet sunt quia. Omnis minima voluptatem ex ipsam quasi amet.', 0, 0, '1971-05-21 18:42:04');
INSERT INTO `messages` (`id`, `from_user_id`, `to_user_id`, `body`, `is_important`, `is_delivered`, `created_at`) VALUES (64, 338, 289, 'Iusto deserunt possimus consequuntur totam aut nihil ut. Ut facere et est enim aspernatur maxime. Quia reprehenderit ut animi eligendi numquam ea odit.', 1, 1, '2014-03-09 18:19:13');
INSERT INTO `messages` (`id`, `from_user_id`, `to_user_id`, `body`, `is_important`, `is_delivered`, `created_at`) VALUES (65, 12, 44, 'Minima explicabo libero eveniet impedit odio commodi. Perferendis amet quia expedita. Fuga et repellat magni rerum voluptatem. Facilis temporibus perspiciatis sed repellendus perferendis reiciendis.', 0, 1, '1989-08-19 09:03:17');
INSERT INTO `messages` (`id`, `from_user_id`, `to_user_id`, `body`, `is_important`, `is_delivered`, `created_at`) VALUES (66, 320, 326, 'Quam veritatis officia est enim corrupti molestiae distinctio. Accusantium nulla magni nisi laborum et quidem magni. Nulla sit voluptatibus doloribus est adipisci. Quia natus quas voluptatem quia mollitia rem.', 1, 0, '2008-10-24 02:25:16');
INSERT INTO `messages` (`id`, `from_user_id`, `to_user_id`, `body`, `is_important`, `is_delivered`, `created_at`) VALUES (67, 306, 206, 'Omnis id in velit. Quod facere tempora dolores et et nisi. Quos quia error sed ex itaque esse magni ut. Pariatur aspernatur similique qui ex qui dicta.', 1, 0, '2011-01-18 18:08:01');
INSERT INTO `messages` (`id`, `from_user_id`, `to_user_id`, `body`, `is_important`, `is_delivered`, `created_at`) VALUES (68, 354, 51, 'Aliquam deleniti dignissimos ex praesentium veritatis. Omnis in non at quis et. Unde pariatur debitis unde nesciunt asperiores. Molestias a quaerat corporis ut.', 1, 1, '1990-01-18 17:41:05');
INSERT INTO `messages` (`id`, `from_user_id`, `to_user_id`, `body`, `is_important`, `is_delivered`, `created_at`) VALUES (69, 355, 193, 'Quia quo rerum sit est quod qui qui nihil. Et nesciunt repudiandae voluptas. Occaecati ut culpa non error. Natus dolores commodi exercitationem.', 0, 0, '1971-03-03 22:25:12');
INSERT INTO `messages` (`id`, `from_user_id`, `to_user_id`, `body`, `is_important`, `is_delivered`, `created_at`) VALUES (70, 177, 393, 'Sed rerum velit quod sunt omnis veritatis et. Qui aut quod id sit.', 1, 0, '2017-01-20 11:55:34');
INSERT INTO `messages` (`id`, `from_user_id`, `to_user_id`, `body`, `is_important`, `is_delivered`, `created_at`) VALUES (71, 249, 253, 'Distinctio veritatis corrupti qui. Corporis excepturi ducimus quia sint. Dolor odit amet eaque ipsa.', 1, 0, '2016-02-28 17:01:57');
INSERT INTO `messages` (`id`, `from_user_id`, `to_user_id`, `body`, `is_important`, `is_delivered`, `created_at`) VALUES (72, 156, 137, 'At qui nesciunt nesciunt molestiae est. Quia nulla voluptas earum repudiandae.', 0, 1, '1979-12-20 15:57:02');
INSERT INTO `messages` (`id`, `from_user_id`, `to_user_id`, `body`, `is_important`, `is_delivered`, `created_at`) VALUES (73, 201, 340, 'Sint optio non eaque pariatur quos omnis aut. Inventore tenetur qui eos asperiores iste. Molestias a quasi autem aliquam. Qui deleniti aspernatur voluptatibus nihil vitae.', 0, 1, '1970-09-15 12:45:09');
INSERT INTO `messages` (`id`, `from_user_id`, `to_user_id`, `body`, `is_important`, `is_delivered`, `created_at`) VALUES (74, 82, 88, 'Laborum occaecati totam nihil aliquid soluta necessitatibus. Et deleniti et voluptas explicabo natus. Perspiciatis ratione natus expedita iste nulla. Voluptatem minima id ipsa deleniti ut eum rem. Debitis vitae optio rerum fuga.', 1, 0, '1973-09-20 15:21:39');
INSERT INTO `messages` (`id`, `from_user_id`, `to_user_id`, `body`, `is_important`, `is_delivered`, `created_at`) VALUES (75, 286, 312, 'Et consequuntur labore quidem maiores placeat ut iure. Aut et debitis neque neque rem quis.', 0, 0, '1981-03-21 10:16:52');
INSERT INTO `messages` (`id`, `from_user_id`, `to_user_id`, `body`, `is_important`, `is_delivered`, `created_at`) VALUES (76, 202, 305, 'Rerum similique ut velit magni. Id est ipsum laboriosam et consectetur. Voluptatem ex velit expedita enim delectus unde eum.', 0, 1, '2000-12-04 10:44:17');
INSERT INTO `messages` (`id`, `from_user_id`, `to_user_id`, `body`, `is_important`, `is_delivered`, `created_at`) VALUES (77, 147, 330, 'Consectetur necessitatibus sed commodi natus. Dolorem reprehenderit laudantium eum aut iusto ut ipsam. Omnis voluptatibus a alias recusandae veniam facere. Error totam maiores quis et.', 0, 1, '1988-02-28 13:26:20');
INSERT INTO `messages` (`id`, `from_user_id`, `to_user_id`, `body`, `is_important`, `is_delivered`, `created_at`) VALUES (78, 139, 63, 'Sequi et est quam. Tenetur sunt et fugit vel voluptatibus occaecati accusamus. Molestiae officia aut natus soluta.', 0, 0, '2000-02-10 00:57:49');
INSERT INTO `messages` (`id`, `from_user_id`, `to_user_id`, `body`, `is_important`, `is_delivered`, `created_at`) VALUES (79, 194, 76, 'Est modi voluptatibus magnam voluptatem repudiandae ipsa consectetur odit. Ut a placeat sunt rerum eos sed hic quaerat. Qui earum mollitia illum quia qui eos.', 1, 1, '1986-02-09 07:16:20');
INSERT INTO `messages` (`id`, `from_user_id`, `to_user_id`, `body`, `is_important`, `is_delivered`, `created_at`) VALUES (80, 351, 206, 'Aut est non omnis facere. Molestias voluptatibus a eius nulla ea voluptas aspernatur voluptatem. Unde in sit nesciunt eveniet qui voluptas. Dolor deserunt consequatur eligendi qui ut suscipit.', 1, 1, '1987-12-22 11:44:43');
INSERT INTO `messages` (`id`, `from_user_id`, `to_user_id`, `body`, `is_important`, `is_delivered`, `created_at`) VALUES (81, 120, 271, 'Excepturi sed quasi praesentium consequuntur adipisci commodi. Nostrum dolor non adipisci sed. Impedit et eaque asperiores qui ipsa iste aliquid. Iusto aliquam id non et architecto sapiente et.', 0, 1, '1990-08-17 09:56:11');
INSERT INTO `messages` (`id`, `from_user_id`, `to_user_id`, `body`, `is_important`, `is_delivered`, `created_at`) VALUES (82, 132, 25, 'Voluptatem sed repudiandae nobis accusamus. Ducimus doloribus molestias praesentium non non nesciunt voluptatibus quo. Dolorem porro repellendus tenetur est optio.', 0, 1, '1998-07-06 00:37:47');
INSERT INTO `messages` (`id`, `from_user_id`, `to_user_id`, `body`, `is_important`, `is_delivered`, `created_at`) VALUES (83, 76, 85, 'Saepe quia dolorem magni est earum dolor quos. Repudiandae nam perspiciatis sit esse dolorem quam. Ea qui sed in molestiae voluptatibus qui voluptatem.', 1, 0, '2008-10-22 02:45:27');
INSERT INTO `messages` (`id`, `from_user_id`, `to_user_id`, `body`, `is_important`, `is_delivered`, `created_at`) VALUES (84, 75, 31, 'Quibusdam blanditiis est et quos aspernatur esse. Molestiae ut minus dolor qui ut magni qui. Praesentium enim cupiditate dolorem qui. Nesciunt praesentium reprehenderit deserunt voluptas molestiae.', 1, 0, '2006-08-06 18:44:10');
INSERT INTO `messages` (`id`, `from_user_id`, `to_user_id`, `body`, `is_important`, `is_delivered`, `created_at`) VALUES (85, 277, 252, 'Expedita ut at distinctio voluptatem omnis accusantium. Officiis quam perspiciatis quasi nihil nobis sint voluptate. Sunt consequatur error facilis sunt iure voluptas eius.', 0, 1, '1976-01-21 23:14:36');
INSERT INTO `messages` (`id`, `from_user_id`, `to_user_id`, `body`, `is_important`, `is_delivered`, `created_at`) VALUES (86, 23, 126, 'Incidunt aut qui non magnam delectus iste. Sed omnis consequatur a quia repudiandae odit neque et. Ut officia occaecati doloribus velit molestias quo eius culpa. Ab earum ut laboriosam eius dolor voluptatem laboriosam. Quod dolorum voluptatum repellat quas voluptas.', 1, 0, '1988-11-23 14:17:47');
INSERT INTO `messages` (`id`, `from_user_id`, `to_user_id`, `body`, `is_important`, `is_delivered`, `created_at`) VALUES (87, 104, 178, 'Quidem fuga ipsa ipsa et. Id delectus aut ut consectetur non. Aut aspernatur eum labore quam mollitia iste.', 0, 1, '1980-05-18 18:33:30');
INSERT INTO `messages` (`id`, `from_user_id`, `to_user_id`, `body`, `is_important`, `is_delivered`, `created_at`) VALUES (88, 262, 304, 'Ut ut nihil voluptates esse sapiente maiores. Repudiandae dolor maxime quas aut modi qui qui. Et et dicta et ea quam eligendi maiores quia. Voluptatum hic non dolor porro impedit porro veritatis tenetur.', 0, 1, '1976-12-19 23:14:44');
INSERT INTO `messages` (`id`, `from_user_id`, `to_user_id`, `body`, `is_important`, `is_delivered`, `created_at`) VALUES (89, 118, 343, 'Debitis perspiciatis expedita fugit voluptatum ipsam ab et. Ex nemo non voluptates excepturi nihil. Ut molestias autem consectetur ducimus hic a velit.', 0, 1, '1999-06-09 17:43:49');
INSERT INTO `messages` (`id`, `from_user_id`, `to_user_id`, `body`, `is_important`, `is_delivered`, `created_at`) VALUES (90, 391, 3, 'Velit dolores quibusdam incidunt inventore commodi dicta. Eligendi aut expedita neque. Odit animi consequatur quia et laboriosam voluptas consectetur a. Ut dolor sed dolorem ex rerum omnis.', 1, 0, '1989-01-05 01:40:41');
INSERT INTO `messages` (`id`, `from_user_id`, `to_user_id`, `body`, `is_important`, `is_delivered`, `created_at`) VALUES (91, 255, 193, 'Eum consequatur praesentium qui voluptas aspernatur et. Excepturi adipisci voluptas iste. Sequi reprehenderit natus consequatur quae dignissimos occaecati ad aut.', 1, 0, '2002-09-24 08:46:10');
INSERT INTO `messages` (`id`, `from_user_id`, `to_user_id`, `body`, `is_important`, `is_delivered`, `created_at`) VALUES (92, 308, 1, 'Aliquid est exercitationem quidem id a vel. Enim iste nesciunt unde molestiae consequatur. Tenetur exercitationem et explicabo dolorem. Quia voluptatem aut soluta odio eaque.', 1, 1, '2000-09-21 15:31:01');
INSERT INTO `messages` (`id`, `from_user_id`, `to_user_id`, `body`, `is_important`, `is_delivered`, `created_at`) VALUES (93, 123, 46, 'Ab sed facilis aut. Eligendi reiciendis qui dicta nesciunt aliquam. Numquam dolorem ullam fuga voluptas.', 0, 0, '2015-09-30 08:15:06');
INSERT INTO `messages` (`id`, `from_user_id`, `to_user_id`, `body`, `is_important`, `is_delivered`, `created_at`) VALUES (94, 63, 316, 'Corrupti numquam corrupti quae fugit nesciunt dignissimos sint. Ducimus consequatur non aut in fugiat qui aut. Magni ut temporibus molestias voluptas debitis aspernatur. Aliquid commodi ut dolorem sint.', 0, 0, '1994-07-28 23:26:45');
INSERT INTO `messages` (`id`, `from_user_id`, `to_user_id`, `body`, `is_important`, `is_delivered`, `created_at`) VALUES (95, 122, 14, 'Voluptas aperiam vero commodi. Expedita eum qui et repudiandae dolores a. Sequi laboriosam iste omnis ab modi et. Asperiores provident itaque quis iusto suscipit facere quod aliquid.', 0, 0, '1982-03-14 14:12:03');
INSERT INTO `messages` (`id`, `from_user_id`, `to_user_id`, `body`, `is_important`, `is_delivered`, `created_at`) VALUES (96, 122, 241, 'Voluptatem voluptas soluta excepturi aut. Mollitia inventore id ut occaecati maxime voluptate est quas. Et soluta inventore fugiat aut. Eos molestias amet perspiciatis fuga.', 1, 0, '2015-01-02 03:35:18');
INSERT INTO `messages` (`id`, `from_user_id`, `to_user_id`, `body`, `is_important`, `is_delivered`, `created_at`) VALUES (97, 285, 253, 'Sunt quis quae dicta. Est aut illum ducimus. Quibusdam voluptatem saepe quisquam dolorem et. Alias dicta labore quo voluptatem optio quae.', 1, 1, '2011-11-22 01:29:11');
INSERT INTO `messages` (`id`, `from_user_id`, `to_user_id`, `body`, `is_important`, `is_delivered`, `created_at`) VALUES (98, 266, 361, 'Sit incidunt est consequatur qui eaque. Iste eos illum optio repudiandae voluptas. Perspiciatis dicta et quisquam non voluptatem reiciendis voluptate.', 1, 1, '1984-07-05 12:54:43');
INSERT INTO `messages` (`id`, `from_user_id`, `to_user_id`, `body`, `is_important`, `is_delivered`, `created_at`) VALUES (99, 338, 341, 'Dolorum quibusdam quaerat enim eaque pariatur non. Magni qui est ut quod dolorem. Iure similique debitis fugit at sit error commodi. Porro tempore nobis accusantium vel aliquam. Numquam reprehenderit et qui repudiandae.', 0, 0, '2013-10-29 04:03:26');
INSERT INTO `messages` (`id`, `from_user_id`, `to_user_id`, `body`, `is_important`, `is_delivered`, `created_at`) VALUES (100, 391, 215, 'Aut natus est ad dignissimos dicta voluptatibus. Ea consectetur in eum vitae ratione modi. Minima ut non tenetur vitae est ut totam. In doloribus qui quae et.', 0, 0, '1979-11-08 10:51:44');
INSERT INTO `messages` (`id`, `from_user_id`, `to_user_id`, `body`, `is_important`, `is_delivered`, `created_at`) VALUES (101, 192, 13, 'Placeat voluptates aperiam voluptas nostrum et sit. Neque quia tempore quod rerum est. Nihil nesciunt fuga deleniti veniam. Ullam commodi at omnis voluptas officia provident.', 0, 1, '1997-06-05 08:11:39');
INSERT INTO `messages` (`id`, `from_user_id`, `to_user_id`, `body`, `is_important`, `is_delivered`, `created_at`) VALUES (102, 340, 295, 'Perspiciatis dicta architecto ipsa autem praesentium qui ullam repellendus. Aut quasi non officiis nihil. Accusantium atque non deserunt atque impedit harum. Sed deserunt voluptatibus ut ipsa. Quam dolorum doloremque ducimus velit qui sunt et cupiditate.', 1, 1, '1992-03-04 17:52:57');
INSERT INTO `messages` (`id`, `from_user_id`, `to_user_id`, `body`, `is_important`, `is_delivered`, `created_at`) VALUES (103, 191, 201, 'Et aut voluptatem ducimus ab enim atque. Cupiditate labore sed impedit est cumque. Dignissimos atque non ut ut. Modi blanditiis esse ipsum qui. Consequuntur aut et est quam nostrum et perspiciatis.', 1, 0, '2007-08-25 18:16:19');
INSERT INTO `messages` (`id`, `from_user_id`, `to_user_id`, `body`, `is_important`, `is_delivered`, `created_at`) VALUES (104, 199, 308, 'Doloribus in ab vero sequi dignissimos. Illum velit sint corporis necessitatibus omnis. Sint vitae magnam enim veniam adipisci.', 1, 0, '1995-07-05 22:31:10');
INSERT INTO `messages` (`id`, `from_user_id`, `to_user_id`, `body`, `is_important`, `is_delivered`, `created_at`) VALUES (105, 144, 189, 'Alias et tenetur reprehenderit similique error autem quis. Et minus corrupti optio adipisci autem voluptas qui. Consequatur beatae recusandae nulla odit veniam quidem incidunt occaecati.', 0, 1, '1995-12-26 11:33:47');
INSERT INTO `messages` (`id`, `from_user_id`, `to_user_id`, `body`, `is_important`, `is_delivered`, `created_at`) VALUES (106, 311, 398, 'Fugiat odio itaque et nihil ut molestias. Hic asperiores similique atque rerum. Itaque est iste soluta dolor quam et eaque. Omnis quibusdam ut qui laborum recusandae enim. Et aut rem aut id.', 1, 0, '1994-08-12 23:30:55');
INSERT INTO `messages` (`id`, `from_user_id`, `to_user_id`, `body`, `is_important`, `is_delivered`, `created_at`) VALUES (107, 382, 218, 'Molestiae amet et voluptas. Accusantium nesciunt soluta ea dolores qui eius omnis. Quis consectetur laboriosam et omnis velit labore architecto. Illum facilis molestias assumenda ipsum.', 0, 0, '2017-04-15 09:31:33');
INSERT INTO `messages` (`id`, `from_user_id`, `to_user_id`, `body`, `is_important`, `is_delivered`, `created_at`) VALUES (108, 398, 105, 'Libero eveniet autem quia. Velit laudantium voluptates et maiores porro dolor quisquam. Eum saepe officiis est. Blanditiis temporibus ducimus dicta adipisci.', 0, 0, '2011-02-19 23:20:10');
INSERT INTO `messages` (`id`, `from_user_id`, `to_user_id`, `body`, `is_important`, `is_delivered`, `created_at`) VALUES (109, 264, 61, 'Repudiandae dolor saepe quod quidem porro deserunt. At qui eveniet nostrum et sequi. Sit qui iure et rerum. Ut perferendis accusamus ab perferendis sint facere ipsam.', 1, 1, '1998-12-06 20:35:12');
INSERT INTO `messages` (`id`, `from_user_id`, `to_user_id`, `body`, `is_important`, `is_delivered`, `created_at`) VALUES (110, 21, 385, 'Quo et est quia est animi qui. Et qui quam est. Et illum modi et non. Autem quisquam hic perspiciatis minus voluptatem quis iusto.', 1, 0, '1971-01-16 08:40:33');
INSERT INTO `messages` (`id`, `from_user_id`, `to_user_id`, `body`, `is_important`, `is_delivered`, `created_at`) VALUES (111, 75, 142, 'Est quos et ducimus quas harum qui. Velit molestiae saepe commodi ipsum sit iure. Ratione impedit perferendis voluptas corrupti quia nam.', 1, 0, '2001-08-16 15:35:35');
INSERT INTO `messages` (`id`, `from_user_id`, `to_user_id`, `body`, `is_important`, `is_delivered`, `created_at`) VALUES (112, 226, 360, 'Minima id incidunt molestiae illo voluptatem sed. Aspernatur enim suscipit et praesentium sint hic. Fuga molestias ab sunt totam.', 0, 0, '2004-04-08 01:29:07');
INSERT INTO `messages` (`id`, `from_user_id`, `to_user_id`, `body`, `is_important`, `is_delivered`, `created_at`) VALUES (113, 395, 92, 'Quo laudantium unde dignissimos amet. Consequatur in voluptatem quos harum iure.', 1, 1, '1994-10-19 23:21:59');
INSERT INTO `messages` (`id`, `from_user_id`, `to_user_id`, `body`, `is_important`, `is_delivered`, `created_at`) VALUES (114, 320, 332, 'Ducimus repellat qui ut laudantium omnis ea aut. Id voluptas eius quam excepturi. Nisi similique labore debitis laborum culpa qui facere. Aspernatur dolorem ea reiciendis nostrum.', 0, 0, '1976-10-30 06:23:50');
INSERT INTO `messages` (`id`, `from_user_id`, `to_user_id`, `body`, `is_important`, `is_delivered`, `created_at`) VALUES (115, 32, 310, 'Non pariatur consequatur exercitationem inventore veritatis. Id soluta aut odio aperiam. Quis cumque magni ratione voluptatum nobis illo odio. Mollitia sunt at voluptates molestiae. Nostrum modi est cumque accusamus et.', 1, 0, '1976-10-22 22:52:05');
INSERT INTO `messages` (`id`, `from_user_id`, `to_user_id`, `body`, `is_important`, `is_delivered`, `created_at`) VALUES (116, 146, 223, 'Sapiente non sit eos et. Et qui et consequuntur ut itaque labore. Impedit eum vero et velit illum. Adipisci voluptatem tempore quaerat aperiam modi sed. Voluptatem recusandae excepturi beatae ut voluptates.', 0, 0, '1984-11-06 14:07:12');
INSERT INTO `messages` (`id`, `from_user_id`, `to_user_id`, `body`, `is_important`, `is_delivered`, `created_at`) VALUES (117, 322, 85, 'Et aliquam rem necessitatibus beatae eum corrupti qui eius. Nostrum vel deserunt voluptatem eveniet magni. Laboriosam sunt quos minus nulla nesciunt.', 1, 1, '2009-11-20 14:40:29');
INSERT INTO `messages` (`id`, `from_user_id`, `to_user_id`, `body`, `is_important`, `is_delivered`, `created_at`) VALUES (118, 118, 113, 'Architecto sit commodi quia esse dolor saepe magni. Rerum ipsam eaque eius saepe sed est. Velit eaque dolores recusandae tempora aut tempora qui a.', 0, 1, '2008-11-01 23:57:17');
INSERT INTO `messages` (`id`, `from_user_id`, `to_user_id`, `body`, `is_important`, `is_delivered`, `created_at`) VALUES (119, 286, 316, 'Necessitatibus enim ut et iure iste. Distinctio quidem eaque officiis ex aut a cum. Aut magni omnis eveniet. Optio et est ullam necessitatibus voluptas.', 0, 0, '1980-08-30 23:20:42');
INSERT INTO `messages` (`id`, `from_user_id`, `to_user_id`, `body`, `is_important`, `is_delivered`, `created_at`) VALUES (120, 20, 29, 'Repellendus occaecati ut sunt. Unde laboriosam nemo accusantium aliquid quia.', 0, 0, '1978-04-01 13:54:23');
INSERT INTO `messages` (`id`, `from_user_id`, `to_user_id`, `body`, `is_important`, `is_delivered`, `created_at`) VALUES (121, 105, 330, 'Eius nemo ut facilis perferendis distinctio. Ad modi alias qui fugiat vitae fugit quia. Ab mollitia dicta ipsum et. Molestias ea ex facilis sint quis libero.', 1, 0, '1984-01-16 18:16:40');
INSERT INTO `messages` (`id`, `from_user_id`, `to_user_id`, `body`, `is_important`, `is_delivered`, `created_at`) VALUES (122, 26, 87, 'Doloribus fugit rem perferendis quis itaque aut. Culpa laudantium temporibus in sit sit. Neque quae voluptate cumque ducimus aperiam veritatis voluptatem. Molestiae consequatur error maxime quas suscipit eius id.', 0, 1, '1998-07-19 03:23:39');
INSERT INTO `messages` (`id`, `from_user_id`, `to_user_id`, `body`, `is_important`, `is_delivered`, `created_at`) VALUES (123, 147, 24, 'Quas mollitia quos provident illo quod. Aut est voluptatum necessitatibus molestiae. Maiores et officiis expedita.', 1, 1, '2007-05-03 04:15:58');
INSERT INTO `messages` (`id`, `from_user_id`, `to_user_id`, `body`, `is_important`, `is_delivered`, `created_at`) VALUES (124, 191, 10, 'Sed ex in cupiditate in rem quia consequatur. Sunt assumenda aperiam voluptas qui voluptatem autem. Maiores odio est ad numquam velit autem. Et in rem et accusantium.', 1, 1, '1985-08-10 03:48:23');
INSERT INTO `messages` (`id`, `from_user_id`, `to_user_id`, `body`, `is_important`, `is_delivered`, `created_at`) VALUES (125, 85, 211, 'Ratione fugit veritatis nihil aspernatur repudiandae hic laudantium dolore. Omnis corrupti officiis voluptate reiciendis ea. Asperiores eum unde voluptatem est omnis officiis delectus.', 0, 0, '2002-05-28 08:12:26');
INSERT INTO `messages` (`id`, `from_user_id`, `to_user_id`, `body`, `is_important`, `is_delivered`, `created_at`) VALUES (126, 395, 160, 'Sunt ut ut nobis neque. Aliquid error placeat laudantium voluptatibus id. Dolorum deserunt reiciendis enim dicta et.', 0, 1, '2014-07-31 09:20:24');
INSERT INTO `messages` (`id`, `from_user_id`, `to_user_id`, `body`, `is_important`, `is_delivered`, `created_at`) VALUES (127, 352, 221, 'Dolor dolorum ipsa doloribus voluptas rem. Nihil totam consequatur id sint cumque laborum. Est sit debitis at est itaque illum. Sit qui sunt non inventore.', 0, 0, '2001-11-27 23:05:25');
INSERT INTO `messages` (`id`, `from_user_id`, `to_user_id`, `body`, `is_important`, `is_delivered`, `created_at`) VALUES (128, 119, 346, 'Vero est et similique asperiores et non. Ut minus molestiae aspernatur officiis officiis et et. Fuga ut dolorem expedita quidem qui ut.', 1, 0, '2014-08-17 19:51:52');
INSERT INTO `messages` (`id`, `from_user_id`, `to_user_id`, `body`, `is_important`, `is_delivered`, `created_at`) VALUES (129, 312, 38, 'Nesciunt voluptas consequatur molestiae. Quasi minus cumque autem nobis totam. Sed fugiat atque ex repudiandae in dolores. Sed rem voluptatem eum rerum veritatis.', 1, 0, '1970-04-10 11:32:21');
INSERT INTO `messages` (`id`, `from_user_id`, `to_user_id`, `body`, `is_important`, `is_delivered`, `created_at`) VALUES (130, 277, 344, 'Voluptatem et voluptatum aut inventore reiciendis reiciendis cupiditate voluptatem. Ut at ratione quos optio sunt molestiae iste. Provident vel officia quia odit. Culpa ipsam qui iste sunt blanditiis eveniet.', 0, 0, '1984-11-26 18:09:29');
INSERT INTO `messages` (`id`, `from_user_id`, `to_user_id`, `body`, `is_important`, `is_delivered`, `created_at`) VALUES (131, 348, 22, 'Est impedit qui nisi cupiditate beatae velit. Et velit voluptates vero.', 0, 1, '2014-10-21 01:08:08');
INSERT INTO `messages` (`id`, `from_user_id`, `to_user_id`, `body`, `is_important`, `is_delivered`, `created_at`) VALUES (132, 166, 270, 'Quasi iure consequatur ut debitis voluptatem repellendus. Recusandae quia consequatur est id odio nulla. Quae ut molestiae est debitis.', 0, 0, '2013-12-11 05:39:02');
INSERT INTO `messages` (`id`, `from_user_id`, `to_user_id`, `body`, `is_important`, `is_delivered`, `created_at`) VALUES (133, 107, 284, 'Hic sed aut itaque sunt. Eos aut quae consectetur aliquid. Quo voluptates et fuga tenetur laudantium consequatur dignissimos. Et magnam accusantium voluptatum non et doloribus eum magni. Vel deserunt est aut nesciunt culpa a sed.', 1, 0, '1972-11-17 09:10:09');
INSERT INTO `messages` (`id`, `from_user_id`, `to_user_id`, `body`, `is_important`, `is_delivered`, `created_at`) VALUES (134, 382, 392, 'Culpa et quia ipsa cupiditate tenetur animi voluptates ipsa. Est maiores recusandae rerum sequi esse doloremque. Et eum iure vero excepturi veritatis.', 0, 1, '2010-05-05 20:14:16');
INSERT INTO `messages` (`id`, `from_user_id`, `to_user_id`, `body`, `is_important`, `is_delivered`, `created_at`) VALUES (135, 200, 1, 'Voluptates qui est laudantium hic eos temporibus. Maxime repellat et tempore. Facere eos aliquid vel iure ipsum. Totam sit sit a quidem sint.', 1, 0, '1970-07-29 02:11:32');
INSERT INTO `messages` (`id`, `from_user_id`, `to_user_id`, `body`, `is_important`, `is_delivered`, `created_at`) VALUES (136, 20, 304, 'Amet fugit a quidem voluptate dolor. Qui magnam incidunt eum tempora et et. Voluptas est quia voluptatem quidem.', 0, 1, '2009-10-28 15:20:57');
INSERT INTO `messages` (`id`, `from_user_id`, `to_user_id`, `body`, `is_important`, `is_delivered`, `created_at`) VALUES (137, 330, 46, 'Incidunt repellendus laboriosam ut minima doloremque error doloribus. Sint nam vero officia.', 0, 0, '1987-02-19 09:31:32');
INSERT INTO `messages` (`id`, `from_user_id`, `to_user_id`, `body`, `is_important`, `is_delivered`, `created_at`) VALUES (138, 390, 77, 'Rerum voluptatem dolores omnis dolores et iste non. Vel hic ut quis numquam molestias sed et. Eum et suscipit ex ut.', 1, 1, '2004-12-12 12:42:49');
INSERT INTO `messages` (`id`, `from_user_id`, `to_user_id`, `body`, `is_important`, `is_delivered`, `created_at`) VALUES (139, 70, 181, 'Vel enim et sunt commodi maxime repellat et. Corrupti sit praesentium neque tempora repudiandae veniam. Culpa neque sint sit veniam. Enim et placeat laboriosam explicabo.', 0, 1, '2005-08-14 11:02:59');
INSERT INTO `messages` (`id`, `from_user_id`, `to_user_id`, `body`, `is_important`, `is_delivered`, `created_at`) VALUES (140, 87, 155, 'Accusantium sapiente excepturi unde natus quod nesciunt officiis et. Vitae repudiandae non aut dicta. Ab deleniti sequi rerum nobis.', 0, 1, '2018-09-21 00:39:22');
INSERT INTO `messages` (`id`, `from_user_id`, `to_user_id`, `body`, `is_important`, `is_delivered`, `created_at`) VALUES (141, 391, 82, 'Ipsum voluptas quae dolorum mollitia. Numquam aspernatur est ea fugiat molestiae. Dolorem dolor ut sit mollitia velit illum.', 0, 0, '1982-06-11 17:33:06');
INSERT INTO `messages` (`id`, `from_user_id`, `to_user_id`, `body`, `is_important`, `is_delivered`, `created_at`) VALUES (142, 315, 342, 'Corporis ex odio modi. Nihil dolorem dignissimos id ea. Est praesentium corrupti vero culpa quasi. Animi fuga veritatis aut dolor non qui.', 1, 1, '1977-02-13 07:22:20');
INSERT INTO `messages` (`id`, `from_user_id`, `to_user_id`, `body`, `is_important`, `is_delivered`, `created_at`) VALUES (143, 302, 34, 'Itaque necessitatibus non et exercitationem eveniet reiciendis. Atque ea nostrum aut voluptates exercitationem dolorem repudiandae. Fuga consequuntur fugit sequi accusamus magni. Adipisci cupiditate ducimus asperiores molestiae deserunt ut odit.', 1, 0, '1984-08-13 21:18:09');
INSERT INTO `messages` (`id`, `from_user_id`, `to_user_id`, `body`, `is_important`, `is_delivered`, `created_at`) VALUES (144, 288, 214, 'Tempora qui quibusdam praesentium sed commodi eos. Qui nisi omnis hic dolor quam eius repellendus voluptates. Beatae mollitia deleniti et quaerat illum. Quisquam qui sapiente sed omnis voluptas nemo.', 1, 1, '1985-07-24 15:53:46');
INSERT INTO `messages` (`id`, `from_user_id`, `to_user_id`, `body`, `is_important`, `is_delivered`, `created_at`) VALUES (145, 71, 165, 'Veniam qui veniam quibusdam aspernatur fuga. Autem ut sint quo natus voluptatem. Accusamus sed autem sint esse labore molestiae.', 0, 0, '2018-01-01 21:08:44');
INSERT INTO `messages` (`id`, `from_user_id`, `to_user_id`, `body`, `is_important`, `is_delivered`, `created_at`) VALUES (146, 157, 19, 'Quibusdam omnis reprehenderit incidunt ipsam qui eaque. Molestiae unde aut et voluptatem et sint odio voluptatibus. Deleniti non impedit vel aut magnam quo sequi. Possimus omnis vel eaque commodi aliquid quidem.', 0, 0, '1984-08-29 01:44:34');
INSERT INTO `messages` (`id`, `from_user_id`, `to_user_id`, `body`, `is_important`, `is_delivered`, `created_at`) VALUES (147, 187, 323, 'Quisquam facilis et doloremque magnam accusamus. Sit odio qui accusantium incidunt est nihil illo. Similique in ea illum culpa officia sit incidunt. Sapiente velit deserunt tempore qui.', 1, 0, '2000-03-15 20:05:50');
INSERT INTO `messages` (`id`, `from_user_id`, `to_user_id`, `body`, `is_important`, `is_delivered`, `created_at`) VALUES (148, 288, 293, 'Eveniet consectetur sequi ducimus fuga. Quisquam sint rem minima mollitia velit veniam eos. Dicta doloribus facere necessitatibus quod labore non.', 1, 0, '1973-01-15 23:54:40');
INSERT INTO `messages` (`id`, `from_user_id`, `to_user_id`, `body`, `is_important`, `is_delivered`, `created_at`) VALUES (149, 206, 269, 'Quidem error et sed quae voluptas saepe rerum. Ducimus distinctio sed similique non. Quaerat sit accusamus consequatur quia repudiandae.', 1, 0, '1981-01-10 02:34:17');
INSERT INTO `messages` (`id`, `from_user_id`, `to_user_id`, `body`, `is_important`, `is_delivered`, `created_at`) VALUES (150, 284, 6, 'Rerum qui sed quo ipsa dolor. Ab quia unde sunt enim optio quia. Quibusdam iste nemo odit rerum omnis quo.', 1, 1, '1972-01-24 01:15:43');
INSERT INTO `messages` (`id`, `from_user_id`, `to_user_id`, `body`, `is_important`, `is_delivered`, `created_at`) VALUES (151, 269, 304, 'Cumque voluptas ducimus magni. Asperiores itaque natus ipsam dicta nesciunt. Quia aliquid sit beatae et sint.', 1, 0, '1970-03-05 18:36:59');
INSERT INTO `messages` (`id`, `from_user_id`, `to_user_id`, `body`, `is_important`, `is_delivered`, `created_at`) VALUES (152, 309, 199, 'Quod cumque distinctio veritatis autem molestiae optio. Atque minima omnis voluptatem ab qui. Qui est nesciunt possimus laborum ratione.', 1, 0, '1980-04-17 16:50:25');
INSERT INTO `messages` (`id`, `from_user_id`, `to_user_id`, `body`, `is_important`, `is_delivered`, `created_at`) VALUES (153, 350, 299, 'Accusamus soluta voluptatibus pariatur. Vel quo saepe cum mollitia iste ipsa. Exercitationem est minus sit possimus tempore architecto.', 1, 0, '2008-03-06 19:01:57');
INSERT INTO `messages` (`id`, `from_user_id`, `to_user_id`, `body`, `is_important`, `is_delivered`, `created_at`) VALUES (154, 276, 20, 'Ut rerum nulla perspiciatis. Fuga praesentium molestias et qui. Error deserunt vero cupiditate facere quia debitis aspernatur. Quas incidunt et magnam eligendi.', 0, 0, '2010-01-21 01:20:37');
INSERT INTO `messages` (`id`, `from_user_id`, `to_user_id`, `body`, `is_important`, `is_delivered`, `created_at`) VALUES (155, 79, 362, 'Eligendi consequatur voluptatem veniam autem praesentium. Repudiandae quas dicta molestiae ut dolorem. Itaque nesciunt placeat autem rem in est nulla.', 1, 0, '1985-07-24 05:55:43');
INSERT INTO `messages` (`id`, `from_user_id`, `to_user_id`, `body`, `is_important`, `is_delivered`, `created_at`) VALUES (156, 175, 70, 'Vero qui qui minima magnam nemo voluptas et. Vero illo inventore a omnis et cum et. Voluptas sit quia culpa enim et ratione vel. Harum doloremque molestiae omnis consequatur ullam quisquam voluptates dolores. Quis enim dolorum officia sunt quibusdam rerum.', 1, 1, '2001-09-26 09:00:56');
INSERT INTO `messages` (`id`, `from_user_id`, `to_user_id`, `body`, `is_important`, `is_delivered`, `created_at`) VALUES (157, 43, 89, 'Aut voluptatibus vel saepe rerum. Doloremque reprehenderit molestiae ut ullam placeat doloribus corrupti ut. Et voluptatem culpa totam nobis sit.', 1, 1, '1997-12-13 18:27:19');
INSERT INTO `messages` (`id`, `from_user_id`, `to_user_id`, `body`, `is_important`, `is_delivered`, `created_at`) VALUES (158, 11, 345, 'Provident explicabo similique omnis. Assumenda qui temporibus alias a aut enim nulla. Quas quo et voluptates debitis eum quasi. Explicabo dicta quibusdam pariatur non assumenda sit. Sint laudantium ea facilis aperiam eum sed.', 1, 0, '2015-03-24 19:20:38');
INSERT INTO `messages` (`id`, `from_user_id`, `to_user_id`, `body`, `is_important`, `is_delivered`, `created_at`) VALUES (159, 122, 299, 'Quis distinctio magnam quia quia. Officiis facere consequatur quia sed ut. Non sed sequi et tenetur repellendus ab voluptates incidunt.', 0, 0, '1982-11-14 05:14:15');
INSERT INTO `messages` (`id`, `from_user_id`, `to_user_id`, `body`, `is_important`, `is_delivered`, `created_at`) VALUES (160, 158, 193, 'Rem aut fugit impedit. Praesentium similique aliquam veritatis enim cupiditate earum eaque. Laboriosam totam delectus minima totam.', 0, 1, '1978-06-26 15:08:53');
INSERT INTO `messages` (`id`, `from_user_id`, `to_user_id`, `body`, `is_important`, `is_delivered`, `created_at`) VALUES (161, 63, 314, 'Harum consequatur voluptatem enim sed perspiciatis asperiores harum temporibus. Magni quo nihil consequuntur ut. Iste fuga velit sint ratione velit dolor autem. In libero saepe a reiciendis optio quam reprehenderit.', 0, 0, '1971-05-22 04:32:58');
INSERT INTO `messages` (`id`, `from_user_id`, `to_user_id`, `body`, `is_important`, `is_delivered`, `created_at`) VALUES (162, 211, 249, 'Ut dolorem deserunt et odio magnam amet velit ipsam. Dolorem quia quam impedit qui exercitationem laborum deleniti.', 1, 1, '1982-02-24 22:15:25');
INSERT INTO `messages` (`id`, `from_user_id`, `to_user_id`, `body`, `is_important`, `is_delivered`, `created_at`) VALUES (163, 237, 99, 'Qui quidem suscipit quibusdam provident libero deserunt. Et repudiandae occaecati molestiae qui ab facere laboriosam. Quia et reprehenderit debitis et. Vel nam hic excepturi aperiam harum ut.', 0, 0, '1984-06-30 15:41:01');
INSERT INTO `messages` (`id`, `from_user_id`, `to_user_id`, `body`, `is_important`, `is_delivered`, `created_at`) VALUES (164, 141, 42, 'Omnis voluptatem saepe molestias necessitatibus possimus natus. Ut eius blanditiis et consequatur ullam. Ut occaecati illum in tempore sit tempora.', 1, 1, '1996-03-24 16:36:57');
INSERT INTO `messages` (`id`, `from_user_id`, `to_user_id`, `body`, `is_important`, `is_delivered`, `created_at`) VALUES (165, 367, 25, 'Qui quo et aspernatur aut quis ipsa. Consectetur non in a libero aut consequatur vero. Qui qui corrupti nemo ipsam. Illo sapiente beatae cum. Possimus ratione aliquid illum sunt.', 0, 0, '2003-01-24 13:43:44');
INSERT INTO `messages` (`id`, `from_user_id`, `to_user_id`, `body`, `is_important`, `is_delivered`, `created_at`) VALUES (166, 47, 236, 'Veniam at tempora repudiandae assumenda expedita impedit asperiores eos. Itaque quos dolores officiis impedit tenetur ad. Quis et quas ipsa earum laudantium accusamus exercitationem.', 1, 1, '2000-11-09 15:08:51');
INSERT INTO `messages` (`id`, `from_user_id`, `to_user_id`, `body`, `is_important`, `is_delivered`, `created_at`) VALUES (167, 329, 356, 'Voluptas excepturi maxime sint est animi ut veniam. Dolorem alias eum et velit. Ut et illum officia nihil eaque.', 1, 1, '1989-07-31 09:59:27');
INSERT INTO `messages` (`id`, `from_user_id`, `to_user_id`, `body`, `is_important`, `is_delivered`, `created_at`) VALUES (168, 34, 279, 'Distinctio consequatur maiores fuga molestiae autem. Nostrum aspernatur aut quas unde placeat et voluptate.', 1, 1, '1979-10-05 12:00:23');
INSERT INTO `messages` (`id`, `from_user_id`, `to_user_id`, `body`, `is_important`, `is_delivered`, `created_at`) VALUES (169, 255, 310, 'Nulla molestiae explicabo laborum velit necessitatibus voluptate eos et. Aut qui repellat nihil voluptates dicta explicabo placeat debitis.', 1, 1, '1991-10-15 19:34:21');
INSERT INTO `messages` (`id`, `from_user_id`, `to_user_id`, `body`, `is_important`, `is_delivered`, `created_at`) VALUES (170, 299, 334, 'Modi odio accusantium animi qui voluptatum sed nihil voluptates. Est eveniet rerum alias voluptatem quos dolorem. Eveniet voluptas et voluptatem mollitia rerum ut nemo. Neque aperiam est voluptatum velit sed laborum quam.', 1, 0, '1970-07-13 07:43:02');
INSERT INTO `messages` (`id`, `from_user_id`, `to_user_id`, `body`, `is_important`, `is_delivered`, `created_at`) VALUES (171, 271, 73, 'Inventore eum numquam adipisci occaecati consequatur nihil. Repellendus officia ratione accusantium nihil. Dolor hic quae est dolores. Iure nemo asperiores nesciunt sapiente.', 1, 0, '1999-12-10 19:13:20');
INSERT INTO `messages` (`id`, `from_user_id`, `to_user_id`, `body`, `is_important`, `is_delivered`, `created_at`) VALUES (172, 3, 314, 'Voluptatem incidunt amet quo ad aut. Illo repellat cumque provident. Repudiandae quasi tempore tempore odio est deserunt odit.', 1, 1, '1972-01-31 23:57:24');
INSERT INTO `messages` (`id`, `from_user_id`, `to_user_id`, `body`, `is_important`, `is_delivered`, `created_at`) VALUES (173, 162, 14, 'Saepe hic et nam fugiat. Suscipit id animi omnis. Id minus rerum vel. Voluptate eius sunt sit.', 1, 0, '1990-11-07 01:29:15');
INSERT INTO `messages` (`id`, `from_user_id`, `to_user_id`, `body`, `is_important`, `is_delivered`, `created_at`) VALUES (174, 258, 284, 'Qui debitis in quas nam delectus ex. Ducimus dolorem maiores dolorem. Qui reiciendis fugit enim alias. Rem velit sunt molestias voluptas similique iure.', 1, 1, '2013-04-25 01:31:05');
INSERT INTO `messages` (`id`, `from_user_id`, `to_user_id`, `body`, `is_important`, `is_delivered`, `created_at`) VALUES (175, 312, 15, 'Eos sit eius ea consequatur quas. Eveniet tempora et doloremque impedit facilis eaque nihil. Praesentium deserunt quidem blanditiis. Facere tempore a sed sunt molestias.', 1, 0, '1989-01-03 00:08:10');
INSERT INTO `messages` (`id`, `from_user_id`, `to_user_id`, `body`, `is_important`, `is_delivered`, `created_at`) VALUES (176, 77, 374, 'Harum dolorem nobis non assumenda. Natus quia doloribus eaque et quidem libero.', 0, 1, '1985-08-24 18:46:15');
INSERT INTO `messages` (`id`, `from_user_id`, `to_user_id`, `body`, `is_important`, `is_delivered`, `created_at`) VALUES (177, 329, 287, 'Libero quis omnis quia porro id iure corporis. Modi magnam quos a a ratione rerum. Ea voluptas laudantium accusantium ut earum sint.', 1, 0, '2000-10-28 05:51:40');
INSERT INTO `messages` (`id`, `from_user_id`, `to_user_id`, `body`, `is_important`, `is_delivered`, `created_at`) VALUES (178, 222, 165, 'Non animi natus doloremque consequatur optio quisquam. Ut velit atque ut distinctio sit veritatis. Velit doloremque veritatis atque ex dolore. Rerum qui nesciunt quod aut dolorem.', 0, 1, '1978-06-13 09:40:33');
INSERT INTO `messages` (`id`, `from_user_id`, `to_user_id`, `body`, `is_important`, `is_delivered`, `created_at`) VALUES (179, 386, 363, 'Velit occaecati nesciunt est et. Culpa qui nesciunt molestiae autem cupiditate. Sunt eos et consequatur cupiditate. Voluptatem quia ut exercitationem temporibus excepturi et accusamus.', 0, 0, '1973-02-10 17:52:39');
INSERT INTO `messages` (`id`, `from_user_id`, `to_user_id`, `body`, `is_important`, `is_delivered`, `created_at`) VALUES (180, 207, 352, 'Voluptatibus dolores aut temporibus incidunt. Aspernatur debitis dolore et voluptate. Quia exercitationem ducimus sunt. Hic iusto et eum ducimus quaerat.', 0, 0, '2006-12-20 14:50:10');
INSERT INTO `messages` (`id`, `from_user_id`, `to_user_id`, `body`, `is_important`, `is_delivered`, `created_at`) VALUES (181, 387, 254, 'Et amet quaerat incidunt suscipit ullam est qui. Tempora necessitatibus voluptatem excepturi modi vel animi alias.', 1, 0, '1980-10-30 14:43:46');
INSERT INTO `messages` (`id`, `from_user_id`, `to_user_id`, `body`, `is_important`, `is_delivered`, `created_at`) VALUES (182, 188, 316, 'Sunt amet quod ut. Aliquid odit dolore aliquid itaque et doloribus. Optio molestias totam nisi nostrum repellendus magnam.', 1, 1, '1995-02-03 17:24:37');
INSERT INTO `messages` (`id`, `from_user_id`, `to_user_id`, `body`, `is_important`, `is_delivered`, `created_at`) VALUES (183, 210, 222, 'Est quia enim similique. Sint maiores molestiae vel consequatur quos non est exercitationem. Ea dolor expedita ut aut eligendi.', 1, 0, '1996-02-29 15:07:08');
INSERT INTO `messages` (`id`, `from_user_id`, `to_user_id`, `body`, `is_important`, `is_delivered`, `created_at`) VALUES (184, 194, 64, 'Blanditiis commodi modi eius sed natus iste placeat. Repudiandae voluptas et ut quis nam quia. Illo harum et omnis nemo.', 1, 1, '1992-12-03 18:36:32');
INSERT INTO `messages` (`id`, `from_user_id`, `to_user_id`, `body`, `is_important`, `is_delivered`, `created_at`) VALUES (185, 131, 93, 'Maiores est quis ducimus. Ipsa ducimus velit similique est quisquam.', 1, 0, '1970-05-01 07:04:15');
INSERT INTO `messages` (`id`, `from_user_id`, `to_user_id`, `body`, `is_important`, `is_delivered`, `created_at`) VALUES (186, 397, 1, 'Et saepe qui quos neque ipsum et. Minima sed illo aut laudantium.', 0, 1, '1984-06-03 19:31:14');
INSERT INTO `messages` (`id`, `from_user_id`, `to_user_id`, `body`, `is_important`, `is_delivered`, `created_at`) VALUES (187, 165, 400, 'Dolorum sed nemo aut modi pariatur. Odit aperiam ad porro nulla. Aut pariatur aut porro rerum est.', 0, 0, '1981-06-12 13:06:17');
INSERT INTO `messages` (`id`, `from_user_id`, `to_user_id`, `body`, `is_important`, `is_delivered`, `created_at`) VALUES (188, 314, 327, 'Quia id optio rerum voluptatum aut ad. Magnam omnis quod aut nulla aut sapiente et. Nihil harum est velit aut fuga perferendis.', 0, 0, '1993-06-25 15:25:06');
INSERT INTO `messages` (`id`, `from_user_id`, `to_user_id`, `body`, `is_important`, `is_delivered`, `created_at`) VALUES (189, 13, 172, 'Et ea recusandae quia fugit. Enim voluptatibus illum nostrum sequi vero facere aliquid. Autem laudantium non quam assumenda et beatae sint.', 0, 1, '2010-02-04 17:11:58');
INSERT INTO `messages` (`id`, `from_user_id`, `to_user_id`, `body`, `is_important`, `is_delivered`, `created_at`) VALUES (190, 210, 324, 'Ut soluta voluptatum et sit consequatur quae. Repellat et aperiam cum. Voluptatibus illum delectus maiores et. Dolores ea rerum aut laudantium.', 0, 1, '1981-08-31 06:13:32');
INSERT INTO `messages` (`id`, `from_user_id`, `to_user_id`, `body`, `is_important`, `is_delivered`, `created_at`) VALUES (191, 187, 286, 'Ex tempora voluptas consequatur voluptas impedit. Cumque alias incidunt modi delectus cum inventore quidem aut. Praesentium autem unde quo voluptatem earum.', 1, 1, '2017-07-03 23:13:55');
INSERT INTO `messages` (`id`, `from_user_id`, `to_user_id`, `body`, `is_important`, `is_delivered`, `created_at`) VALUES (192, 297, 115, 'Nostrum aut omnis nostrum quo voluptas unde est eaque. Necessitatibus et saepe corporis nesciunt aliquid repellendus. Et illum eos quod aspernatur qui corrupti quisquam hic. Accusamus aperiam voluptate est inventore tempora est veritatis illum.', 1, 0, '1995-09-24 16:45:03');
INSERT INTO `messages` (`id`, `from_user_id`, `to_user_id`, `body`, `is_important`, `is_delivered`, `created_at`) VALUES (193, 173, 119, 'Cum incidunt tempora animi vero quaerat sint. Amet qui commodi ab numquam veritatis earum ea. Deserunt voluptatem dolorem eaque in quod vero labore.', 1, 0, '1996-10-16 11:52:44');
INSERT INTO `messages` (`id`, `from_user_id`, `to_user_id`, `body`, `is_important`, `is_delivered`, `created_at`) VALUES (194, 280, 158, 'Dolores tenetur ratione animi voluptatibus quas itaque atque. Omnis aut eum totam placeat sequi unde ut porro. Perspiciatis veniam ut dolor fugit ullam ipsa. Quidem sed consequatur similique vel autem rerum.', 0, 1, '2010-03-06 17:17:31');
INSERT INTO `messages` (`id`, `from_user_id`, `to_user_id`, `body`, `is_important`, `is_delivered`, `created_at`) VALUES (195, 81, 86, 'Illum aliquam ad aut voluptatem. Numquam perferendis aliquam ut quia non molestias. Deleniti quidem dolorem ab.', 0, 0, '1974-03-23 17:02:50');
INSERT INTO `messages` (`id`, `from_user_id`, `to_user_id`, `body`, `is_important`, `is_delivered`, `created_at`) VALUES (196, 110, 68, 'Eligendi ab architecto voluptatem ipsa sunt. Libero reiciendis et dolores sequi autem. Eos iste cupiditate eos delectus id corrupti quos. Impedit ut eveniet sequi pariatur qui.', 0, 0, '1970-07-06 02:09:26');
INSERT INTO `messages` (`id`, `from_user_id`, `to_user_id`, `body`, `is_important`, `is_delivered`, `created_at`) VALUES (197, 340, 297, 'Qui est at iste sit molestiae. Omnis corrupti et optio ad ducimus recusandae.', 1, 0, '1989-07-07 04:04:44');
INSERT INTO `messages` (`id`, `from_user_id`, `to_user_id`, `body`, `is_important`, `is_delivered`, `created_at`) VALUES (198, 383, 149, 'Quasi qui architecto voluptatibus et. Iusto quis sit sint autem. Non et odio eligendi iste atque vel.', 1, 0, '2019-11-20 19:33:42');
INSERT INTO `messages` (`id`, `from_user_id`, `to_user_id`, `body`, `is_important`, `is_delivered`, `created_at`) VALUES (199, 118, 177, 'Et et praesentium deleniti nesciunt ad. Voluptas ut rem molestias doloribus architecto magnam veritatis similique. Excepturi et nesciunt architecto inventore.', 0, 1, '2010-12-17 08:25:32');
INSERT INTO `messages` (`id`, `from_user_id`, `to_user_id`, `body`, `is_important`, `is_delivered`, `created_at`) VALUES (200, 212, 248, 'Maiores porro ea deleniti hic. Et ullam asperiores dolore quidem. Vel maiores quaerat autem impedit quas vel.', 1, 1, '1982-04-03 20:14:50');
INSERT INTO `messages` (`id`, `from_user_id`, `to_user_id`, `body`, `is_important`, `is_delivered`, `created_at`) VALUES (201, 270, 209, 'Non ut nihil nihil itaque necessitatibus quod cum ut. Excepturi non quidem fugiat et alias quia veniam. Perferendis exercitationem quia molestiae quam.', 0, 0, '1998-03-29 21:26:00');
INSERT INTO `messages` (`id`, `from_user_id`, `to_user_id`, `body`, `is_important`, `is_delivered`, `created_at`) VALUES (202, 249, 34, 'Aut ab sed dolor eos et ab. Impedit architecto aliquid praesentium nostrum eos et inventore. Explicabo molestiae optio eos quia.', 1, 0, '1997-04-16 10:13:28');
INSERT INTO `messages` (`id`, `from_user_id`, `to_user_id`, `body`, `is_important`, `is_delivered`, `created_at`) VALUES (203, 208, 163, 'Qui dignissimos qui quod consequatur in optio aperiam quod. Iure fugiat nobis quod culpa.', 1, 0, '2013-05-11 22:30:21');
INSERT INTO `messages` (`id`, `from_user_id`, `to_user_id`, `body`, `is_important`, `is_delivered`, `created_at`) VALUES (204, 360, 220, 'Beatae voluptatum deserunt debitis eius. Quo debitis exercitationem consequuntur accusamus itaque reiciendis sunt. Amet quo ipsam cum. Possimus quod esse at optio voluptatum.', 1, 0, '1991-01-05 08:57:54');
INSERT INTO `messages` (`id`, `from_user_id`, `to_user_id`, `body`, `is_important`, `is_delivered`, `created_at`) VALUES (205, 334, 170, 'Tempore rerum totam est maiores cupiditate nemo magnam. Rerum ea voluptatem sunt quaerat consequatur. Sed nulla iure id ut dolor totam porro optio.', 1, 0, '1986-12-23 17:08:05');
INSERT INTO `messages` (`id`, `from_user_id`, `to_user_id`, `body`, `is_important`, `is_delivered`, `created_at`) VALUES (206, 144, 120, 'Ea deleniti eum a repudiandae voluptatibus. Eligendi omnis assumenda sed ut. Iusto molestiae in ullam qui eius sapiente et. Perferendis quas eveniet est.', 1, 0, '1988-03-02 02:10:22');
INSERT INTO `messages` (`id`, `from_user_id`, `to_user_id`, `body`, `is_important`, `is_delivered`, `created_at`) VALUES (207, 55, 40, 'Similique ut quaerat officiis tempore amet soluta. Vel repellat deserunt molestiae voluptas voluptas.', 0, 1, '2008-01-03 03:46:57');
INSERT INTO `messages` (`id`, `from_user_id`, `to_user_id`, `body`, `is_important`, `is_delivered`, `created_at`) VALUES (208, 235, 227, 'Perspiciatis sint amet quia at. Tempora nobis qui soluta repellat.', 1, 0, '1995-04-28 21:07:49');
INSERT INTO `messages` (`id`, `from_user_id`, `to_user_id`, `body`, `is_important`, `is_delivered`, `created_at`) VALUES (209, 159, 115, 'Aperiam soluta repellendus sit culpa at laborum. Nihil modi at modi et consectetur impedit aut quaerat. Id est unde rem alias qui saepe maiores ab. Tenetur necessitatibus quisquam delectus quia.', 1, 0, '2001-06-22 14:36:24');
INSERT INTO `messages` (`id`, `from_user_id`, `to_user_id`, `body`, `is_important`, `is_delivered`, `created_at`) VALUES (210, 385, 239, 'Laborum dolorum qui perferendis reprehenderit. Distinctio veniam nihil aut earum qui. Sed mollitia nobis molestiae. Quaerat at qui est dicta modi ea aspernatur.', 1, 1, '2011-10-19 10:44:42');
INSERT INTO `messages` (`id`, `from_user_id`, `to_user_id`, `body`, `is_important`, `is_delivered`, `created_at`) VALUES (211, 201, 94, 'Ratione consequatur velit in consequuntur. Eos enim consequatur labore excepturi. Placeat possimus sint ipsam dolorem autem tenetur. Debitis harum cum id cumque ut quo veritatis quo.', 1, 1, '1985-04-11 08:26:36');
INSERT INTO `messages` (`id`, `from_user_id`, `to_user_id`, `body`, `is_important`, `is_delivered`, `created_at`) VALUES (212, 306, 140, 'Ducimus nostrum dignissimos hic impedit consequatur neque. Voluptatem qui enim placeat.', 0, 1, '2019-07-29 10:34:14');
INSERT INTO `messages` (`id`, `from_user_id`, `to_user_id`, `body`, `is_important`, `is_delivered`, `created_at`) VALUES (213, 390, 289, 'A non perspiciatis aliquam sequi nemo. Id reiciendis numquam itaque voluptatem culpa. Nostrum consequatur perspiciatis aut sapiente.', 0, 1, '2006-12-17 23:42:36');
INSERT INTO `messages` (`id`, `from_user_id`, `to_user_id`, `body`, `is_important`, `is_delivered`, `created_at`) VALUES (214, 288, 108, 'Eum quibusdam odio mollitia at. Vero non est autem odit quae rerum blanditiis. Voluptatum sed alias ea dignissimos ex esse et.', 0, 0, '1985-07-21 02:44:32');
INSERT INTO `messages` (`id`, `from_user_id`, `to_user_id`, `body`, `is_important`, `is_delivered`, `created_at`) VALUES (215, 66, 100, 'Autem dignissimos deleniti veniam minima quia nisi. Et quaerat vel omnis dolores architecto et. Dolor cum dolores aperiam eligendi dolor. Earum soluta illum ducimus et quisquam consequatur.', 0, 0, '1980-08-02 12:57:03');
INSERT INTO `messages` (`id`, `from_user_id`, `to_user_id`, `body`, `is_important`, `is_delivered`, `created_at`) VALUES (216, 355, 335, 'Quia deleniti rerum et inventore optio. Et numquam velit earum. Amet soluta aspernatur ut delectus fugit nostrum fugit.', 1, 1, '1978-10-11 20:54:53');
INSERT INTO `messages` (`id`, `from_user_id`, `to_user_id`, `body`, `is_important`, `is_delivered`, `created_at`) VALUES (217, 308, 204, 'Iste et voluptatem adipisci ullam. Iusto eos possimus exercitationem et. Saepe sed id porro et. Sed rerum ducimus odio vitae.', 0, 1, '1996-09-29 12:20:13');
INSERT INTO `messages` (`id`, `from_user_id`, `to_user_id`, `body`, `is_important`, `is_delivered`, `created_at`) VALUES (218, 369, 116, 'Harum aut earum quia ipsum ullam non. Aut et vel rerum provident dolores illum quis ut. Est ex pariatur quae officiis necessitatibus possimus.', 0, 0, '1973-05-06 14:50:41');
INSERT INTO `messages` (`id`, `from_user_id`, `to_user_id`, `body`, `is_important`, `is_delivered`, `created_at`) VALUES (219, 366, 329, 'Sit dolor beatae error. Praesentium nihil provident quam asperiores nisi asperiores. Eligendi tempora qui repellendus sequi. Aliquid vitae odit non earum aspernatur vel iure.', 1, 0, '1987-06-16 20:21:16');
INSERT INTO `messages` (`id`, `from_user_id`, `to_user_id`, `body`, `is_important`, `is_delivered`, `created_at`) VALUES (220, 336, 299, 'Non dolorum eveniet quia. Nobis quaerat et dolor est est id. Et accusantium aut et quae sit vitae minima.', 0, 0, '1976-07-07 07:49:22');
INSERT INTO `messages` (`id`, `from_user_id`, `to_user_id`, `body`, `is_important`, `is_delivered`, `created_at`) VALUES (221, 98, 79, 'Et labore quia non eaque laborum. Molestiae rerum non temporibus velit aspernatur modi.', 1, 1, '1993-06-15 14:19:01');
INSERT INTO `messages` (`id`, `from_user_id`, `to_user_id`, `body`, `is_important`, `is_delivered`, `created_at`) VALUES (222, 19, 153, 'Ea dolores molestiae aut. Quas consequatur laborum quae quidem. Accusantium distinctio sequi laboriosam porro tenetur excepturi accusantium minus. Quis praesentium ut praesentium quasi temporibus quas facere.', 1, 0, '1996-09-20 07:55:43');
INSERT INTO `messages` (`id`, `from_user_id`, `to_user_id`, `body`, `is_important`, `is_delivered`, `created_at`) VALUES (223, 119, 253, 'Velit possimus quia autem aspernatur. Voluptatum maiores voluptatibus maiores. Optio nam error cupiditate odit odio eos. Inventore culpa expedita id quam.', 0, 1, '1991-07-19 10:39:46');
INSERT INTO `messages` (`id`, `from_user_id`, `to_user_id`, `body`, `is_important`, `is_delivered`, `created_at`) VALUES (224, 380, 277, 'Voluptatem corporis omnis velit numquam hic. Libero aut est ea ex in qui. Reiciendis quasi quia non iure rem.', 1, 1, '2004-10-23 02:35:34');
INSERT INTO `messages` (`id`, `from_user_id`, `to_user_id`, `body`, `is_important`, `is_delivered`, `created_at`) VALUES (225, 368, 364, 'Velit placeat ex consequatur magni velit optio temporibus. Quo sapiente quisquam minus quia dolorem voluptatibus enim. Et dolore labore ut. Repudiandae dicta est excepturi non velit autem.', 0, 0, '2006-08-15 06:24:11');
INSERT INTO `messages` (`id`, `from_user_id`, `to_user_id`, `body`, `is_important`, `is_delivered`, `created_at`) VALUES (226, 115, 168, 'Aut tenetur reiciendis dolor hic id molestiae. Libero et recusandae rem necessitatibus atque qui in. Iusto mollitia atque omnis sunt quis sunt dicta quia. Aliquid non facere aspernatur.', 0, 1, '1990-07-25 08:02:43');
INSERT INTO `messages` (`id`, `from_user_id`, `to_user_id`, `body`, `is_important`, `is_delivered`, `created_at`) VALUES (227, 58, 21, 'Adipisci sunt est sint facere. Voluptatibus dolores rerum et fuga. Voluptate deserunt nemo eos libero cumque quis.', 1, 1, '2015-11-03 05:28:33');
INSERT INTO `messages` (`id`, `from_user_id`, `to_user_id`, `body`, `is_important`, `is_delivered`, `created_at`) VALUES (228, 307, 47, 'Tempore nulla quasi vero cupiditate soluta. Alias earum dolores voluptatem quibusdam. Sunt accusamus in qui ducimus. Consequuntur enim ut at et laboriosam ut alias non.', 1, 1, '1996-08-15 20:48:46');
INSERT INTO `messages` (`id`, `from_user_id`, `to_user_id`, `body`, `is_important`, `is_delivered`, `created_at`) VALUES (229, 310, 194, 'Explicabo praesentium sed nostrum. Ut cupiditate ratione velit dolorem. Consequatur et laboriosam modi cumque est tenetur ipsam et.', 1, 0, '1977-06-19 10:46:34');
INSERT INTO `messages` (`id`, `from_user_id`, `to_user_id`, `body`, `is_important`, `is_delivered`, `created_at`) VALUES (230, 155, 376, 'Et et dolorem quibusdam itaque animi qui. Expedita est ex et sunt fugiat consequatur. Rerum velit ducimus sit velit delectus sed corrupti qui.', 0, 1, '1987-07-03 06:58:21');
INSERT INTO `messages` (`id`, `from_user_id`, `to_user_id`, `body`, `is_important`, `is_delivered`, `created_at`) VALUES (231, 294, 110, 'Sit maxime sunt maxime ratione. Fugiat vero provident nostrum dignissimos eligendi. Sequi et deleniti nisi cupiditate.', 1, 1, '2014-11-07 08:08:39');
INSERT INTO `messages` (`id`, `from_user_id`, `to_user_id`, `body`, `is_important`, `is_delivered`, `created_at`) VALUES (232, 311, 202, 'Quod adipisci praesentium est placeat laudantium natus. Iure voluptas voluptas doloribus in dolor. Eos dolorum qui expedita non labore molestias. Et et aut ad dolores.', 0, 1, '1991-01-03 14:04:01');
INSERT INTO `messages` (`id`, `from_user_id`, `to_user_id`, `body`, `is_important`, `is_delivered`, `created_at`) VALUES (233, 313, 279, 'Dolorem iste natus consequuntur harum architecto enim. Tempore quia dolorem nemo non et.', 0, 0, '2002-12-01 23:54:33');
INSERT INTO `messages` (`id`, `from_user_id`, `to_user_id`, `body`, `is_important`, `is_delivered`, `created_at`) VALUES (234, 317, 278, 'Et excepturi iusto non. Molestias soluta delectus qui ab quia dolore porro. Repellendus est nostrum quia velit fugit nam. Ipsam repudiandae in cupiditate eligendi. Aut repellendus rem omnis culpa libero.', 0, 1, '2015-10-11 17:35:31');
INSERT INTO `messages` (`id`, `from_user_id`, `to_user_id`, `body`, `is_important`, `is_delivered`, `created_at`) VALUES (235, 208, 253, 'Dolorem consequuntur rem occaecati necessitatibus aut ex. Dolorum qui ipsa quos et omnis culpa reprehenderit.', 1, 0, '2005-04-06 10:27:28');
INSERT INTO `messages` (`id`, `from_user_id`, `to_user_id`, `body`, `is_important`, `is_delivered`, `created_at`) VALUES (236, 177, 305, 'Repellat praesentium magnam eum illum. Blanditiis debitis velit et neque. Debitis quae sapiente quis.', 1, 1, '1972-11-21 06:55:03');
INSERT INTO `messages` (`id`, `from_user_id`, `to_user_id`, `body`, `is_important`, `is_delivered`, `created_at`) VALUES (237, 331, 195, 'Qui nobis doloribus harum ut numquam commodi. Provident placeat tempore ullam quibusdam quis molestias.', 0, 0, '2016-01-20 14:56:34');
INSERT INTO `messages` (`id`, `from_user_id`, `to_user_id`, `body`, `is_important`, `is_delivered`, `created_at`) VALUES (238, 58, 49, 'Et consequatur inventore voluptatum tenetur quasi in. Non et et iure voluptatum debitis atque. A officia reprehenderit et ducimus commodi sequi perspiciatis.', 0, 1, '1983-01-27 02:19:17');
INSERT INTO `messages` (`id`, `from_user_id`, `to_user_id`, `body`, `is_important`, `is_delivered`, `created_at`) VALUES (239, 48, 37, 'Voluptatibus repellat et minus repellendus et provident. Voluptatem ut magni doloribus repudiandae. Ducimus necessitatibus molestiae quis vitae magnam voluptatem architecto. Quia ea iure ea qui fugit facilis odit quidem.', 1, 1, '1972-02-18 16:54:36');
INSERT INTO `messages` (`id`, `from_user_id`, `to_user_id`, `body`, `is_important`, `is_delivered`, `created_at`) VALUES (240, 325, 15, 'Dolor sit dolorem ab voluptatum veritatis corrupti. Voluptatem harum tempore ut officia. Voluptas ut optio consequatur impedit omnis. Ut unde fugiat illum eius numquam sed quia molestiae.', 0, 0, '1998-12-09 13:17:57');
INSERT INTO `messages` (`id`, `from_user_id`, `to_user_id`, `body`, `is_important`, `is_delivered`, `created_at`) VALUES (241, 400, 40, 'Architecto adipisci iusto consequuntur quod qui sit voluptas. Sed voluptates consequatur voluptatum. Aut ut quis sunt qui reprehenderit.', 1, 0, '2010-05-24 01:58:44');
INSERT INTO `messages` (`id`, `from_user_id`, `to_user_id`, `body`, `is_important`, `is_delivered`, `created_at`) VALUES (242, 183, 57, 'Unde molestiae nesciunt consequatur quia. Repellendus sit voluptate a rerum. Non adipisci omnis excepturi dignissimos consequatur rerum voluptate. Iure quia et natus quo.', 1, 0, '1975-10-30 08:42:09');
INSERT INTO `messages` (`id`, `from_user_id`, `to_user_id`, `body`, `is_important`, `is_delivered`, `created_at`) VALUES (243, 60, 89, 'Recusandae corrupti maxime reprehenderit consequatur tenetur rem dolore. Dolor error tempora doloremque pariatur nihil eius. Labore voluptatem sapiente quam.', 1, 0, '2007-09-20 18:38:06');
INSERT INTO `messages` (`id`, `from_user_id`, `to_user_id`, `body`, `is_important`, `is_delivered`, `created_at`) VALUES (244, 104, 369, 'Ut aut dolorem voluptatem voluptatem aut necessitatibus. Vitae voluptas aut at error est dolorem. Blanditiis eveniet adipisci fuga. Sit molestiae incidunt tenetur odit qui laborum.', 1, 1, '1970-07-10 13:51:18');
INSERT INTO `messages` (`id`, `from_user_id`, `to_user_id`, `body`, `is_important`, `is_delivered`, `created_at`) VALUES (245, 283, 259, 'Animi maiores et nobis et provident quasi. Nihil saepe consequatur non occaecati repudiandae dolores iure excepturi. Voluptates quae voluptate consequuntur quia. Voluptatum omnis aut quis expedita occaecati magni officia et.', 0, 1, '2001-07-27 01:53:36');
INSERT INTO `messages` (`id`, `from_user_id`, `to_user_id`, `body`, `is_important`, `is_delivered`, `created_at`) VALUES (246, 345, 176, 'Quas ut fuga mollitia eos voluptas dolores consequatur. Et quisquam est deleniti voluptatem ut omnis. Voluptas enim sed omnis quaerat sapiente quibusdam officiis et. Sint voluptas et quis dolore nulla velit quae aut.', 0, 0, '2001-12-27 05:09:02');
INSERT INTO `messages` (`id`, `from_user_id`, `to_user_id`, `body`, `is_important`, `is_delivered`, `created_at`) VALUES (247, 368, 255, 'Nam incidunt officia esse et aut. Dolores aut est et mollitia qui. Quo soluta eum et ut. Amet dolor saepe beatae. Velit pariatur dolorem natus officia aspernatur ut nulla enim.', 1, 0, '1974-06-19 10:46:21');
INSERT INTO `messages` (`id`, `from_user_id`, `to_user_id`, `body`, `is_important`, `is_delivered`, `created_at`) VALUES (248, 377, 280, 'Est ut magnam placeat eius. Voluptates est quidem vel voluptate consequatur. Aut veniam vero reiciendis dolorem qui in.', 1, 1, '1983-01-26 08:10:15');
INSERT INTO `messages` (`id`, `from_user_id`, `to_user_id`, `body`, `is_important`, `is_delivered`, `created_at`) VALUES (249, 133, 294, 'Debitis assumenda cum illo unde impedit officia. Voluptas dolor eligendi eaque expedita numquam consequatur eum. Incidunt earum debitis sit dolorem qui optio.', 1, 0, '2014-10-21 20:28:26');
INSERT INTO `messages` (`id`, `from_user_id`, `to_user_id`, `body`, `is_important`, `is_delivered`, `created_at`) VALUES (250, 158, 340, 'Sapiente ut tempore autem vitae dicta. Quisquam explicabo officia vero expedita qui eius. Voluptatem tempora et in culpa. Aut qui fuga quidem error excepturi ab.', 0, 1, '2008-03-15 13:13:28');
INSERT INTO `messages` (`id`, `from_user_id`, `to_user_id`, `body`, `is_important`, `is_delivered`, `created_at`) VALUES (251, 146, 335, 'Aut aut et temporibus assumenda rem. Cum doloribus veritatis at. Molestiae non reiciendis id modi quasi quia.', 0, 1, '1975-01-09 10:28:38');
INSERT INTO `messages` (`id`, `from_user_id`, `to_user_id`, `body`, `is_important`, `is_delivered`, `created_at`) VALUES (252, 245, 76, 'Minima sunt ducimus quaerat est alias. Sequi recusandae in cupiditate expedita. Perspiciatis error impedit eum officiis. Quo et reiciendis ad quae voluptatem iure voluptatem.', 0, 1, '2015-11-19 21:13:35');
INSERT INTO `messages` (`id`, `from_user_id`, `to_user_id`, `body`, `is_important`, `is_delivered`, `created_at`) VALUES (253, 130, 303, 'Sit temporibus corporis laudantium ipsa voluptatem. Adipisci vel accusamus at itaque aut. Molestiae est fugit consequatur odit nisi voluptatem.', 1, 0, '2017-01-19 05:07:46');
INSERT INTO `messages` (`id`, `from_user_id`, `to_user_id`, `body`, `is_important`, `is_delivered`, `created_at`) VALUES (254, 125, 178, 'Consectetur impedit vel eum ducimus dolor qui. Maxime qui tenetur aut sit qui et voluptas. Tenetur sapiente facilis cumque cum deserunt animi. Harum quasi dolorem maxime et recusandae.', 0, 0, '2010-03-03 12:46:34');
INSERT INTO `messages` (`id`, `from_user_id`, `to_user_id`, `body`, `is_important`, `is_delivered`, `created_at`) VALUES (255, 339, 49, 'Porro odio totam qui asperiores architecto. Eaque sed vel nam tempora exercitationem. Id minus qui sit ducimus voluptatem atque.', 0, 1, '1991-11-06 06:11:39');
INSERT INTO `messages` (`id`, `from_user_id`, `to_user_id`, `body`, `is_important`, `is_delivered`, `created_at`) VALUES (256, 193, 339, 'Alias eos unde explicabo iusto. Consequatur omnis quidem ad voluptatem. Eius sint voluptas consequatur sunt quibusdam.', 1, 1, '2015-07-14 07:42:31');
INSERT INTO `messages` (`id`, `from_user_id`, `to_user_id`, `body`, `is_important`, `is_delivered`, `created_at`) VALUES (257, 88, 375, 'Quo occaecati ea voluptas. Quidem sequi ducimus autem sit. Aut aperiam voluptas quos quisquam ex impedit assumenda autem. Minima placeat iste ab consectetur fugit dolorem ratione.', 1, 1, '2007-02-03 01:19:12');
INSERT INTO `messages` (`id`, `from_user_id`, `to_user_id`, `body`, `is_important`, `is_delivered`, `created_at`) VALUES (258, 396, 148, 'Labore soluta pariatur perspiciatis officiis explicabo culpa. Itaque eum debitis officia architecto. Nesciunt est est voluptas dolor aliquid.', 0, 0, '1989-05-18 20:08:26');
INSERT INTO `messages` (`id`, `from_user_id`, `to_user_id`, `body`, `is_important`, `is_delivered`, `created_at`) VALUES (259, 63, 100, 'Enim aliquid ut sed aut. Nam eius nobis suscipit voluptas. Quam provident iusto quis. A iusto voluptatem nihil eum et et. Facilis sapiente et itaque nobis odit quod consequatur.', 0, 1, '1975-11-20 11:47:46');
INSERT INTO `messages` (`id`, `from_user_id`, `to_user_id`, `body`, `is_important`, `is_delivered`, `created_at`) VALUES (260, 117, 345, 'Dolorem explicabo fugit deserunt odit laudantium. Sunt autem enim voluptas. Quae veniam voluptatem beatae consectetur unde. Animi tenetur maxime et nulla assumenda quidem.', 1, 0, '2019-12-04 21:41:48');
INSERT INTO `messages` (`id`, `from_user_id`, `to_user_id`, `body`, `is_important`, `is_delivered`, `created_at`) VALUES (261, 358, 61, 'Est possimus impedit dicta velit tempora omnis temporibus aliquam. Similique inventore rem at ipsum sed omnis. Dignissimos nulla sit illum et. Voluptas voluptate debitis amet ipsum.', 0, 0, '1999-12-27 14:45:32');
INSERT INTO `messages` (`id`, `from_user_id`, `to_user_id`, `body`, `is_important`, `is_delivered`, `created_at`) VALUES (262, 121, 325, 'Dolor placeat voluptatibus illo tempore necessitatibus corporis vel qui. Enim qui sit exercitationem soluta expedita temporibus dolorem tenetur. Non ipsa omnis omnis praesentium veritatis. Suscipit id pariatur nam iure maxime accusantium.', 0, 1, '2013-04-18 07:36:34');
INSERT INTO `messages` (`id`, `from_user_id`, `to_user_id`, `body`, `is_important`, `is_delivered`, `created_at`) VALUES (263, 315, 98, 'Sequi odio ut hic iure rerum quaerat. Sit quo itaque voluptatem blanditiis dolorem quia. Fugiat magnam aut vero. Earum voluptate aspernatur iste odit vitae molestiae et.', 1, 1, '2003-08-01 12:43:48');
INSERT INTO `messages` (`id`, `from_user_id`, `to_user_id`, `body`, `is_important`, `is_delivered`, `created_at`) VALUES (264, 205, 47, 'Voluptatem omnis facilis dolorem dolores non non natus. Aut eaque suscipit voluptatem blanditiis. Ad eum voluptas itaque numquam. Qui architecto fuga totam et ipsam pariatur nihil harum.', 1, 0, '1984-03-21 19:05:59');
INSERT INTO `messages` (`id`, `from_user_id`, `to_user_id`, `body`, `is_important`, `is_delivered`, `created_at`) VALUES (265, 391, 363, 'Necessitatibus et veniam ut illum ut possimus ut dignissimos. Ab qui qui eos molestiae. Qui magnam cupiditate sed velit. Fugiat et aut similique architecto.', 0, 0, '2013-04-17 21:56:07');
INSERT INTO `messages` (`id`, `from_user_id`, `to_user_id`, `body`, `is_important`, `is_delivered`, `created_at`) VALUES (266, 387, 137, 'Labore est beatae porro at nesciunt. Quibusdam ex omnis ut voluptate itaque. Dolores aut hic quae excepturi necessitatibus possimus dolores labore.', 0, 0, '2015-01-07 09:07:20');
INSERT INTO `messages` (`id`, `from_user_id`, `to_user_id`, `body`, `is_important`, `is_delivered`, `created_at`) VALUES (267, 297, 232, 'Et delectus quidem dignissimos pariatur repellat. Vel numquam esse officia.', 1, 0, '1994-06-22 21:30:11');
INSERT INTO `messages` (`id`, `from_user_id`, `to_user_id`, `body`, `is_important`, `is_delivered`, `created_at`) VALUES (268, 213, 26, 'Nam quas necessitatibus tempore iste. Ullam aut praesentium atque quia et. Et quis sunt accusamus sed quis quos. Est quod labore nisi facere ducimus sint.', 0, 1, '1984-08-08 07:44:57');
INSERT INTO `messages` (`id`, `from_user_id`, `to_user_id`, `body`, `is_important`, `is_delivered`, `created_at`) VALUES (269, 134, 337, 'Quasi dolor perspiciatis nemo eos velit. Labore consequatur et dolores. Ea dolores quos eum et possimus officia modi. Officiis sunt non ut veritatis sit ut sit.', 0, 0, '1998-01-26 12:52:22');
INSERT INTO `messages` (`id`, `from_user_id`, `to_user_id`, `body`, `is_important`, `is_delivered`, `created_at`) VALUES (270, 203, 73, 'Deserunt distinctio placeat ipsam rem voluptate. Amet sit laboriosam perspiciatis vero eos. Minima ea qui velit veritatis facere quia commodi non.', 0, 0, '1980-01-27 22:12:59');
INSERT INTO `messages` (`id`, `from_user_id`, `to_user_id`, `body`, `is_important`, `is_delivered`, `created_at`) VALUES (271, 386, 395, 'Minus unde molestias labore iste blanditiis nam. Nam ullam dolor non. Labore cupiditate exercitationem quia et. Velit nostrum illum et quis perspiciatis numquam.', 1, 0, '1981-06-07 21:22:09');
INSERT INTO `messages` (`id`, `from_user_id`, `to_user_id`, `body`, `is_important`, `is_delivered`, `created_at`) VALUES (272, 11, 74, 'Impedit ipsum aspernatur ullam vel eum. Omnis aperiam assumenda voluptate et alias. Quod qui voluptatum consectetur qui qui. Aperiam est blanditiis explicabo dignissimos molestias deserunt possimus.', 0, 1, '2012-12-25 11:41:50');
INSERT INTO `messages` (`id`, `from_user_id`, `to_user_id`, `body`, `is_important`, `is_delivered`, `created_at`) VALUES (273, 369, 6, 'Officiis libero laudantium et aliquam provident. Quaerat sed voluptas laboriosam dolorum voluptatem delectus mollitia. Ipsum ipsum et sequi impedit non amet.', 1, 0, '2019-04-04 18:28:34');
INSERT INTO `messages` (`id`, `from_user_id`, `to_user_id`, `body`, `is_important`, `is_delivered`, `created_at`) VALUES (274, 221, 32, 'Magnam est totam quo est qui. Sunt nulla ratione enim accusamus dolor odit voluptas. Consequatur itaque sunt sed magni id architecto. Repudiandae ipsam possimus aut velit molestiae id nisi veritatis.', 0, 1, '1987-11-06 07:12:40');
INSERT INTO `messages` (`id`, `from_user_id`, `to_user_id`, `body`, `is_important`, `is_delivered`, `created_at`) VALUES (275, 105, 337, 'Nam qui autem veritatis eum. Odio cupiditate consequuntur rerum similique ea consectetur. Optio ea voluptatem recusandae veritatis voluptatum. Non quo saepe earum est.', 0, 0, '1980-07-27 22:08:22');
INSERT INTO `messages` (`id`, `from_user_id`, `to_user_id`, `body`, `is_important`, `is_delivered`, `created_at`) VALUES (276, 376, 63, 'Blanditiis accusantium voluptatem iusto omnis pariatur porro. Alias veritatis ipsum repudiandae dolorum explicabo et. Minima aliquam consequatur consequatur. Eveniet molestiae eos provident expedita non eos omnis.', 1, 1, '1972-04-08 04:45:46');
INSERT INTO `messages` (`id`, `from_user_id`, `to_user_id`, `body`, `is_important`, `is_delivered`, `created_at`) VALUES (277, 397, 96, 'Ratione eaque modi est voluptas corrupti ex excepturi. Vel omnis nostrum accusamus placeat. Quae et exercitationem quia inventore nobis asperiores.', 1, 1, '1987-11-10 11:58:06');
INSERT INTO `messages` (`id`, `from_user_id`, `to_user_id`, `body`, `is_important`, `is_delivered`, `created_at`) VALUES (278, 387, 312, 'Ipsa odio saepe est unde exercitationem. Ut provident eum aliquam quisquam nulla recusandae. Suscipit eum accusantium dolorem quidem amet.', 1, 1, '1988-03-26 12:39:13');
INSERT INTO `messages` (`id`, `from_user_id`, `to_user_id`, `body`, `is_important`, `is_delivered`, `created_at`) VALUES (279, 193, 192, 'Numquam accusantium voluptatem sunt temporibus perferendis maxime voluptatem. Dolorum dolor qui vel illum. Sint harum corporis natus incidunt. Doloribus eum vitae nobis. Qui tempora maiores ut omnis qui necessitatibus est.', 0, 1, '1977-10-31 06:33:57');
INSERT INTO `messages` (`id`, `from_user_id`, `to_user_id`, `body`, `is_important`, `is_delivered`, `created_at`) VALUES (280, 358, 184, 'Libero aut aliquam laboriosam amet ab et itaque. Laudantium magni eos magni eos tempore omnis libero.', 0, 0, '2007-12-18 05:56:42');
INSERT INTO `messages` (`id`, `from_user_id`, `to_user_id`, `body`, `is_important`, `is_delivered`, `created_at`) VALUES (281, 154, 345, 'Ut eos recusandae soluta excepturi explicabo vel et qui. Ut nesciunt ex doloribus molestiae dolor dolores. Recusandae autem enim esse qui enim iste in.', 1, 0, '2016-02-11 07:58:17');
INSERT INTO `messages` (`id`, `from_user_id`, `to_user_id`, `body`, `is_important`, `is_delivered`, `created_at`) VALUES (282, 320, 51, 'Hic est facere odit rerum debitis recusandae totam sit. Quo dolor similique placeat dolorem accusantium eveniet. Aspernatur occaecati distinctio nobis ipsum et.', 0, 0, '1992-01-04 14:32:12');
INSERT INTO `messages` (`id`, `from_user_id`, `to_user_id`, `body`, `is_important`, `is_delivered`, `created_at`) VALUES (283, 177, 133, 'Numquam qui doloremque vero. Atque sed rerum fugit est. Dolore eaque sequi autem autem magnam.', 1, 0, '1981-08-03 13:45:31');
INSERT INTO `messages` (`id`, `from_user_id`, `to_user_id`, `body`, `is_important`, `is_delivered`, `created_at`) VALUES (284, 76, 311, 'Repudiandae aperiam est nisi fugit architecto sed. Ipsum et id aut et qui. Maiores quae ut hic doloribus nemo odit dolores ut.', 1, 1, '2018-11-06 20:39:02');
INSERT INTO `messages` (`id`, `from_user_id`, `to_user_id`, `body`, `is_important`, `is_delivered`, `created_at`) VALUES (285, 69, 279, 'Labore a quos voluptatem occaecati et fugiat facilis. Consequuntur dolore animi illum mollitia. Perspiciatis et nulla velit sunt. Quos sunt quisquam nam fuga molestiae.', 0, 0, '1984-06-18 10:31:04');
INSERT INTO `messages` (`id`, `from_user_id`, `to_user_id`, `body`, `is_important`, `is_delivered`, `created_at`) VALUES (286, 383, 54, 'Sint recusandae consequatur ut voluptas. Atque reprehenderit molestiae architecto quia deleniti. Dolorem placeat iusto quidem deserunt officiis.', 0, 0, '2014-04-16 08:14:55');
INSERT INTO `messages` (`id`, `from_user_id`, `to_user_id`, `body`, `is_important`, `is_delivered`, `created_at`) VALUES (287, 273, 393, 'Ut ratione provident enim. Consequatur aliquid cupiditate harum aut ut. Excepturi voluptatem expedita aspernatur occaecati.', 0, 0, '2006-08-18 00:01:03');
INSERT INTO `messages` (`id`, `from_user_id`, `to_user_id`, `body`, `is_important`, `is_delivered`, `created_at`) VALUES (288, 128, 242, 'Distinctio sapiente ut ipsum molestias natus veritatis. Sapiente sequi voluptas provident odio est. Modi sequi qui et quia eos consequatur illum saepe.', 1, 0, '1985-07-20 22:55:43');
INSERT INTO `messages` (`id`, `from_user_id`, `to_user_id`, `body`, `is_important`, `is_delivered`, `created_at`) VALUES (289, 399, 348, 'Accusamus omnis eum est officiis. Et possimus voluptatum qui aperiam totam quidem. Fuga ad et pariatur inventore commodi.', 1, 0, '1977-09-14 17:24:53');
INSERT INTO `messages` (`id`, `from_user_id`, `to_user_id`, `body`, `is_important`, `is_delivered`, `created_at`) VALUES (290, 273, 104, 'Esse laborum natus et ut. Asperiores occaecati cum enim est exercitationem ea consequatur.', 0, 1, '1976-12-23 11:43:30');
INSERT INTO `messages` (`id`, `from_user_id`, `to_user_id`, `body`, `is_important`, `is_delivered`, `created_at`) VALUES (291, 285, 249, 'Ipsam quae aperiam ut et incidunt amet ipsam quod. Rerum quod voluptatibus autem aliquid hic. Cum molestiae ipsam quia quia praesentium maxime rem. Qui rerum ut et omnis. Incidunt voluptas aspernatur magni iure aliquam.', 0, 0, '1974-10-30 06:26:35');
INSERT INTO `messages` (`id`, `from_user_id`, `to_user_id`, `body`, `is_important`, `is_delivered`, `created_at`) VALUES (292, 166, 281, 'Quo nemo atque sint fugit aspernatur ut recusandae tenetur. Cupiditate dicta eum suscipit. Assumenda libero soluta aspernatur.', 0, 0, '1988-07-05 10:05:57');
INSERT INTO `messages` (`id`, `from_user_id`, `to_user_id`, `body`, `is_important`, `is_delivered`, `created_at`) VALUES (293, 345, 153, 'Illo et rerum maiores doloremque. Debitis excepturi qui aut voluptatum voluptatem rem. Sed cumque et nihil suscipit occaecati quidem doloremque aperiam. Minus sunt doloribus neque.', 1, 0, '1973-12-05 12:38:07');
INSERT INTO `messages` (`id`, `from_user_id`, `to_user_id`, `body`, `is_important`, `is_delivered`, `created_at`) VALUES (294, 193, 138, 'Dolore quia laboriosam et perspiciatis quia. Eum id veritatis voluptas excepturi natus adipisci. Molestiae eum voluptatem ea. Fuga numquam nobis ex alias tempora.', 1, 0, '1990-02-19 12:53:10');
INSERT INTO `messages` (`id`, `from_user_id`, `to_user_id`, `body`, `is_important`, `is_delivered`, `created_at`) VALUES (295, 344, 150, 'Quia veritatis tenetur ad excepturi consectetur occaecati et. Ut quia provident debitis dolorum sapiente inventore. Sint distinctio dolore ipsum tempora.', 0, 1, '2018-04-07 18:18:53');
INSERT INTO `messages` (`id`, `from_user_id`, `to_user_id`, `body`, `is_important`, `is_delivered`, `created_at`) VALUES (296, 322, 98, 'Voluptate iusto molestias molestias. Ut dolorem aut quae non placeat. Officia facere similique molestias aut animi enim sit. Quae distinctio non earum eius. Quia voluptatem mollitia cupiditate quas voluptas alias dolore.', 1, 1, '2005-02-21 12:32:16');
INSERT INTO `messages` (`id`, `from_user_id`, `to_user_id`, `body`, `is_important`, `is_delivered`, `created_at`) VALUES (297, 95, 241, 'Velit qui sapiente quos debitis doloribus qui vel. Non et iure suscipit dolor veritatis autem cupiditate. Eius enim id aliquid cum et. Numquam fuga sunt possimus doloribus at facilis rerum.', 0, 1, '2014-11-30 21:02:59');
INSERT INTO `messages` (`id`, `from_user_id`, `to_user_id`, `body`, `is_important`, `is_delivered`, `created_at`) VALUES (298, 148, 272, 'Sapiente tempore sed doloribus aspernatur et modi voluptatem maiores. Molestiae enim numquam corrupti vel. Alias recusandae quia rem non ratione qui. Architecto veniam doloremque omnis fugit aut quo eius.', 1, 1, '1979-05-10 10:09:25');
INSERT INTO `messages` (`id`, `from_user_id`, `to_user_id`, `body`, `is_important`, `is_delivered`, `created_at`) VALUES (299, 374, 224, 'Repellat soluta illo sint ratione ducimus quasi ut quas. Et aliquid deleniti quasi dolores excepturi.', 0, 1, '2016-08-19 08:14:25');
INSERT INTO `messages` (`id`, `from_user_id`, `to_user_id`, `body`, `is_important`, `is_delivered`, `created_at`) VALUES (300, 182, 42, 'Ad et voluptatum ullam vel aliquam magni. Consectetur impedit illum fugit qui autem. Eos esse officiis minus neque aliquam. Libero facilis possimus fugit quia non id.', 1, 0, '1979-09-18 09:28:19');


#
# TABLE STRUCTURE FOR: owner_statuses
#

DROP TABLE IF EXISTS `owner_statuses`;

CREATE TABLE `owner_statuses` (
  `id` int(11) NOT NULL AUTO_INCREMENT,
  `name` varchar(10) COLLATE utf8_unicode_ci DEFAULT NULL,
  `describes` varchar(255) COLLATE utf8_unicode_ci DEFAULT NULL,
  PRIMARY KEY (`id`)
) ENGINE=InnoDB AUTO_INCREMENT=6 DEFAULT CHARSET=utf8 COLLATE=utf8_unicode_ci;

INSERT INTO owner_statuses (`id`, `name`, `describes`) VALUES (1, 'Owner', 'Owner of project, employer');
INSERT INTO owner_statuses (`id`, `name`, `describes`) VALUES (2, 'PM', 'Project manager, person, who create team, tasks and accept completed tasks');
INSERT INTO owner_statuses (`id`, `name`, `describes`) VALUES (3, 'Employee', 'Employee, who can to do some tasks');
INSERT INTO `owner_statuses` (`id`, `name`, `describes`) VALUES (4, 'PM-Employee', 'Corrupti itaque dolorem adipisci necessitatibus voluptas vel magni.');
INSERT INTO `owner_statuses` (`id`, `name`, `describes`) VALUES (5, 'Owner-PM', 'Ut qui nihil pariatur dolor labore omnis ut.');


#
# TABLE STRUCTURE FOR: photos
#

DROP TABLE IF EXISTS `photos`;

CREATE TABLE `photos` (
  `id` int(10) unsigned NOT NULL AUTO_INCREMENT,
  `filename` varchar(10) COLLATE utf8_unicode_ci NOT NULL,
  PRIMARY KEY (`id`)
) ENGINE=InnoDB AUTO_INCREMENT=301 DEFAULT CHARSET=utf8 COLLATE=utf8_unicode_ci;

INSERT INTO `photos` (`id`, `filename`) VALUES (1, 'http://www');
INSERT INTO `photos` (`id`, `filename`) VALUES (2, 'http://pag');
INSERT INTO `photos` (`id`, `filename`) VALUES (3, 'http://www');
INSERT INTO `photos` (`id`, `filename`) VALUES (4, 'http://www');
INSERT INTO `photos` (`id`, `filename`) VALUES (5, 'http://med');
INSERT INTO `photos` (`id`, `filename`) VALUES (6, 'http://pac');
INSERT INTO `photos` (`id`, `filename`) VALUES (7, 'http://chr');
INSERT INTO `photos` (`id`, `filename`) VALUES (8, 'http://bed');
INSERT INTO `photos` (`id`, `filename`) VALUES (9, 'http://lin');
INSERT INTO `photos` (`id`, `filename`) VALUES (10, 'http://www');
INSERT INTO `photos` (`id`, `filename`) VALUES (11, 'http://www');
INSERT INTO `photos` (`id`, `filename`) VALUES (12, 'http://www');
INSERT INTO `photos` (`id`, `filename`) VALUES (13, 'http://hue');
INSERT INTO `photos` (`id`, `filename`) VALUES (14, 'http://www');
INSERT INTO `photos` (`id`, `filename`) VALUES (15, 'http://zem');
INSERT INTO `photos` (`id`, `filename`) VALUES (16, 'http://hea');
INSERT INTO `photos` (`id`, `filename`) VALUES (17, 'http://www');
INSERT INTO `photos` (`id`, `filename`) VALUES (18, 'http://www');
INSERT INTO `photos` (`id`, `filename`) VALUES (19, 'http://jac');
INSERT INTO `photos` (`id`, `filename`) VALUES (20, 'http://www');
INSERT INTO `photos` (`id`, `filename`) VALUES (21, 'http://www');
INSERT INTO `photos` (`id`, `filename`) VALUES (22, 'http://rey');
INSERT INTO `photos` (`id`, `filename`) VALUES (23, 'http://www');
INSERT INTO `photos` (`id`, `filename`) VALUES (24, 'http://www');
INSERT INTO `photos` (`id`, `filename`) VALUES (25, 'http://sch');
INSERT INTO `photos` (`id`, `filename`) VALUES (26, 'http://pre');
INSERT INTO `photos` (`id`, `filename`) VALUES (27, 'http://par');
INSERT INTO `photos` (`id`, `filename`) VALUES (28, 'http://rau');
INSERT INTO `photos` (`id`, `filename`) VALUES (29, 'http://www');
INSERT INTO `photos` (`id`, `filename`) VALUES (30, 'http://www');
INSERT INTO `photos` (`id`, `filename`) VALUES (31, 'http://www');
INSERT INTO `photos` (`id`, `filename`) VALUES (32, 'http://lit');
INSERT INTO `photos` (`id`, `filename`) VALUES (33, 'http://ber');
INSERT INTO `photos` (`id`, `filename`) VALUES (34, 'http://www');
INSERT INTO `photos` (`id`, `filename`) VALUES (35, 'http://kes');
INSERT INTO `photos` (`id`, `filename`) VALUES (36, 'http://sch');
INSERT INTO `photos` (`id`, `filename`) VALUES (37, 'http://www');
INSERT INTO `photos` (`id`, `filename`) VALUES (38, 'http://lyn');
INSERT INTO `photos` (`id`, `filename`) VALUES (39, 'http://rei');
INSERT INTO `photos` (`id`, `filename`) VALUES (40, 'http://www');
INSERT INTO `photos` (`id`, `filename`) VALUES (41, 'http://oku');
INSERT INTO `photos` (`id`, `filename`) VALUES (42, 'http://swi');
INSERT INTO `photos` (`id`, `filename`) VALUES (43, 'http://fri');
INSERT INTO `photos` (`id`, `filename`) VALUES (44, 'http://www');
INSERT INTO `photos` (`id`, `filename`) VALUES (45, 'http://hod');
INSERT INTO `photos` (`id`, `filename`) VALUES (46, 'http://vol');
INSERT INTO `photos` (`id`, `filename`) VALUES (47, 'http://www');
INSERT INTO `photos` (`id`, `filename`) VALUES (48, 'http://www');
INSERT INTO `photos` (`id`, `filename`) VALUES (49, 'http://hue');
INSERT INTO `photos` (`id`, `filename`) VALUES (50, 'http://www');
INSERT INTO `photos` (`id`, `filename`) VALUES (51, 'http://gri');
INSERT INTO `photos` (`id`, `filename`) VALUES (52, 'http://www');
INSERT INTO `photos` (`id`, `filename`) VALUES (53, 'http://lan');
INSERT INTO `photos` (`id`, `filename`) VALUES (54, 'http://www');
INSERT INTO `photos` (`id`, `filename`) VALUES (55, 'http://kli');
INSERT INTO `photos` (`id`, `filename`) VALUES (56, 'http://www');
INSERT INTO `photos` (`id`, `filename`) VALUES (57, 'http://www');
INSERT INTO `photos` (`id`, `filename`) VALUES (58, 'http://www');
INSERT INTO `photos` (`id`, `filename`) VALUES (59, 'http://bec');
INSERT INTO `photos` (`id`, `filename`) VALUES (60, 'http://www');
INSERT INTO `photos` (`id`, `filename`) VALUES (61, 'http://www');
INSERT INTO `photos` (`id`, `filename`) VALUES (62, 'http://nol');
INSERT INTO `photos` (`id`, `filename`) VALUES (63, 'http://www');
INSERT INTO `photos` (`id`, `filename`) VALUES (64, 'http://www');
INSERT INTO `photos` (`id`, `filename`) VALUES (65, 'http://tho');
INSERT INTO `photos` (`id`, `filename`) VALUES (66, 'http://www');
INSERT INTO `photos` (`id`, `filename`) VALUES (67, 'http://dav');
INSERT INTO `photos` (`id`, `filename`) VALUES (68, 'http://bed');
INSERT INTO `photos` (`id`, `filename`) VALUES (69, 'http://kuv');
INSERT INTO `photos` (`id`, `filename`) VALUES (70, 'http://www');
INSERT INTO `photos` (`id`, `filename`) VALUES (71, 'http://www');
INSERT INTO `photos` (`id`, `filename`) VALUES (72, 'http://www');
INSERT INTO `photos` (`id`, `filename`) VALUES (73, 'http://www');
INSERT INTO `photos` (`id`, `filename`) VALUES (74, 'http://www');
INSERT INTO `photos` (`id`, `filename`) VALUES (75, 'http://col');
INSERT INTO `photos` (`id`, `filename`) VALUES (76, 'http://www');
INSERT INTO `photos` (`id`, `filename`) VALUES (77, 'http://lan');
INSERT INTO `photos` (`id`, `filename`) VALUES (78, 'http://www');
INSERT INTO `photos` (`id`, `filename`) VALUES (79, 'http://www');
INSERT INTO `photos` (`id`, `filename`) VALUES (80, 'http://www');
INSERT INTO `photos` (`id`, `filename`) VALUES (81, 'http://www');
INSERT INTO `photos` (`id`, `filename`) VALUES (82, 'http://tre');
INSERT INTO `photos` (`id`, `filename`) VALUES (83, 'http://www');
INSERT INTO `photos` (`id`, `filename`) VALUES (84, 'http://www');
INSERT INTO `photos` (`id`, `filename`) VALUES (85, 'http://hue');
INSERT INTO `photos` (`id`, `filename`) VALUES (86, 'http://gut');
INSERT INTO `photos` (`id`, `filename`) VALUES (87, 'http://saw');
INSERT INTO `photos` (`id`, `filename`) VALUES (88, 'http://wun');
INSERT INTO `photos` (`id`, `filename`) VALUES (89, 'http://www');
INSERT INTO `photos` (`id`, `filename`) VALUES (90, 'http://www');
INSERT INTO `photos` (`id`, `filename`) VALUES (91, 'http://www');
INSERT INTO `photos` (`id`, `filename`) VALUES (92, 'http://www');
INSERT INTO `photos` (`id`, `filename`) VALUES (93, 'http://leg');
INSERT INTO `photos` (`id`, `filename`) VALUES (94, 'http://www');
INSERT INTO `photos` (`id`, `filename`) VALUES (95, 'http://www');
INSERT INTO `photos` (`id`, `filename`) VALUES (96, 'http://rei');
INSERT INTO `photos` (`id`, `filename`) VALUES (97, 'http://www');
INSERT INTO `photos` (`id`, `filename`) VALUES (98, 'http://www');
INSERT INTO `photos` (`id`, `filename`) VALUES (99, 'http://kee');
INSERT INTO `photos` (`id`, `filename`) VALUES (100, 'http://www');
INSERT INTO `photos` (`id`, `filename`) VALUES (101, 'http://www');
INSERT INTO `photos` (`id`, `filename`) VALUES (102, 'http://www');
INSERT INTO `photos` (`id`, `filename`) VALUES (103, 'http://www');
INSERT INTO `photos` (`id`, `filename`) VALUES (104, 'http://www');
INSERT INTO `photos` (`id`, `filename`) VALUES (105, 'http://kov');
INSERT INTO `photos` (`id`, `filename`) VALUES (106, 'http://www');
INSERT INTO `photos` (`id`, `filename`) VALUES (107, 'http://www');
INSERT INTO `photos` (`id`, `filename`) VALUES (108, 'http://sim');
INSERT INTO `photos` (`id`, `filename`) VALUES (109, 'http://rau');
INSERT INTO `photos` (`id`, `filename`) VALUES (110, 'http://kun');
INSERT INTO `photos` (`id`, `filename`) VALUES (111, 'http://pfa');
INSERT INTO `photos` (`id`, `filename`) VALUES (112, 'http://www');
INSERT INTO `photos` (`id`, `filename`) VALUES (113, 'http://www');
INSERT INTO `photos` (`id`, `filename`) VALUES (114, 'http://bee');
INSERT INTO `photos` (`id`, `filename`) VALUES (115, 'http://www');
INSERT INTO `photos` (`id`, `filename`) VALUES (116, 'http://blo');
INSERT INTO `photos` (`id`, `filename`) VALUES (117, 'http://wym');
INSERT INTO `photos` (`id`, `filename`) VALUES (118, 'http://jon');
INSERT INTO `photos` (`id`, `filename`) VALUES (119, 'http://www');
INSERT INTO `photos` (`id`, `filename`) VALUES (120, 'http://www');
INSERT INTO `photos` (`id`, `filename`) VALUES (121, 'http://wie');
INSERT INTO `photos` (`id`, `filename`) VALUES (122, 'http://www');
INSERT INTO `photos` (`id`, `filename`) VALUES (123, 'http://www');
INSERT INTO `photos` (`id`, `filename`) VALUES (124, 'http://www');
INSERT INTO `photos` (`id`, `filename`) VALUES (125, 'http://glo');
INSERT INTO `photos` (`id`, `filename`) VALUES (126, 'http://hir');
INSERT INTO `photos` (`id`, `filename`) VALUES (127, 'http://kun');
INSERT INTO `photos` (`id`, `filename`) VALUES (128, 'http://jen');
INSERT INTO `photos` (`id`, `filename`) VALUES (129, 'http://www');
INSERT INTO `photos` (`id`, `filename`) VALUES (130, 'http://erd');
INSERT INTO `photos` (`id`, `filename`) VALUES (131, 'http://rip');
INSERT INTO `photos` (`id`, `filename`) VALUES (132, 'http://hom');
INSERT INTO `photos` (`id`, `filename`) VALUES (133, 'http://www');
INSERT INTO `photos` (`id`, `filename`) VALUES (134, 'http://moo');
INSERT INTO `photos` (`id`, `filename`) VALUES (135, 'http://www');
INSERT INTO `photos` (`id`, `filename`) VALUES (136, 'http://www');
INSERT INTO `photos` (`id`, `filename`) VALUES (137, 'http://sch');
INSERT INTO `photos` (`id`, `filename`) VALUES (138, 'http://ter');
INSERT INTO `photos` (`id`, `filename`) VALUES (139, 'http://www');
INSERT INTO `photos` (`id`, `filename`) VALUES (140, 'http://bay');
INSERT INTO `photos` (`id`, `filename`) VALUES (141, 'http://sch');
INSERT INTO `photos` (`id`, `filename`) VALUES (142, 'http://pfe');
INSERT INTO `photos` (`id`, `filename`) VALUES (143, 'http://kih');
INSERT INTO `photos` (`id`, `filename`) VALUES (144, 'http://www');
INSERT INTO `photos` (`id`, `filename`) VALUES (145, 'http://vol');
INSERT INTO `photos` (`id`, `filename`) VALUES (146, 'http://rue');
INSERT INTO `photos` (`id`, `filename`) VALUES (147, 'http://www');
INSERT INTO `photos` (`id`, `filename`) VALUES (148, 'http://www');
INSERT INTO `photos` (`id`, `filename`) VALUES (149, 'http://war');
INSERT INTO `photos` (`id`, `filename`) VALUES (150, 'http://www');
INSERT INTO `photos` (`id`, `filename`) VALUES (151, 'http://boy');
INSERT INTO `photos` (`id`, `filename`) VALUES (152, 'http://sch');
INSERT INTO `photos` (`id`, `filename`) VALUES (153, 'http://ber');
INSERT INTO `photos` (`id`, `filename`) VALUES (154, 'http://bre');
INSERT INTO `photos` (`id`, `filename`) VALUES (155, 'http://www');
INSERT INTO `photos` (`id`, `filename`) VALUES (156, 'http://www');
INSERT INTO `photos` (`id`, `filename`) VALUES (157, 'http://lin');
INSERT INTO `photos` (`id`, `filename`) VALUES (158, 'http://www');
INSERT INTO `photos` (`id`, `filename`) VALUES (159, 'http://www');
INSERT INTO `photos` (`id`, `filename`) VALUES (160, 'http://hac');
INSERT INTO `photos` (`id`, `filename`) VALUES (161, 'http://www');
INSERT INTO `photos` (`id`, `filename`) VALUES (162, 'http://rei');
INSERT INTO `photos` (`id`, `filename`) VALUES (163, 'http://www');
INSERT INTO `photos` (`id`, `filename`) VALUES (164, 'http://www');
INSERT INTO `photos` (`id`, `filename`) VALUES (165, 'http://www');
INSERT INTO `photos` (`id`, `filename`) VALUES (166, 'http://www');
INSERT INTO `photos` (`id`, `filename`) VALUES (167, 'http://www');
INSERT INTO `photos` (`id`, `filename`) VALUES (168, 'http://www');
INSERT INTO `photos` (`id`, `filename`) VALUES (169, 'http://www');
INSERT INTO `photos` (`id`, `filename`) VALUES (170, 'http://www');
INSERT INTO `photos` (`id`, `filename`) VALUES (171, 'http://far');
INSERT INTO `photos` (`id`, `filename`) VALUES (172, 'http://jon');
INSERT INTO `photos` (`id`, `filename`) VALUES (173, 'http://www');
INSERT INTO `photos` (`id`, `filename`) VALUES (174, 'http://web');
INSERT INTO `photos` (`id`, `filename`) VALUES (175, 'http://hal');
INSERT INTO `photos` (`id`, `filename`) VALUES (176, 'http://www');
INSERT INTO `photos` (`id`, `filename`) VALUES (177, 'http://con');
INSERT INTO `photos` (`id`, `filename`) VALUES (178, 'http://www');
INSERT INTO `photos` (`id`, `filename`) VALUES (179, 'http://kau');
INSERT INTO `photos` (`id`, `filename`) VALUES (180, 'http://www');
INSERT INTO `photos` (`id`, `filename`) VALUES (181, 'http://www');
INSERT INTO `photos` (`id`, `filename`) VALUES (182, 'http://bau');
INSERT INTO `photos` (`id`, `filename`) VALUES (183, 'http://sch');
INSERT INTO `photos` (`id`, `filename`) VALUES (184, 'http://hoe');
INSERT INTO `photos` (`id`, `filename`) VALUES (185, 'http://tra');
INSERT INTO `photos` (`id`, `filename`) VALUES (186, 'http://col');
INSERT INTO `photos` (`id`, `filename`) VALUES (187, 'http://www');
INSERT INTO `photos` (`id`, `filename`) VALUES (188, 'http://www');
INSERT INTO `photos` (`id`, `filename`) VALUES (189, 'http://www');
INSERT INTO `photos` (`id`, `filename`) VALUES (190, 'http://wil');
INSERT INTO `photos` (`id`, `filename`) VALUES (191, 'http://www');
INSERT INTO `photos` (`id`, `filename`) VALUES (192, 'http://www');
INSERT INTO `photos` (`id`, `filename`) VALUES (193, 'http://kes');
INSERT INTO `photos` (`id`, `filename`) VALUES (194, 'http://kuv');
INSERT INTO `photos` (`id`, `filename`) VALUES (195, 'http://fla');
INSERT INTO `photos` (`id`, `filename`) VALUES (196, 'http://www');
INSERT INTO `photos` (`id`, `filename`) VALUES (197, 'http://www');
INSERT INTO `photos` (`id`, `filename`) VALUES (198, 'http://www');
INSERT INTO `photos` (`id`, `filename`) VALUES (199, 'http://gra');
INSERT INTO `photos` (`id`, `filename`) VALUES (200, 'http://www');
INSERT INTO `photos` (`id`, `filename`) VALUES (201, 'http://von');
INSERT INTO `photos` (`id`, `filename`) VALUES (202, 'http://www');
INSERT INTO `photos` (`id`, `filename`) VALUES (203, 'http://kos');
INSERT INTO `photos` (`id`, `filename`) VALUES (204, 'http://www');
INSERT INTO `photos` (`id`, `filename`) VALUES (205, 'http://mor');
INSERT INTO `photos` (`id`, `filename`) VALUES (206, 'http://wol');
INSERT INTO `photos` (`id`, `filename`) VALUES (207, 'http://mue');
INSERT INTO `photos` (`id`, `filename`) VALUES (208, 'http://www');
INSERT INTO `photos` (`id`, `filename`) VALUES (209, 'http://www');
INSERT INTO `photos` (`id`, `filename`) VALUES (210, 'http://mcl');
INSERT INTO `photos` (`id`, `filename`) VALUES (211, 'http://www');
INSERT INTO `photos` (`id`, `filename`) VALUES (212, 'http://cru');
INSERT INTO `photos` (`id`, `filename`) VALUES (213, 'http://bru');
INSERT INTO `photos` (`id`, `filename`) VALUES (214, 'http://hya');
INSERT INTO `photos` (`id`, `filename`) VALUES (215, 'http://sim');
INSERT INTO `photos` (`id`, `filename`) VALUES (216, 'http://www');
INSERT INTO `photos` (`id`, `filename`) VALUES (217, 'http://www');
INSERT INTO `photos` (`id`, `filename`) VALUES (218, 'http://www');
INSERT INTO `photos` (`id`, `filename`) VALUES (219, 'http://bar');
INSERT INTO `photos` (`id`, `filename`) VALUES (220, 'http://sch');
INSERT INTO `photos` (`id`, `filename`) VALUES (221, 'http://www');
INSERT INTO `photos` (`id`, `filename`) VALUES (222, 'http://mar');
INSERT INTO `photos` (`id`, `filename`) VALUES (223, 'http://car');
INSERT INTO `photos` (`id`, `filename`) VALUES (224, 'http://mcc');
INSERT INTO `photos` (`id`, `filename`) VALUES (225, 'http://www');
INSERT INTO `photos` (`id`, `filename`) VALUES (226, 'http://www');
INSERT INTO `photos` (`id`, `filename`) VALUES (227, 'http://hal');
INSERT INTO `photos` (`id`, `filename`) VALUES (228, 'http://www');
INSERT INTO `photos` (`id`, `filename`) VALUES (229, 'http://www');
INSERT INTO `photos` (`id`, `filename`) VALUES (230, 'http://www');
INSERT INTO `photos` (`id`, `filename`) VALUES (231, 'http://www');
INSERT INTO `photos` (`id`, `filename`) VALUES (232, 'http://www');
INSERT INTO `photos` (`id`, `filename`) VALUES (233, 'http://www');
INSERT INTO `photos` (`id`, `filename`) VALUES (234, 'http://koc');
INSERT INTO `photos` (`id`, `filename`) VALUES (235, 'http://med');
INSERT INTO `photos` (`id`, `filename`) VALUES (236, 'http://www');
INSERT INTO `photos` (`id`, `filename`) VALUES (237, 'http://yos');
INSERT INTO `photos` (`id`, `filename`) VALUES (238, 'http://www');
INSERT INTO `photos` (`id`, `filename`) VALUES (239, 'http://gib');
INSERT INTO `photos` (`id`, `filename`) VALUES (240, 'http://www');
INSERT INTO `photos` (`id`, `filename`) VALUES (241, 'http://ber');
INSERT INTO `photos` (`id`, `filename`) VALUES (242, 'http://jak');
INSERT INTO `photos` (`id`, `filename`) VALUES (243, 'http://fei');
INSERT INTO `photos` (`id`, `filename`) VALUES (244, 'http://bec');
INSERT INTO `photos` (`id`, `filename`) VALUES (245, 'http://bra');
INSERT INTO `photos` (`id`, `filename`) VALUES (246, 'http://www');
INSERT INTO `photos` (`id`, `filename`) VALUES (247, 'http://www');
INSERT INTO `photos` (`id`, `filename`) VALUES (248, 'http://pur');
INSERT INTO `photos` (`id`, `filename`) VALUES (249, 'http://www');
INSERT INTO `photos` (`id`, `filename`) VALUES (250, 'http://gle');
INSERT INTO `photos` (`id`, `filename`) VALUES (251, 'http://wei');
INSERT INTO `photos` (`id`, `filename`) VALUES (252, 'http://www');
INSERT INTO `photos` (`id`, `filename`) VALUES (253, 'http://fra');
INSERT INTO `photos` (`id`, `filename`) VALUES (254, 'http://www');
INSERT INTO `photos` (`id`, `filename`) VALUES (255, 'http://zul');
INSERT INTO `photos` (`id`, `filename`) VALUES (256, 'http://www');
INSERT INTO `photos` (`id`, `filename`) VALUES (257, 'http://www');
INSERT INTO `photos` (`id`, `filename`) VALUES (258, 'http://lar');
INSERT INTO `photos` (`id`, `filename`) VALUES (259, 'http://www');
INSERT INTO `photos` (`id`, `filename`) VALUES (260, 'http://www');
INSERT INTO `photos` (`id`, `filename`) VALUES (261, 'http://weh');
INSERT INTO `photos` (`id`, `filename`) VALUES (262, 'http://www');
INSERT INTO `photos` (`id`, `filename`) VALUES (263, 'http://con');
INSERT INTO `photos` (`id`, `filename`) VALUES (264, 'http://kau');
INSERT INTO `photos` (`id`, `filename`) VALUES (265, 'http://www');
INSERT INTO `photos` (`id`, `filename`) VALUES (266, 'http://www');
INSERT INTO `photos` (`id`, `filename`) VALUES (267, 'http://oco');
INSERT INTO `photos` (`id`, `filename`) VALUES (268, 'http://www');
INSERT INTO `photos` (`id`, `filename`) VALUES (269, 'http://ger');
INSERT INTO `photos` (`id`, `filename`) VALUES (270, 'http://www');
INSERT INTO `photos` (`id`, `filename`) VALUES (271, 'http://www');
INSERT INTO `photos` (`id`, `filename`) VALUES (272, 'http://glo');
INSERT INTO `photos` (`id`, `filename`) VALUES (273, 'http://dar');
INSERT INTO `photos` (`id`, `filename`) VALUES (274, 'http://zul');
INSERT INTO `photos` (`id`, `filename`) VALUES (275, 'http://kuh');
INSERT INTO `photos` (`id`, `filename`) VALUES (276, 'http://con');
INSERT INTO `photos` (`id`, `filename`) VALUES (277, 'http://www');
INSERT INTO `photos` (`id`, `filename`) VALUES (278, 'http://www');
INSERT INTO `photos` (`id`, `filename`) VALUES (279, 'http://www');
INSERT INTO `photos` (`id`, `filename`) VALUES (280, 'http://bos');
INSERT INTO `photos` (`id`, `filename`) VALUES (281, 'http://www');
INSERT INTO `photos` (`id`, `filename`) VALUES (282, 'http://www');
INSERT INTO `photos` (`id`, `filename`) VALUES (283, 'http://rya');
INSERT INTO `photos` (`id`, `filename`) VALUES (284, 'http://www');
INSERT INTO `photos` (`id`, `filename`) VALUES (285, 'http://www');
INSERT INTO `photos` (`id`, `filename`) VALUES (286, 'http://cha');
INSERT INTO `photos` (`id`, `filename`) VALUES (287, 'http://bec');
INSERT INTO `photos` (`id`, `filename`) VALUES (288, 'http://sau');
INSERT INTO `photos` (`id`, `filename`) VALUES (289, 'http://www');
INSERT INTO `photos` (`id`, `filename`) VALUES (290, 'http://www');
INSERT INTO `photos` (`id`, `filename`) VALUES (291, 'http://www');
INSERT INTO `photos` (`id`, `filename`) VALUES (292, 'http://www');
INSERT INTO `photos` (`id`, `filename`) VALUES (293, 'http://sta');
INSERT INTO `photos` (`id`, `filename`) VALUES (294, 'http://www');
INSERT INTO `photos` (`id`, `filename`) VALUES (295, 'http://www');
INSERT INTO `photos` (`id`, `filename`) VALUES (296, 'http://www');
INSERT INTO `photos` (`id`, `filename`) VALUES (297, 'http://www');
INSERT INTO `photos` (`id`, `filename`) VALUES (298, 'http://wil');
INSERT INTO `photos` (`id`, `filename`) VALUES (299, 'http://kuh');
INSERT INTO `photos` (`id`, `filename`) VALUES (300, 'http://hic');


#
# TABLE STRUCTURE FOR: profiles
#


DROP TABLE IF EXISTS profiles;
CREATE TABLE profiles (
  user_id int NOT NULL,
  sex char(1) CHARACTER SET utf8 COLLATE utf8_unicode_ci NOT NULL,
  birthday date DEFAULT NULL,
  hometown varchar(100) CHARACTER SET utf8 COLLATE utf8_unicode_ci DEFAULT NULL,
  photo_id int(10) UNSIGNED DEFAULT NULL,
  team_id INT UNSIGNED DEFAULT NULL,
  CONSTRAINT profiles__users_fk
 	 FOREIGN KEY (user_id)  REFERENCES users (id) ON DELETE CASCADE,
  CONSTRAINT profiles_photos_fk
 	 FOREIGN KEY (photo_id)  REFERENCES photos (id) ON DELETE SET NULL  
    );

INSERT INTO `profiles` (`user_id`, `sex`, `birthday`, `hometown`, `photo_id`) VALUES (365, 'M', '2012-05-07', '42739 Bergnaum Center Suite 719\nEast Eribertoville, WY 26456-8194', 1);
INSERT INTO `profiles` (`user_id`, `sex`, `birthday`, `hometown`, `photo_id`) VALUES (38, 'M', '1986-02-11', '583 Nya Circle\nJohnathonhaven, MI 84632-6597', 2);
INSERT INTO `profiles` (`user_id`, `sex`, `birthday`, `hometown`, `photo_id`) VALUES (245, 'P', '2005-03-11', '20010 Jerald Shore\nHeidenreichshire, IL 05585', 3);
INSERT INTO `profiles` (`user_id`, `sex`, `birthday`, `hometown`, `photo_id`) VALUES (14, 'M', '1994-07-03', '81087 Mann Parkways\nLemkemouth, NE 16504', 4);
INSERT INTO `profiles` (`user_id`, `sex`, `birthday`, `hometown`, `photo_id`) VALUES (153, 'M', '1997-09-13', '0273 Wendy River Suite 547\nNew Jedidiahbury, OH 73788', 5);
INSERT INTO `profiles` (`user_id`, `sex`, `birthday`, `hometown`, `photo_id`) VALUES (155, 'D', '2003-01-16', '397 Ed Summit Apt. 450\nLeslyborough, SD 02350', 6);
INSERT INTO `profiles` (`user_id`, `sex`, `birthday`, `hometown`, `photo_id`) VALUES (205, 'M', '2014-04-09', '954 Runolfsdottir Inlet Suite 122\nWest Nannie, WI 60804-8616', 7);
INSERT INTO `profiles` (`user_id`, `sex`, `birthday`, `hometown`, `photo_id`) VALUES (154, 'D', '2005-06-27', '4558 Cole Court\nPort Ryleigh, LA 51422', 8);
INSERT INTO `profiles` (`user_id`, `sex`, `birthday`, `hometown`, `photo_id`) VALUES (329, 'M', '2014-10-13', '75712 Graham Station\nWest Benjaminbury, ID 08975-9213', 9);
INSERT INTO `profiles` (`user_id`, `sex`, `birthday`, `hometown`, `photo_id`) VALUES (370, 'D', '2013-05-20', '9462 Palma Centers Suite 446\nHarbertown, AR 69393', 10);
INSERT INTO `profiles` (`user_id`, `sex`, `birthday`, `hometown`, `photo_id`) VALUES (212, 'M', '2012-05-12', '9388 Lexus Trail\nSouth Maiatown, IA 43977-3858', 12);
INSERT INTO `profiles` (`user_id`, `sex`, `birthday`, `hometown`, `photo_id`) VALUES (179, 'P', '2002-11-25', '575 Claudine Springs Apt. 229\nSouth Bretstad, TN 65262-4291', 13);
INSERT INTO `profiles` (`user_id`, `sex`, `birthday`, `hometown`, `photo_id`) VALUES (284, 'P', '1993-11-28', '529 Aubrey Port Suite 882\nDavisside, SC 96904', 14);
INSERT INTO `profiles` (`user_id`, `sex`, `birthday`, `hometown`, `photo_id`) VALUES (27, 'P', '1973-10-13', '9973 Roob Isle Apt. 833\nKaleighstad, WI 26313', 15);
INSERT INTO `profiles` (`user_id`, `sex`, `birthday`, `hometown`, `photo_id`) VALUES (359, 'M', '1980-01-20', '812 Brook Canyon Suite 205\nElyssaborough, UT 05046-2245', 16);
INSERT INTO `profiles` (`user_id`, `sex`, `birthday`, `hometown`, `photo_id`) VALUES (70, 'P', '2019-09-26', '5061 Johns Haven Apt. 343\nPort Maidafort, ID 89739-8915', 11);
INSERT INTO `profiles` (`user_id`, `sex`, `birthday`, `hometown`, `photo_id`) VALUES (115, 'M', '1998-10-05', '0801 Waylon Terrace\nPort Lisabury, HI 18245', 17);
INSERT INTO `profiles` (`user_id`, `sex`, `birthday`, `hometown`, `photo_id`) VALUES (18, 'M', '1994-09-29', '7637 Kuhn Unions Suite 968\nStokesville, WA 97743', 18);
INSERT INTO `profiles` (`user_id`, `sex`, `birthday`, `hometown`, `photo_id`) VALUES (357, 'D', '2012-01-24', '9574 Mann Lock\nNew Ada, WI 31762', 19);
INSERT INTO `profiles` (`user_id`, `sex`, `birthday`, `hometown`, `photo_id`) VALUES (190, 'M', '1985-05-15', '993 Wunsch Mountain Suite 728\nLake Jaquanton, OH 03713', 20);
INSERT INTO `profiles` (`user_id`, `sex`, `birthday`, `hometown`, `photo_id`) VALUES (136, 'M', '2008-08-07', '53510 Queen Streets\nEast Ceceliaton, IN 57297-8793', 21);
INSERT INTO `profiles` (`user_id`, `sex`, `birthday`, `hometown`, `photo_id`) VALUES (161, 'D', '1977-02-15', '4210 Shields Hill Suite 175\nLake Franco, AL 99701', 22);
INSERT INTO `profiles` (`user_id`, `sex`, `birthday`, `hometown`, `photo_id`) VALUES (90, 'P', '1999-01-21', '32763 Cassandre Prairie Suite 780\nEast Vivianneview, MS 52021-2207', 23);
INSERT INTO `profiles` (`user_id`, `sex`, `birthday`, `hometown`, `photo_id`) VALUES (210, 'D', '1991-08-27', '4495 Schmitt Shoal\nPort Kenny, NH 53223', 24);
INSERT INTO `profiles` (`user_id`, `sex`, `birthday`, `hometown`, `photo_id`) VALUES (150, 'M', '1991-03-14', '2515 Ferry Pass\nPort Jackyborough, WV 41343', 25);
INSERT INTO `profiles` (`user_id`, `sex`, `birthday`, `hometown`, `photo_id`) VALUES (203, 'M', '2000-05-18', '4347 Cummerata Pine\nCreminview, ME 68297', 26);
INSERT INTO `profiles` (`user_id`, `sex`, `birthday`, `hometown`, `photo_id`) VALUES (38, 'P', '2011-11-02', '911 Cary Light\nWyattbury, CT 75054-1833', 27);
INSERT INTO `profiles` (`user_id`, `sex`, `birthday`, `hometown`, `photo_id`) VALUES (321, 'M', '1970-05-09', '6770 Tanner Mews\nDaphneyville, CA 06900-0274', 28);
INSERT INTO `profiles` (`user_id`, `sex`, `birthday`, `hometown`, `photo_id`) VALUES (30, 'P', '1996-12-24', '111 Nikolaus Vista Apt. 546\nHintzview, SD 81500', 29);
INSERT INTO `profiles` (`user_id`, `sex`, `birthday`, `hometown`, `photo_id`) VALUES (83, 'M', '1995-11-14', '96655 Jannie Island\nBruenstad, FL 04598-6165', 30);
INSERT INTO `profiles` (`user_id`, `sex`, `birthday`, `hometown`, `photo_id`) VALUES (336, 'M', '1999-03-09', '688 Mayer Locks Apt. 665\nNorth Kameronfurt, IL 80739-9489', 31);
INSERT INTO `profiles` (`user_id`, `sex`, `birthday`, `hometown`, `photo_id`) VALUES (394, 'P', '1978-11-14', '7237 Orlo Union\nNorth Anastasiamouth, IA 12461-1845', 32);
INSERT INTO `profiles` (`user_id`, `sex`, `birthday`, `hometown`, `photo_id`) VALUES (121, 'M', '1978-10-30', '1409 Daren Mountains Suite 537\nRennerfurt, IL 96175', 33);
INSERT INTO `profiles` (`user_id`, `sex`, `birthday`, `hometown`, `photo_id`) VALUES (180, 'P', '2001-11-27', '404 Mante Port\nSouth Jalynport, CO 44125', 34);
INSERT INTO `profiles` (`user_id`, `sex`, `birthday`, `hometown`, `photo_id`) VALUES (8, 'M', '1973-07-28', '35173 Jackie Mill Apt. 526\nSouth Neha, UT 74749', 35);
INSERT INTO `profiles` (`user_id`, `sex`, `birthday`, `hometown`, `photo_id`) VALUES (273, 'M', '1973-02-08', '735 Eloise Extensions Apt. 691\nLake Budshire, MS 47672-3303', 36);
INSERT INTO `profiles` (`user_id`, `sex`, `birthday`, `hometown`, `photo_id`) VALUES (334, 'M', '1992-01-02', '2721 Alda Greens Apt. 926\nFrederictown, NC 54707-6636', 37);
INSERT INTO `profiles` (`user_id`, `sex`, `birthday`, `hometown`, `photo_id`) VALUES (212, 'M', '1991-08-10', '799 Noelia Course Apt. 816\nWaelchimouth, TN 86608-9727', 38);
INSERT INTO `profiles` (`user_id`, `sex`, `birthday`, `hometown`, `photo_id`) VALUES (27, 'D', '1984-05-17', '15565 Satterfield Glen\nElzaburgh, GA 99161-1297', 39);
INSERT INTO `profiles` (`user_id`, `sex`, `birthday`, `hometown`, `photo_id`) VALUES (263, 'P', '1986-08-16', '7662 Renner Estates Suite 862\nNew Hermina, DC 64939', 40);
INSERT INTO `profiles` (`user_id`, `sex`, `birthday`, `hometown`, `photo_id`) VALUES (181, 'D', '2013-05-11', '3743 Hayden Street\nEast Tracyhaven, WV 72770', 41);
INSERT INTO `profiles` (`user_id`, `sex`, `birthday`, `hometown`, `photo_id`) VALUES (96, 'M', '2018-06-06', '879 Ritchie Shoal Apt. 410\nNorth Melodyborough, ID 62479', 42);
INSERT INTO `profiles` (`user_id`, `sex`, `birthday`, `hometown`, `photo_id`) VALUES (75, 'D', '2011-12-09', '87687 Karli Rest\nWest Manuelfort, WA 03756', 43);
INSERT INTO `profiles` (`user_id`, `sex`, `birthday`, `hometown`, `photo_id`) VALUES (360, 'M', '1998-03-31', '5815 Bode Ramp Suite 069\nWehnerstad, IN 63988-8545', 44);
INSERT INTO `profiles` (`user_id`, `sex`, `birthday`, `hometown`, `photo_id`) VALUES (380, 'M', '1972-12-24', '59983 Morar Locks Suite 581\nBarrowsport, ME 23445-3358', 45);
INSERT INTO `profiles` (`user_id`, `sex`, `birthday`, `hometown`, `photo_id`) VALUES (101, 'P', '1981-05-10', '854 Schamberger Glen Apt. 025\nSouth Bernardoshire, NM 02526', 46);
INSERT INTO `profiles` (`user_id`, `sex`, `birthday`, `hometown`, `photo_id`) VALUES (318, 'P', '2006-12-26', '73435 Fadel Ranch Apt. 678\nSporertown, AL 95163', 47);
INSERT INTO `profiles` (`user_id`, `sex`, `birthday`, `hometown`, `photo_id`) VALUES (94, 'M', '1995-11-17', '652 Diamond Harbors Apt. 608\nKristoferbury, HI 47312-4178', 48);
INSERT INTO `profiles` (`user_id`, `sex`, `birthday`, `hometown`, `photo_id`) VALUES (118, 'P', '2016-04-09', '778 Ondricka Knoll\nMcDermottfurt, ND 31283-1789', 49);
INSERT INTO `profiles` (`user_id`, `sex`, `birthday`, `hometown`, `photo_id`) VALUES (275, 'D', '1999-11-11', '0906 Janae Points Apt. 077\nWilburnberg, HI 21289', 50);
INSERT INTO `profiles` (`user_id`, `sex`, `birthday`, `hometown`, `photo_id`) VALUES (284, 'D', '1979-02-25', '7348 Camila Dam\nGloverfort, MD 64618-0116', 51);
INSERT INTO `profiles` (`user_id`, `sex`, `birthday`, `hometown`, `photo_id`) VALUES (253, 'M', '2010-06-22', '51764 Lee Vista\nAngelastad, CO 15793', 52);
INSERT INTO `profiles` (`user_id`, `sex`, `birthday`, `hometown`, `photo_id`) VALUES (35, 'M', '2001-01-04', '10151 Royal Island\nNew Hudson, AK 91274', 53);
INSERT INTO `profiles` (`user_id`, `sex`, `birthday`, `hometown`, `photo_id`) VALUES (373, 'P', '1983-09-19', '336 Homenick Brooks\nLake Buford, TN 01846-9866', 54);
INSERT INTO `profiles` (`user_id`, `sex`, `birthday`, `hometown`, `photo_id`) VALUES (63, 'D', '2017-10-30', '18774 Frami Highway\nErdmanfort, IL 04705-0790', 55);
INSERT INTO `profiles` (`user_id`, `sex`, `birthday`, `hometown`, `photo_id`) VALUES (185, 'M', '2008-10-08', '6914 Casper Drive Suite 306\nSouth Rickie, LA 28691-5769', 56);
INSERT INTO `profiles` (`user_id`, `sex`, `birthday`, `hometown`, `photo_id`) VALUES (176, 'P', '1991-12-16', '505 Shanahan Rapids Apt. 680\nHuelshire, AL 49611', 57);
INSERT INTO `profiles` (`user_id`, `sex`, `birthday`, `hometown`, `photo_id`) VALUES (101, 'M', '1980-11-22', '8804 Rodrigo Crescent Suite 486\nAryannaport, IN 76241-4673', 58);
INSERT INTO `profiles` (`user_id`, `sex`, `birthday`, `hometown`, `photo_id`) VALUES (106, 'P', '1971-05-02', '3848 Linnie Mountains\nSchinnerport, NV 50379', 59);
INSERT INTO `profiles` (`user_id`, `sex`, `birthday`, `hometown`, `photo_id`) VALUES (205, 'D', '1996-10-13', '358 Considine Mall\nNorth Alia, NH 67390', 60);
INSERT INTO `profiles` (`user_id`, `sex`, `birthday`, `hometown`, `photo_id`) VALUES (183, 'D', '1998-08-26', '2858 Kassulke Union Apt. 146\nJohnstontown, AL 83058-3985', 61);
INSERT INTO `profiles` (`user_id`, `sex`, `birthday`, `hometown`, `photo_id`) VALUES (41, 'M', '2019-08-22', '84736 Fadel Viaduct Apt. 224\nKohlerberg, AR 19441-3907', 62);
INSERT INTO `profiles` (`user_id`, `sex`, `birthday`, `hometown`, `photo_id`) VALUES (198, 'M', '1990-08-02', '6814 Kacey Course Apt. 597\nMrazstad, NE 08934', 63);
INSERT INTO `profiles` (`user_id`, `sex`, `birthday`, `hometown`, `photo_id`) VALUES (303, 'P', '1981-05-19', '2257 Andres Common\nNew Julianaland, MN 78223', 64);
INSERT INTO `profiles` (`user_id`, `sex`, `birthday`, `hometown`, `photo_id`) VALUES (221, 'M', '1978-09-23', '313 Santina Radial Suite 120\nNorth Rita, CT 24152-7199', 65);
INSERT INTO `profiles` (`user_id`, `sex`, `birthday`, `hometown`, `photo_id`) VALUES (205, 'M', '1995-02-15', '4088 Kayley Centers\nPfefferstad, NJ 16054-3753', 66);
INSERT INTO `profiles` (`user_id`, `sex`, `birthday`, `hometown`, `photo_id`) VALUES (176, 'M', '1970-03-20', '635 Orn Stravenue\nWest Veronica, NC 61891', 67);
INSERT INTO `profiles` (`user_id`, `sex`, `birthday`, `hometown`, `photo_id`) VALUES (154, 'P', '1984-07-24', '54617 Jamil Shoals\nRutheshire, PA 31289', 68);
INSERT INTO `profiles` (`user_id`, `sex`, `birthday`, `hometown`, `photo_id`) VALUES (17, 'D', '1977-01-20', '388 Predovic Parks Apt. 691\nGloverstad, MO 20171', 69);
INSERT INTO `profiles` (`user_id`, `sex`, `birthday`, `hometown`, `photo_id`) VALUES (202, 'M', '1995-11-05', '131 Borer Springs Apt. 132\nRosemaryton, HI 80519-8861', 70);
INSERT INTO `profiles` (`user_id`, `sex`, `birthday`, `hometown`, `photo_id`) VALUES (17, 'M', '2002-06-29', '680 Wiegand Locks Apt. 156\nLake Olgashire, PA 85818', 71);
INSERT INTO `profiles` (`user_id`, `sex`, `birthday`, `hometown`, `photo_id`) VALUES (198, 'D', '1978-10-16', '4717 Cullen Oval\nWest Elishastad, OK 37972-9699', 72);
INSERT INTO `profiles` (`user_id`, `sex`, `birthday`, `hometown`, `photo_id`) VALUES (298, 'P', '1992-02-16', '7745 Ruecker Lakes Apt. 274\nWest Alanis, MI 73952', 73);
INSERT INTO `profiles` (`user_id`, `sex`, `birthday`, `hometown`, `photo_id`) VALUES (91, 'D', '1983-05-27', '76444 Shanon Mews\nNorth Royalshire, KS 31058', 74);
INSERT INTO `profiles` (`user_id`, `sex`, `birthday`, `hometown`, `photo_id`) VALUES (157, 'P', '1973-07-18', '43163 Borer Forges Suite 765\nMayershire, OR 84002', 75);
INSERT INTO `profiles` (`user_id`, `sex`, `birthday`, `hometown`, `photo_id`) VALUES (277, 'P', '1991-06-16', '29707 Kihn Ranch\nSouth Brent, SD 09660-0501', 76);
INSERT INTO `profiles` (`user_id`, `sex`, `birthday`, `hometown`, `photo_id`) VALUES (191, 'D', '1999-06-23', '9216 Billie Causeway Suite 531\nLake Gerardo, WV 44945-4186', 77);
INSERT INTO `profiles` (`user_id`, `sex`, `birthday`, `hometown`, `photo_id`) VALUES (74, 'M', '1972-10-10', '67659 Hoppe Centers Suite 132\nSouth Nehachester, CT 41463-0989', 78);
INSERT INTO `profiles` (`user_id`, `sex`, `birthday`, `hometown`, `photo_id`) VALUES (371, 'M', '1984-09-30', '845 Alba Cove Apt. 113\nWest Litzy, CO 15858', 79);
INSERT INTO `profiles` (`user_id`, `sex`, `birthday`, `hometown`, `photo_id`) VALUES (309, 'P', '1997-10-02', '5367 Lydia Road Apt. 479\nArianechester, IL 02031-5233', 80);
INSERT INTO `profiles` (`user_id`, `sex`, `birthday`, `hometown`, `photo_id`) VALUES (349, 'P', '1993-08-06', '92322 Alyce Cliff Suite 420\nWest Brannon, IN 86751-4098', 81);
INSERT INTO `profiles` (`user_id`, `sex`, `birthday`, `hometown`, `photo_id`) VALUES (254, 'M', '2013-05-10', '0087 Carroll Forks Suite 240\nNatmouth, OR 78450-2913', 82);
INSERT INTO `profiles` (`user_id`, `sex`, `birthday`, `hometown`, `photo_id`) VALUES (162, 'M', '2006-08-03', '472 Jones Loaf Suite 727\nKamilleport, NH 93800', 83);
INSERT INTO `profiles` (`user_id`, `sex`, `birthday`, `hometown`, `photo_id`) VALUES (383, 'P', '1972-08-31', '0083 O\'Keefe Trail\nDickibury, CA 79833', 84);
INSERT INTO `profiles` (`user_id`, `sex`, `birthday`, `hometown`, `photo_id`) VALUES (227, 'P', '1997-06-22', '557 Karli Inlet\nRobinland, IN 37032', 85);
INSERT INTO `profiles` (`user_id`, `sex`, `birthday`, `hometown`, `photo_id`) VALUES (224, 'D', '1972-12-09', '7584 Kristoffer Locks\nPort Gretchen, NV 28399', 86);
INSERT INTO `profiles` (`user_id`, `sex`, `birthday`, `hometown`, `photo_id`) VALUES (168, 'D', '1986-08-15', '00139 Weimann Extensions Suite 569\nLake Bertrandbury, LA 12940', 87);
INSERT INTO `profiles` (`user_id`, `sex`, `birthday`, `hometown`, `photo_id`) VALUES (2, 'M', '1981-10-04', '902 Rosalind Prairie\nGottliebville, IL 04421-9782', 88);
INSERT INTO `profiles` (`user_id`, `sex`, `birthday`, `hometown`, `photo_id`) VALUES (325, 'M', '2014-12-29', '485 Kulas Throughway Suite 988\nWeimannberg, NV 56670-9314', 89);
INSERT INTO `profiles` (`user_id`, `sex`, `birthday`, `hometown`, `photo_id`) VALUES (273, 'P', '1991-09-15', '129 Bella Shore\nWest Hiram, RI 87511-5837', 90);
INSERT INTO `profiles` (`user_id`, `sex`, `birthday`, `hometown`, `photo_id`) VALUES (206, 'D', '2014-05-22', '432 Samson Canyon Suite 473\nLake Lucile, MN 88498', 91);
INSERT INTO `profiles` (`user_id`, `sex`, `birthday`, `hometown`, `photo_id`) VALUES (107, 'M', '1994-11-17', '04053 Aaliyah Falls\nWest Rahsaanland, ND 00505-1186', 92);
INSERT INTO `profiles` (`user_id`, `sex`, `birthday`, `hometown`, `photo_id`) VALUES (313, 'M', '1972-08-26', '48355 Reynolds Glen Suite 386\nWillmsland, NJ 45557-7862', 93);
INSERT INTO `profiles` (`user_id`, `sex`, `birthday`, `hometown`, `photo_id`) VALUES (4, 'P', '1981-07-12', '8297 Lizeth Shore Suite 835\nLake Barrett, VA 90171-2304', 94);
INSERT INTO `profiles` (`user_id`, `sex`, `birthday`, `hometown`, `photo_id`) VALUES (10, 'M', '1974-04-22', '4999 Obie Common Apt. 366\nNew Aylinfort, NM 25419-0700', 95);
INSERT INTO `profiles` (`user_id`, `sex`, `birthday`, `hometown`, `photo_id`) VALUES (133, 'P', '1989-04-09', '90893 DuBuque Court Apt. 911\nTheodoraland, AK 46099', 96);
INSERT INTO `profiles` (`user_id`, `sex`, `birthday`, `hometown`, `photo_id`) VALUES (209, 'P', '1981-11-22', '403 Sharon Roads Apt. 523\nIsabellbury, PA 78310', 97);
INSERT INTO `profiles` (`user_id`, `sex`, `birthday`, `hometown`, `photo_id`) VALUES (186, 'M', '1998-05-22', '4724 Cole Rest\nNew Jerrychester, ME 47630', 98);
INSERT INTO `profiles` (`user_id`, `sex`, `birthday`, `hometown`, `photo_id`) VALUES (287, 'M', '1974-11-11', '133 Larry Lake Suite 763\nLake Sylvesterland, AZ 05784', 99);
INSERT INTO `profiles` (`user_id`, `sex`, `birthday`, `hometown`, `photo_id`) VALUES (225, 'D', '1978-03-17', '166 Berge Canyon Suite 847\nWardside, OR 78091', 100);
INSERT INTO `profiles` (`user_id`, `sex`, `birthday`, `hometown`, `photo_id`) VALUES (387, 'M', '2006-01-17', '65842 Jerde Skyway Suite 901\nTillmanhaven, FL 37888', 101);
INSERT INTO `profiles` (`user_id`, `sex`, `birthday`, `hometown`, `photo_id`) VALUES (303, 'M', '2010-04-23', '25643 Donnelly Lights Suite 248\nEast Giovanni, AZ 44270-7382', 102);
INSERT INTO `profiles` (`user_id`, `sex`, `birthday`, `hometown`, `photo_id`) VALUES (23, 'D', '1999-04-29', '2494 Medhurst Causeway\nPort Alanis, WI 61783-3119', 103);
INSERT INTO `profiles` (`user_id`, `sex`, `birthday`, `hometown`, `photo_id`) VALUES (284, 'P', '1975-11-30', '90815 Carmel Cove\nHamillbury, MS 25979-4719', 104);
INSERT INTO `profiles` (`user_id`, `sex`, `birthday`, `hometown`, `photo_id`) VALUES (394, 'M', '2006-11-10', '38972 Gorczany Square Apt. 947\nSouth Abdiel, NM 85536', 105);
INSERT INTO `profiles` (`user_id`, `sex`, `birthday`, `hometown`, `photo_id`) VALUES (179, 'M', '1986-04-25', '8537 Bernice Camp Suite 589\nEast Jeanieland, KY 37116-2299', 106);
INSERT INTO `profiles` (`user_id`, `sex`, `birthday`, `hometown`, `photo_id`) VALUES (161, 'M', '2016-03-19', '92268 Corkery Meadow Suite 587\nEast Tanyaview, GA 41233', 107);
INSERT INTO `profiles` (`user_id`, `sex`, `birthday`, `hometown`, `photo_id`) VALUES (184, 'M', '1983-07-02', '0272 Fritsch Harbor\nEast Bennettton, WA 93926', 108);
INSERT INTO `profiles` (`user_id`, `sex`, `birthday`, `hometown`, `photo_id`) VALUES (253, 'P', '1995-05-20', '0880 Royce Hill Suite 341\nLittlefurt, MN 66958-3807', 109);
INSERT INTO `profiles` (`user_id`, `sex`, `birthday`, `hometown`, `photo_id`) VALUES (131, 'D', '1988-01-09', '03348 Hegmann Heights Suite 724\nSouth Hermannport, CO 10577', 110);
INSERT INTO `profiles` (`user_id`, `sex`, `birthday`, `hometown`, `photo_id`) VALUES (93, 'P', '1977-09-15', '1530 Mayer Viaduct Suite 885\nEast Jaden, MS 89333-2503', 111);
INSERT INTO `profiles` (`user_id`, `sex`, `birthday`, `hometown`, `photo_id`) VALUES (202, 'D', '2007-04-15', '38209 Parisian Fields\nSwiftville, WI 53296-5263', 112);
INSERT INTO `profiles` (`user_id`, `sex`, `birthday`, `hometown`, `photo_id`) VALUES (385, 'M', '1978-03-31', '35184 Hilbert Corners\nTreverhaven, HI 00726-0537', 113);
INSERT INTO `profiles` (`user_id`, `sex`, `birthday`, `hometown`, `photo_id`) VALUES (254, 'M', '1972-02-20', '682 Clemmie Mews\nSouth Lauretta, NE 82599-6045', 114);
INSERT INTO `profiles` (`user_id`, `sex`, `birthday`, `hometown`, `photo_id`) VALUES (184, 'M', '1984-04-05', '42742 Clemens Brook Suite 522\nWebermouth, MA 76370-8279', 115);
INSERT INTO `profiles` (`user_id`, `sex`, `birthday`, `hometown`, `photo_id`) VALUES (211, 'P', '1982-04-23', '55639 Lucie Route\nRocioport, GA 71886', 116);
INSERT INTO `profiles` (`user_id`, `sex`, `birthday`, `hometown`, `photo_id`) VALUES (77, 'M', '1982-03-21', '9028 Mayer Motorway\nLemkestad, IN 99206', 117);
INSERT INTO `profiles` (`user_id`, `sex`, `birthday`, `hometown`, `photo_id`) VALUES (351, 'D', '1977-11-24', '3763 Windler Branch\nAlyciaville, FL 27035-3005', 118);
INSERT INTO `profiles` (`user_id`, `sex`, `birthday`, `hometown`, `photo_id`) VALUES (212, 'M', '2018-03-31', '6260 Daniel Forks\nHuelton, WI 45592', 119);
INSERT INTO `profiles` (`user_id`, `sex`, `birthday`, `hometown`, `photo_id`) VALUES (2, 'M', '2009-01-26', '089 Considine Stream Apt. 257\nMorissettefort, VT 68213', 120);
INSERT INTO `profiles` (`user_id`, `sex`, `birthday`, `hometown`, `photo_id`) VALUES (224, 'D', '2015-12-20', '409 Bergnaum Loaf Suite 429\nWest Meagan, OR 53868-3201', 121);
INSERT INTO `profiles` (`user_id`, `sex`, `birthday`, `hometown`, `photo_id`) VALUES (18, 'M', '1976-03-17', '984 Elbert Locks Apt. 715\nNorth Tyrell, SD 46669-1921', 122);
INSERT INTO `profiles` (`user_id`, `sex`, `birthday`, `hometown`, `photo_id`) VALUES (109, 'P', '2015-10-11', '19217 Elwin Corners\nWest Kadestad, WI 81913', 123);
INSERT INTO `profiles` (`user_id`, `sex`, `birthday`, `hometown`, `photo_id`) VALUES (136, 'P', '2007-09-14', '101 Ashleigh Dale\nBalistreristad, CO 97778', 124);
INSERT INTO `profiles` (`user_id`, `sex`, `birthday`, `hometown`, `photo_id`) VALUES (21, 'M', '1995-05-02', '17531 Efrain Garden Suite 719\nHamillborough, IA 79936-2980', 125);
INSERT INTO `profiles` (`user_id`, `sex`, `birthday`, `hometown`, `photo_id`) VALUES (118, 'D', '2011-08-19', '872 Lorine Mews Apt. 463\nPort Zion, OK 04318-9340', 126);
INSERT INTO `profiles` (`user_id`, `sex`, `birthday`, `hometown`, `photo_id`) VALUES (269, 'D', '1992-08-02', '0169 Nakia Course Apt. 681\nEast Magnus, WV 53709', 127);
INSERT INTO `profiles` (`user_id`, `sex`, `birthday`, `hometown`, `photo_id`) VALUES (230, 'P', '1974-07-30', '83190 Shaina Circles\nRubymouth, MT 67964', 128);
INSERT INTO `profiles` (`user_id`, `sex`, `birthday`, `hometown`, `photo_id`) VALUES (304, 'P', '2010-12-25', '736 Becker Square Suite 140\nEast Americo, AR 46540', 129);
INSERT INTO `profiles` (`user_id`, `sex`, `birthday`, `hometown`, `photo_id`) VALUES (155, 'M', '1972-03-14', '2595 Altenwerth Road\nBrekketown, ND 29546-2076', 130);
INSERT INTO `profiles` (`user_id`, `sex`, `birthday`, `hometown`, `photo_id`) VALUES (55, 'M', '1989-09-07', '84166 Virginia Place Apt. 399\nReingerfort, AK 93523', 131);
INSERT INTO `profiles` (`user_id`, `sex`, `birthday`, `hometown`, `photo_id`) VALUES (291, 'P', '1980-02-13', '03072 Considine Forest Suite 781\nLueilwitzmouth, MN 95277-3343', 132);
INSERT INTO `profiles` (`user_id`, `sex`, `birthday`, `hometown`, `photo_id`) VALUES (58, 'D', '2010-11-28', '3318 Savanna Squares\nVivianville, AL 60980-8826', 133);
INSERT INTO `profiles` (`user_id`, `sex`, `birthday`, `hometown`, `photo_id`) VALUES (77, 'D', '1988-07-23', '5513 Kling Mills\nLake Braulio, WA 29430-6935', 134);
INSERT INTO `profiles` (`user_id`, `sex`, `birthday`, `hometown`, `photo_id`) VALUES (175, 'M', '2019-05-17', '08846 Welch Courts\nLydiaborough, WI 00313-5411', 135);
INSERT INTO `profiles` (`user_id`, `sex`, `birthday`, `hometown`, `photo_id`) VALUES (52, 'P', '2003-11-10', '09888 Herzog Trace\nEast Danny, MA 33920-5116', 136);
INSERT INTO `profiles` (`user_id`, `sex`, `birthday`, `hometown`, `photo_id`) VALUES (256, 'M', '1979-09-27', '1735 Hettinger Lakes Apt. 271\nNorth Shyannehaven, OK 49550', 137);
INSERT INTO `profiles` (`user_id`, `sex`, `birthday`, `hometown`, `photo_id`) VALUES (335, 'M', '1991-04-27', '22887 Liliane River\nNorth Madge, ME 10819', 138);
INSERT INTO `profiles` (`user_id`, `sex`, `birthday`, `hometown`, `photo_id`) VALUES (235, 'D', '2009-02-11', '0063 Ana Branch\nRetabury, DC 20010', 139);
INSERT INTO `profiles` (`user_id`, `sex`, `birthday`, `hometown`, `photo_id`) VALUES (109, 'M', '2001-12-13', '4235 Orval Glens\nPort Kristina, MO 44348-2925', 140);
INSERT INTO `profiles` (`user_id`, `sex`, `birthday`, `hometown`, `photo_id`) VALUES (66, 'M', '1975-02-12', '46180 Rempel Garden Suite 315\nEast Eviemouth, PA 97474-3161', 141);
INSERT INTO `profiles` (`user_id`, `sex`, `birthday`, `hometown`, `photo_id`) VALUES (328, 'M', '2008-09-18', '9249 Syble Via Suite 792\nNew Gersonville, HI 25377', 142);
INSERT INTO `profiles` (`user_id`, `sex`, `birthday`, `hometown`, `photo_id`) VALUES (310, 'P', '2000-09-09', '53440 Otha Lake\nSouth Dena, WI 99939', 143);
INSERT INTO `profiles` (`user_id`, `sex`, `birthday`, `hometown`, `photo_id`) VALUES (50, 'M', '2014-04-12', '155 Chaz Ranch\nLysannebury, ID 12638', 144);
INSERT INTO `profiles` (`user_id`, `sex`, `birthday`, `hometown`, `photo_id`) VALUES (181, 'M', '2008-12-12', '077 Friesen Terrace Apt. 551\nUptonfurt, HI 13752', 145);
INSERT INTO `profiles` (`user_id`, `sex`, `birthday`, `hometown`, `photo_id`) VALUES (94, 'M', '2016-05-15', '96637 Stehr Garden Apt. 286\nRoobchester, NY 23287-9686', 146);
INSERT INTO `profiles` (`user_id`, `sex`, `birthday`, `hometown`, `photo_id`) VALUES (260, 'M', '1985-01-23', '1410 Chanelle Village\nOdachester, SD 55407-8986', 147);
INSERT INTO `profiles` (`user_id`, `sex`, `birthday`, `hometown`, `photo_id`) VALUES (258, 'M', '1987-02-06', '068 Nelda Ridge Apt. 116\nNorth Albaland, WA 24765-9001', 148);
INSERT INTO `profiles` (`user_id`, `sex`, `birthday`, `hometown`, `photo_id`) VALUES (45, 'D', '2015-04-04', '539 Dibbert Hill Apt. 676\nWalterbury, WY 91620-7118', 149);
INSERT INTO `profiles` (`user_id`, `sex`, `birthday`, `hometown`, `photo_id`) VALUES (71, 'P', '1985-05-17', '98850 Kunde Neck\nGleasonfort, MN 58103-0128', 150);
INSERT INTO `profiles` (`user_id`, `sex`, `birthday`, `hometown`, `photo_id`) VALUES (259, 'M', '2004-08-23', '5476 Rice Plains\nSouth Leonel, OK 21545-2582', 151);
INSERT INTO `profiles` (`user_id`, `sex`, `birthday`, `hometown`, `photo_id`) VALUES (268, 'M', '2019-11-01', '80663 Schultz Gateway Apt. 492\nLake Nehashire, DE 88020', 152);
INSERT INTO `profiles` (`user_id`, `sex`, `birthday`, `hometown`, `photo_id`) VALUES (89, 'M', '1997-01-06', '6884 Mertz Walk Apt. 784\nNorth Rayfort, KY 75420', 153);
INSERT INTO `profiles` (`user_id`, `sex`, `birthday`, `hometown`, `photo_id`) VALUES (367, 'M', '2010-07-07', '874 Lockman Key\nGoldnerport, NM 01730-2033', 154);
INSERT INTO `profiles` (`user_id`, `sex`, `birthday`, `hometown`, `photo_id`) VALUES (4, 'D', '1999-09-08', '737 Homenick Springs\nEast Trentmouth, FL 29073', 155);
INSERT INTO `profiles` (`user_id`, `sex`, `birthday`, `hometown`, `photo_id`) VALUES (109, 'M', '1971-12-21', '627 Armstrong Ferry\nEast Kamren, AL 80741-7178', 156);
INSERT INTO `profiles` (`user_id`, `sex`, `birthday`, `hometown`, `photo_id`) VALUES (85, 'P', '1979-03-28', '78455 Darion Square Apt. 005\nAracelyshire, UT 79417', 157);
INSERT INTO `profiles` (`user_id`, `sex`, `birthday`, `hometown`, `photo_id`) VALUES (272, 'D', '1989-03-07', '27363 Arthur Corner Apt. 953\nSouth Elvis, VA 11668', 158);
INSERT INTO `profiles` (`user_id`, `sex`, `birthday`, `hometown`, `photo_id`) VALUES (339, 'M', '1998-04-10', '9414 Hulda Tunnel Apt. 376\nLake Ashley, MS 43543', 159);
INSERT INTO `profiles` (`user_id`, `sex`, `birthday`, `hometown`, `photo_id`) VALUES (388, 'M', '1981-01-15', '31218 Olson Drives\nWest Jordane, OR 86846-5037', 160);
INSERT INTO `profiles` (`user_id`, `sex`, `birthday`, `hometown`, `photo_id`) VALUES (27, 'M', '2001-01-14', '669 Kozey Center\nWest Kara, MO 75497', 161);
INSERT INTO `profiles` (`user_id`, `sex`, `birthday`, `hometown`, `photo_id`) VALUES (393, 'M', '2006-10-16', '2530 Watsica Locks Apt. 823\nLake Elsaberg, ID 90464-8096', 162);
INSERT INTO `profiles` (`user_id`, `sex`, `birthday`, `hometown`, `photo_id`) VALUES (278, 'M', '1996-02-27', '37358 Magali Throughway Suite 075\nMoenhaven, OK 47633-4598', 163);
INSERT INTO `profiles` (`user_id`, `sex`, `birthday`, `hometown`, `photo_id`) VALUES (85, 'P', '1985-07-23', '152 Cristobal Valley\nLake Reneshire, ND 22724-9660', 164);
INSERT INTO `profiles` (`user_id`, `sex`, `birthday`, `hometown`, `photo_id`) VALUES (70, 'M', '1980-07-29', '489 Ferry Streets\nSouth Dennisbury, CO 73252', 165);
INSERT INTO `profiles` (`user_id`, `sex`, `birthday`, `hometown`, `photo_id`) VALUES (52, 'M', '2019-06-15', '38427 Waino Meadow\nWest Annabel, NV 14385', 166);
INSERT INTO `profiles` (`user_id`, `sex`, `birthday`, `hometown`, `photo_id`) VALUES (136, 'D', '2016-02-09', '877 Daphne Landing\nLarkinburgh, PA 94611', 167);
INSERT INTO `profiles` (`user_id`, `sex`, `birthday`, `hometown`, `photo_id`) VALUES (325, 'P', '1977-03-09', '562 Deion Bridge\nPort Providenciview, NV 67284', 168);
INSERT INTO `profiles` (`user_id`, `sex`, `birthday`, `hometown`, `photo_id`) VALUES (387, 'P', '1977-07-02', '65099 Claudine Parkway Apt. 304\nWest Zoilabury, NY 18111-6898', 169);
INSERT INTO `profiles` (`user_id`, `sex`, `birthday`, `hometown`, `photo_id`) VALUES (371, 'M', '1977-10-05', '72508 Kaleigh Mount\nLarkinton, MT 49450', 170);
INSERT INTO `profiles` (`user_id`, `sex`, `birthday`, `hometown`, `photo_id`) VALUES (34, 'P', '1986-10-01', '96779 Heathcote Corners\nValentinberg, OH 49965-7222', 171);
INSERT INTO `profiles` (`user_id`, `sex`, `birthday`, `hometown`, `photo_id`) VALUES (52, 'M', '1977-12-13', '8574 Anika Turnpike\nMeggiemouth, MN 88892-8822', 172);
INSERT INTO `profiles` (`user_id`, `sex`, `birthday`, `hometown`, `photo_id`) VALUES (298, 'M', '1973-11-26', '73923 Koelpin Plaza Suite 096\nWeimannchester, ID 13920-5887', 173);
INSERT INTO `profiles` (`user_id`, `sex`, `birthday`, `hometown`, `photo_id`) VALUES (343, 'D', '2013-01-09', '7300 Remington Crossroad Suite 573\nEast Tiffanyview, SC 85603-9983', 174);
INSERT INTO `profiles` (`user_id`, `sex`, `birthday`, `hometown`, `photo_id`) VALUES (101, 'M', '2002-12-16', '38538 Murray Shore Apt. 960\nKattieland, DE 23603-2075', 175);
INSERT INTO `profiles` (`user_id`, `sex`, `birthday`, `hometown`, `photo_id`) VALUES (78, 'P', '2006-09-17', '842 Jerde Inlet Suite 191\nKenyattaborough, WA 20028', 176);
INSERT INTO `profiles` (`user_id`, `sex`, `birthday`, `hometown`, `photo_id`) VALUES (37, 'M', '2003-03-27', '5479 Mathilde Cove\nNew Kristina, IN 63756-6979', 177);
INSERT INTO `profiles` (`user_id`, `sex`, `birthday`, `hometown`, `photo_id`) VALUES (361, 'P', '1999-07-27', '043 Jaskolski Square Apt. 445\nVioletchester, AK 02209', 178);
INSERT INTO `profiles` (`user_id`, `sex`, `birthday`, `hometown`, `photo_id`) VALUES (335, 'M', '2014-08-01', '12708 Lubowitz Camp Suite 551\nLedaborough, TX 55251', 179);
INSERT INTO `profiles` (`user_id`, `sex`, `birthday`, `hometown`, `photo_id`) VALUES (81, 'P', '2015-09-26', '352 Alysha Ferry Suite 313\nO\'Reillyborough, LA 24021', 180);
INSERT INTO `profiles` (`user_id`, `sex`, `birthday`, `hometown`, `photo_id`) VALUES (32, 'P', '1988-05-15', '930 Kertzmann Wells\nWeissnatland, MT 73553', 181);
INSERT INTO `profiles` (`user_id`, `sex`, `birthday`, `hometown`, `photo_id`) VALUES (193, 'M', '2004-06-02', '6982 Kertzmann Turnpike Apt. 054\nEast Juniusside, DC 74708-3221', 182);
INSERT INTO `profiles` (`user_id`, `sex`, `birthday`, `hometown`, `photo_id`) VALUES (348, 'M', '2019-05-24', '554 Dewayne Forges Suite 860\nNew Aubrey, AK 28533-7288', 183);
INSERT INTO `profiles` (`user_id`, `sex`, `birthday`, `hometown`, `photo_id`) VALUES (120, 'M', '1994-11-25', '44522 Kuphal Light Suite 629\nHalchester, OH 15144-7288', 184);
INSERT INTO `profiles` (`user_id`, `sex`, `birthday`, `hometown`, `photo_id`) VALUES (159, 'D', '1981-03-10', '3892 Schmitt Orchard Suite 169\nDorrisport, MA 15501', 185);
INSERT INTO `profiles` (`user_id`, `sex`, `birthday`, `hometown`, `photo_id`) VALUES (352, 'M', '1982-06-28', '29259 Price Harbors\nPorterfurt, MT 24600-9957', 186);
INSERT INTO `profiles` (`user_id`, `sex`, `birthday`, `hometown`, `photo_id`) VALUES (229, 'D', '1994-04-21', '36056 Cleta Mountains Apt. 463\nAlysontown, NH 26487-5408', 187);
INSERT INTO `profiles` (`user_id`, `sex`, `birthday`, `hometown`, `photo_id`) VALUES (243, 'M', '2018-08-08', '54218 Art Wells\nNiastad, MN 37642', 188);
INSERT INTO `profiles` (`user_id`, `sex`, `birthday`, `hometown`, `photo_id`) VALUES (223, 'D', '1992-03-16', '122 Hodkiewicz Meadow Suite 397\nPort Darrell, CO 88675-1482', 189);
INSERT INTO `profiles` (`user_id`, `sex`, `birthday`, `hometown`, `photo_id`) VALUES (167, 'P', '2018-11-25', '312 Harris Views Suite 576\nNew Ruby, UT 08594', 190);
INSERT INTO `profiles` (`user_id`, `sex`, `birthday`, `hometown`, `photo_id`) VALUES (231, 'M', '1992-02-14', '55092 Lind Drives\nSwaniawskiside, NY 24806-1169', 191);
INSERT INTO `profiles` (`user_id`, `sex`, `birthday`, `hometown`, `photo_id`) VALUES (249, 'P', '1975-11-18', '688 Schuster Highway\nWest Juniusburgh, CA 46883', 192);
INSERT INTO `profiles` (`user_id`, `sex`, `birthday`, `hometown`, `photo_id`) VALUES (160, 'M', '2016-10-12', '558 Deion Stravenue\nWest Maci, IL 29988', 193);
INSERT INTO `profiles` (`user_id`, `sex`, `birthday`, `hometown`, `photo_id`) VALUES (109, 'P', '1974-08-22', '854 Yvette Forest\nNew Jimmie, CO 01291-9997', 194);
INSERT INTO `profiles` (`user_id`, `sex`, `birthday`, `hometown`, `photo_id`) VALUES (333, 'P', '1987-09-02', '580 Josiane Summit Suite 342\nNew Pinkieborough, MT 97359', 195);
INSERT INTO `profiles` (`user_id`, `sex`, `birthday`, `hometown`, `photo_id`) VALUES (229, 'M', '2010-12-09', '4521 Langosh Orchard\nMillerborough, MN 57222-9742', 196);
INSERT INTO `profiles` (`user_id`, `sex`, `birthday`, `hometown`, `photo_id`) VALUES (160, 'M', '2018-04-21', '32143 Hudson Unions\nAftonhaven, LA 06462-4233', 197);
INSERT INTO `profiles` (`user_id`, `sex`, `birthday`, `hometown`, `photo_id`) VALUES (69, 'P', '1993-09-22', '038 Alden Loop Apt. 931\nWest Carrie, AR 41520', 198);
INSERT INTO `profiles` (`user_id`, `sex`, `birthday`, `hometown`, `photo_id`) VALUES (153, 'P', '2012-07-01', '522 Ferne Stream\nEast Rory, DE 51352-6971', 199);
INSERT INTO `profiles` (`user_id`, `sex`, `birthday`, `hometown`, `photo_id`) VALUES (147, 'P', '2011-08-24', '644 Randy Mission Suite 233\nAlektown, OK 35653-6150', 200);
INSERT INTO `profiles` (`user_id`, `sex`, `birthday`, `hometown`, `photo_id`) VALUES (39, 'P', '1973-11-22', '1402 Lesch Skyway\nOkunevachester, MS 27451-8142', 201);
INSERT INTO `profiles` (`user_id`, `sex`, `birthday`, `hometown`, `photo_id`) VALUES (186, 'P', '2009-02-15', '08154 Romaguera Cliffs Apt. 733\nBustermouth, WY 93579-2765', 202);
INSERT INTO `profiles` (`user_id`, `sex`, `birthday`, `hometown`, `photo_id`) VALUES (198, 'M', '1972-01-11', '710 Katlynn Walk Apt. 732\nWest Deion, OH 29998-9022', 203);
INSERT INTO `profiles` (`user_id`, `sex`, `birthday`, `hometown`, `photo_id`) VALUES (336, 'M', '2008-04-09', '290 Conroy Loaf Apt. 571\nCronaton, NM 47194-7105', 204);
INSERT INTO `profiles` (`user_id`, `sex`, `birthday`, `hometown`, `photo_id`) VALUES (129, 'M', '2008-12-26', '4348 Cristal Curve\nHodkiewiczview, AK 71567-0989', 205);
INSERT INTO `profiles` (`user_id`, `sex`, `birthday`, `hometown`, `photo_id`) VALUES (299, 'M', '2006-12-12', '97263 Neoma Fort\nWest Deborah, WI 85226', 206);
INSERT INTO `profiles` (`user_id`, `sex`, `birthday`, `hometown`, `photo_id`) VALUES (13, 'D', '2018-03-08', '1733 Kozey Village\nLake Harmonystad, NY 60055', 207);
INSERT INTO `profiles` (`user_id`, `sex`, `birthday`, `hometown`, `photo_id`) VALUES (165, 'P', '1980-07-26', '49086 Mitchell Viaduct\nWest Lilyan, DC 41688', 208);
INSERT INTO `profiles` (`user_id`, `sex`, `birthday`, `hometown`, `photo_id`) VALUES (260, 'D', '1983-06-12', '95239 Pollich Loaf\nEast Sofiaville, MI 56276', 209);
INSERT INTO `profiles` (`user_id`, `sex`, `birthday`, `hometown`, `photo_id`) VALUES (347, 'D', '2007-02-16', '29492 Kemmer Center Apt. 858\nJettmouth, NY 40671-8105', 210);
INSERT INTO `profiles` (`user_id`, `sex`, `birthday`, `hometown`, `photo_id`) VALUES (245, 'M', '2011-03-08', '2073 Marquardt Park\nEast Icie, NJ 37575', 211);
INSERT INTO `profiles` (`user_id`, `sex`, `birthday`, `hometown`, `photo_id`) VALUES (291, 'M', '2007-10-02', '55031 Sarina Fort Suite 723\nEast Tatumchester, NV 08342', 212);
INSERT INTO `profiles` (`user_id`, `sex`, `birthday`, `hometown`, `photo_id`) VALUES (140, 'P', '1980-12-09', '9197 Hagenes Square Apt. 022\nSouth Burleyhaven, SC 90928', 213);
INSERT INTO `profiles` (`user_id`, `sex`, `birthday`, `hometown`, `photo_id`) VALUES (193, 'M', '2010-06-17', '894 Beahan Bridge Apt. 698\nPort Clarkmouth, OH 96128', 214);
INSERT INTO `profiles` (`user_id`, `sex`, `birthday`, `hometown`, `photo_id`) VALUES (11, 'M', '2005-03-14', '05337 Steuber Canyon\nWest Hoyt, NH 04043', 215);
INSERT INTO `profiles` (`user_id`, `sex`, `birthday`, `hometown`, `photo_id`) VALUES (298, 'M', '1983-07-30', '55305 Macejkovic Trace Apt. 341\nNew Edwardtown, IL 94683-5589', 216);
INSERT INTO `profiles` (`user_id`, `sex`, `birthday`, `hometown`, `photo_id`) VALUES (144, 'D', '2009-09-28', '278 Vella Extensions Apt. 570\nNorth Karenhaven, WI 30807-8584', 217);
INSERT INTO `profiles` (`user_id`, `sex`, `birthday`, `hometown`, `photo_id`) VALUES (239, 'P', '1982-06-05', '2614 Hilda Trafficway\nFaheyview, MA 15581-3994', 218);
INSERT INTO `profiles` (`user_id`, `sex`, `birthday`, `hometown`, `photo_id`) VALUES (141, 'D', '1975-06-21', '29990 Kurt Points\nHerminioburgh, ID 42680', 219);
INSERT INTO `profiles` (`user_id`, `sex`, `birthday`, `hometown`, `photo_id`) VALUES (367, 'P', '2003-06-30', '677 Alysha Ways Suite 518\nBoyleburgh, VT 56498-9173', 220);
INSERT INTO `profiles` (`user_id`, `sex`, `birthday`, `hometown`, `photo_id`) VALUES (6, 'M', '1972-08-31', '1236 O\'Hara Trafficway Apt. 264\nNorth Braeden, ME 91656', 221);
INSERT INTO `profiles` (`user_id`, `sex`, `birthday`, `hometown`, `photo_id`) VALUES (372, 'D', '1978-08-26', '4709 Sheila Walks Suite 602\nSouth Zacharyfurt, GA 92380', 222);
INSERT INTO `profiles` (`user_id`, `sex`, `birthday`, `hometown`, `photo_id`) VALUES (216, 'D', '1971-07-23', '301 Kristian Expressway Suite 498\nSouth Nova, KY 77994', 223);
INSERT INTO `profiles` (`user_id`, `sex`, `birthday`, `hometown`, `photo_id`) VALUES (165, 'M', '2001-02-25', '88377 Adonis Wall Apt. 205\nLake Celiaberg, ND 22076', 224);
INSERT INTO `profiles` (`user_id`, `sex`, `birthday`, `hometown`, `photo_id`) VALUES (80, 'M', '2019-11-16', '87563 Julia Summit\nRaynorton, MS 03422', 225);
INSERT INTO `profiles` (`user_id`, `sex`, `birthday`, `hometown`, `photo_id`) VALUES (149, 'P', '1982-05-25', '990 Vicky Union Suite 217\nSouth Juvenalside, IA 22254-1256', 226);
INSERT INTO `profiles` (`user_id`, `sex`, `birthday`, `hometown`, `photo_id`) VALUES (393, 'M', '2000-11-29', '640 Kellie Roads\nGerrymouth, OH 35321', 227);
INSERT INTO `profiles` (`user_id`, `sex`, `birthday`, `hometown`, `photo_id`) VALUES (240, 'M', '2009-09-24', '6547 Tremblay Row\nLake Chesleymouth, ND 80573-8275', 228);
INSERT INTO `profiles` (`user_id`, `sex`, `birthday`, `hometown`, `photo_id`) VALUES (217, 'D', '2001-01-17', '16012 Kreiger Way\nSterlingfort, IL 50810-2329', 229);
INSERT INTO `profiles` (`user_id`, `sex`, `birthday`, `hometown`, `photo_id`) VALUES (146, 'P', '2004-03-27', '3999 Altenwerth Walk Apt. 919\nBernieceton, IL 55620', 230);
INSERT INTO `profiles` (`user_id`, `sex`, `birthday`, `hometown`, `photo_id`) VALUES (386, 'P', '2014-11-04', '858 Amber Burgs Apt. 382\nWest Marcus, KS 01076', 231);
INSERT INTO `profiles` (`user_id`, `sex`, `birthday`, `hometown`, `photo_id`) VALUES (255, 'P', '2017-01-19', '201 Donnie Valleys Suite 515\nSouth Soledad, DC 96702-5113', 232);
INSERT INTO `profiles` (`user_id`, `sex`, `birthday`, `hometown`, `photo_id`) VALUES (331, 'M', '1998-11-26', '69088 Roob Underpass Suite 389\nSouth Skyebury, DC 61611-7016', 233);
INSERT INTO `profiles` (`user_id`, `sex`, `birthday`, `hometown`, `photo_id`) VALUES (184, 'M', '2005-11-02', '52849 Jasen Creek\nOttiliehaven, DC 25708', 234);
INSERT INTO `profiles` (`user_id`, `sex`, `birthday`, `hometown`, `photo_id`) VALUES (190, 'P', '1991-06-12', '53655 Kayleigh Trail Suite 732\nManteside, TX 86832-0014', 235);
INSERT INTO `profiles` (`user_id`, `sex`, `birthday`, `hometown`, `photo_id`) VALUES (60, 'M', '2008-05-31', '256 Conn Springs Apt. 986\nLake Desiree, IA 88135', 236);
INSERT INTO `profiles` (`user_id`, `sex`, `birthday`, `hometown`, `photo_id`) VALUES (83, 'M', '1975-06-17', '81554 Jerel Inlet\nWest Raphaelberg, IL 18920', 237);
INSERT INTO `profiles` (`user_id`, `sex`, `birthday`, `hometown`, `photo_id`) VALUES (203, 'P', '2019-04-03', '181 Earl Course\nEast Caseyfurt, TX 04615', 238);
INSERT INTO `profiles` (`user_id`, `sex`, `birthday`, `hometown`, `photo_id`) VALUES (224, 'M', '2012-10-30', '032 Hester Islands Suite 001\nLindhaven, TX 97240', 239);
INSERT INTO `profiles` (`user_id`, `sex`, `birthday`, `hometown`, `photo_id`) VALUES (342, 'D', '1979-03-26', '8648 Lilian Estate\nSouth Joesphmouth, UT 81532', 240);
INSERT INTO `profiles` (`user_id`, `sex`, `birthday`, `hometown`, `photo_id`) VALUES (149, 'M', '1981-08-02', '13229 Simonis Falls\nSchadenview, FL 50624', 241);
INSERT INTO `profiles` (`user_id`, `sex`, `birthday`, `hometown`, `photo_id`) VALUES (69, 'P', '1999-10-31', '61291 Teresa Estate\nRubiestad, SC 23826', 242);
INSERT INTO `profiles` (`user_id`, `sex`, `birthday`, `hometown`, `photo_id`) VALUES (233, 'M', '1988-04-13', '541 Monahan Garden Suite 340\nPort Gustaveton, IN 04228', 243);
INSERT INTO `profiles` (`user_id`, `sex`, `birthday`, `hometown`, `photo_id`) VALUES (288, 'D', '2011-12-01', '533 Nyah Isle Apt. 585\nAnabelmouth, ME 42530-2845', 244);
INSERT INTO `profiles` (`user_id`, `sex`, `birthday`, `hometown`, `photo_id`) VALUES (261, 'M', '2007-04-26', '317 Franecki Underpass\nNew Abbyfurt, AL 19299', 245);
INSERT INTO `profiles` (`user_id`, `sex`, `birthday`, `hometown`, `photo_id`) VALUES (243, 'M', '1996-10-24', '74854 Hand Way Apt. 979\nPort Felipaport, AK 44581-5661', 246);
INSERT INTO `profiles` (`user_id`, `sex`, `birthday`, `hometown`, `photo_id`) VALUES (186, 'P', '1980-10-13', '6980 Jazlyn Inlet\nRhiannonport, LA 14472-5275', 247);
INSERT INTO `profiles` (`user_id`, `sex`, `birthday`, `hometown`, `photo_id`) VALUES (5, 'P', '2018-05-26', '91426 Douglas Turnpike Apt. 529\nNorth Alysha, ID 32526-7918', 248);
INSERT INTO `profiles` (`user_id`, `sex`, `birthday`, `hometown`, `photo_id`) VALUES (82, 'D', '2012-12-06', '835 Sunny Row\nPort Armandoville, GA 31744-8768', 249);
INSERT INTO `profiles` (`user_id`, `sex`, `birthday`, `hometown`, `photo_id`) VALUES (327, 'P', '1982-06-14', '855 Eleazar Forges\nWest Isadore, IA 39768', 250);
INSERT INTO `profiles` (`user_id`, `sex`, `birthday`, `hometown`, `photo_id`) VALUES (371, 'P', '1976-09-12', '3869 Lockman Dam\nNorth Emerson, WV 88299-9481', 251);
INSERT INTO `profiles` (`user_id`, `sex`, `birthday`, `hometown`, `photo_id`) VALUES (87, 'D', '1982-09-10', '0111 Johns Groves\nEricaville, TN 80427-4218', 252);
INSERT INTO `profiles` (`user_id`, `sex`, `birthday`, `hometown`, `photo_id`) VALUES (298, 'M', '2001-09-23', '8083 Feeney Prairie\nZachariahfurt, OH 68630-2533', 253);
INSERT INTO `profiles` (`user_id`, `sex`, `birthday`, `hometown`, `photo_id`) VALUES (186, 'P', '1993-11-26', '1231 Felton Inlet Suite 184\nSouth Immanuelchester, DE 32536-4436', 254);
INSERT INTO `profiles` (`user_id`, `sex`, `birthday`, `hometown`, `photo_id`) VALUES (251, 'M', '2004-09-30', '1068 Konopelski Turnpike Apt. 972\nRandiland, ID 69066-6674', 255);
INSERT INTO `profiles` (`user_id`, `sex`, `birthday`, `hometown`, `photo_id`) VALUES (377, 'P', '2014-09-22', '465 Walker Grove\nEast Opal, AL 35529', 256);
INSERT INTO `profiles` (`user_id`, `sex`, `birthday`, `hometown`, `photo_id`) VALUES (334, 'D', '1995-01-04', '1702 Arne Valleys Suite 567\nBernitaton, AZ 15312', 257);
INSERT INTO `profiles` (`user_id`, `sex`, `birthday`, `hometown`, `photo_id`) VALUES (243, 'D', '1973-01-11', '444 Howell Parkway\nYolandaton, NJ 85116', 258);
INSERT INTO `profiles` (`user_id`, `sex`, `birthday`, `hometown`, `photo_id`) VALUES (217, 'D', '2009-05-01', '3747 Emilia Mountain\nNew Ronshire, VT 75279-3506', 259);
INSERT INTO `profiles` (`user_id`, `sex`, `birthday`, `hometown`, `photo_id`) VALUES (151, 'M', '1996-02-09', '13219 Cristal Run\nNew Lizethstad, UT 62341-7376', 260);
INSERT INTO `profiles` (`user_id`, `sex`, `birthday`, `hometown`, `photo_id`) VALUES (388, 'P', '1972-10-19', '2874 Kling Radial Suite 856\nChaunceyland, OH 89415', 261);
INSERT INTO `profiles` (`user_id`, `sex`, `birthday`, `hometown`, `photo_id`) VALUES (202, 'D', '1982-10-10', '593 Nitzsche Turnpike\nLake Adrain, GA 71424', 262);
INSERT INTO `profiles` (`user_id`, `sex`, `birthday`, `hometown`, `photo_id`) VALUES (5, 'P', '1970-03-18', '96135 Adan Crossroad Suite 525\nEast Damon, SC 27807', 263);
INSERT INTO `profiles` (`user_id`, `sex`, `birthday`, `hometown`, `photo_id`) VALUES (319, 'M', '1992-01-08', '1571 Cierra Key Apt. 056\nLake Floridamouth, AR 70768', 264);
INSERT INTO `profiles` (`user_id`, `sex`, `birthday`, `hometown`, `photo_id`) VALUES (386, 'D', '1996-11-06', '114 Hoppe Forest Suite 815\nGarrickberg, KY 03116', 265);
INSERT INTO `profiles` (`user_id`, `sex`, `birthday`, `hometown`, `photo_id`) VALUES (195, 'M', '1987-11-06', '3650 Leopold Locks\nAlvahchester, LA 66177', 266);
INSERT INTO `profiles` (`user_id`, `sex`, `birthday`, `hometown`, `photo_id`) VALUES (379, 'M', '1989-12-26', '871 Gottlieb Islands\nLake Joannie, NM 93314', 267);
INSERT INTO `profiles` (`user_id`, `sex`, `birthday`, `hometown`, `photo_id`) VALUES (68, 'M', '1981-09-10', '415 Hiram Stravenue Apt. 575\nBrendonstad, OK 11802-9165', 268);
INSERT INTO `profiles` (`user_id`, `sex`, `birthday`, `hometown`, `photo_id`) VALUES (397, 'M', '1976-04-01', '1528 Cortney Fort Apt. 725\nPagacville, IL 66360', 269);
INSERT INTO `profiles` (`user_id`, `sex`, `birthday`, `hometown`, `photo_id`) VALUES (202, 'P', '2008-08-02', '38419 Hodkiewicz Walks\nNorth Norene, WA 70364-2924', 270);
INSERT INTO `profiles` (`user_id`, `sex`, `birthday`, `hometown`, `photo_id`) VALUES (10, 'D', '2018-11-09', '795 Marilyne Squares\nBobbiebury, NJ 50821-2303', 271);
INSERT INTO `profiles` (`user_id`, `sex`, `birthday`, `hometown`, `photo_id`) VALUES (146, 'M', '2016-05-12', '08385 Konopelski Ville Apt. 626\nJaunitahaven, MS 23814-7908', 272);
INSERT INTO `profiles` (`user_id`, `sex`, `birthday`, `hometown`, `photo_id`) VALUES (270, 'D', '1983-07-17', '618 Ferry River Suite 922\nMurazikhaven, ID 62897-0113', 273);
INSERT INTO `profiles` (`user_id`, `sex`, `birthday`, `hometown`, `photo_id`) VALUES (242, 'P', '2000-07-17', '37008 Davis Trail Suite 741\nRunolfssonmouth, MS 06778', 274);
INSERT INTO `profiles` (`user_id`, `sex`, `birthday`, `hometown`, `photo_id`) VALUES (33, 'P', '1973-07-11', '068 Collin Lights Apt. 877\nWest Charity, AZ 38837', 275);
INSERT INTO `profiles` (`user_id`, `sex`, `birthday`, `hometown`, `photo_id`) VALUES (131, 'P', '2004-09-13', '639 Muriel Rue Suite 017\nCroninbury, TN 24593', 276);
INSERT INTO `profiles` (`user_id`, `sex`, `birthday`, `hometown`, `photo_id`) VALUES (84, 'M', '1981-09-12', '1975 Armand Prairie Suite 010\nEast Cristopherport, MD 65611', 277);
INSERT INTO `profiles` (`user_id`, `sex`, `birthday`, `hometown`, `photo_id`) VALUES (219, 'P', '1981-03-13', '247 Fermin Shore Apt. 382\nOvastad, AZ 54838', 278);
INSERT INTO `profiles` (`user_id`, `sex`, `birthday`, `hometown`, `photo_id`) VALUES (136, 'M', '2017-10-13', '4952 Mann Loaf Suite 596\nWest Mabelleville, OK 79019-9509', 279);
INSERT INTO `profiles` (`user_id`, `sex`, `birthday`, `hometown`, `photo_id`) VALUES (165, 'P', '1977-04-19', '5167 Adan Neck Suite 695\nLilyburgh, LA 23685-0910', 280);
INSERT INTO `profiles` (`user_id`, `sex`, `birthday`, `hometown`, `photo_id`) VALUES (146, 'M', '2011-02-22', '3501 Fritsch Pine Suite 743\nJaymeton, OR 55333', 281);
INSERT INTO `profiles` (`user_id`, `sex`, `birthday`, `hometown`, `photo_id`) VALUES (107, 'M', '1995-11-28', '4390 Flatley Forge Suite 758\nTillmanfurt, SD 49609', 282);
INSERT INTO `profiles` (`user_id`, `sex`, `birthday`, `hometown`, `photo_id`) VALUES (252, 'M', '1990-03-05', '3822 Upton Cape Apt. 349\nSchadenside, GA 01543-9651', 283);
INSERT INTO `profiles` (`user_id`, `sex`, `birthday`, `hometown`, `photo_id`) VALUES (43, 'D', '1973-03-09', '855 Romaguera Drive\nNorth Carlee, MD 52305-0354', 284);
INSERT INTO `profiles` (`user_id`, `sex`, `birthday`, `hometown`, `photo_id`) VALUES (292, 'D', '1986-11-16', '311 Parker Brook Suite 422\nBergnaumport, ID 82818-1734', 285);
INSERT INTO `profiles` (`user_id`, `sex`, `birthday`, `hometown`, `photo_id`) VALUES (102, 'D', '1992-02-20', '9641 Madelyn Underpass Suite 087\nCarolhaven, NJ 82300-9517', 286);
INSERT INTO `profiles` (`user_id`, `sex`, `birthday`, `hometown`, `photo_id`) VALUES (20, 'M', '1997-02-24', '516 Louvenia Plain\nSouth Lera, ME 49035', 287);
INSERT INTO `profiles` (`user_id`, `sex`, `birthday`, `hometown`, `photo_id`) VALUES (226, 'D', '1979-10-08', '3975 Winston Island Apt. 652\nNorth Willard, WV 84024-8059', 288);
INSERT INTO `profiles` (`user_id`, `sex`, `birthday`, `hometown`, `photo_id`) VALUES (345, 'D', '2001-12-27', '592 Larson Motorway\nKylieside, OK 04812', 289);
INSERT INTO `profiles` (`user_id`, `sex`, `birthday`, `hometown`, `photo_id`) VALUES (236, 'M', '2003-05-12', '994 Mills Lake\nNew Annie, MD 88399', 290);
INSERT INTO `profiles` (`user_id`, `sex`, `birthday`, `hometown`, `photo_id`) VALUES (377, 'D', '1974-02-07', '048 Walker Mountains\nLake Beatrice, AZ 27099', 291);
INSERT INTO `profiles` (`user_id`, `sex`, `birthday`, `hometown`, `photo_id`) VALUES (333, 'P', '2019-05-05', '00865 Gaylord Island\nTurcotteville, WA 35155-2186', 292);
INSERT INTO `profiles` (`user_id`, `sex`, `birthday`, `hometown`, `photo_id`) VALUES (38, 'M', '2003-04-10', '868 Cole Islands\nSanfordshire, LA 35488', 293);
INSERT INTO `profiles` (`user_id`, `sex`, `birthday`, `hometown`, `photo_id`) VALUES (381, 'D', '1972-04-10', '996 Swaniawski Station Apt. 472\nNatashahaven, TX 61515', 294);
INSERT INTO `profiles` (`user_id`, `sex`, `birthday`, `hometown`, `photo_id`) VALUES (252, 'M', '1987-04-17', '460 Wilderman Gateway\nMalindaborough, NV 97648', 295);
INSERT INTO `profiles` (`user_id`, `sex`, `birthday`, `hometown`, `photo_id`) VALUES (23, 'P', '2018-05-10', '846 Murray Pines\nNorth Akeemland, NE 08721', 296);
INSERT INTO `profiles` (`user_id`, `sex`, `birthday`, `hometown`, `photo_id`) VALUES (175, 'P', '2006-03-24', '56794 Susana Overpass Suite 055\nHintzland, AK 42158-7995', 297);
INSERT INTO `profiles` (`user_id`, `sex`, `birthday`, `hometown`, `photo_id`) VALUES (230, 'D', '1975-02-26', '64976 Raynor Divide\nKossmouth, UT 30290-4931', 298);
INSERT INTO `profiles` (`user_id`, `sex`, `birthday`, `hometown`, `photo_id`) VALUES (91, 'M', '2010-01-28', '857 Blair Field\nDeangelofurt, AZ 33111-9811', 299);
INSERT INTO `profiles` (`user_id`, `sex`, `birthday`, `hometown`, `photo_id`) VALUES (172, 'M', '2003-08-22', '445 Mackenzie Grove\nMillerland, IN 53527', 300);
INSERT INTO `profiles` (`user_id`, `sex`, `birthday`, `hometown`, `photo_id`) VALUES (31, 'P', '1996-09-09', '6696 Kamryn Green Suite 514\nNew Krystinastad, VT 68972', 1);
INSERT INTO `profiles` (`user_id`, `sex`, `birthday`, `hometown`, `photo_id`) VALUES (100, 'M', '1986-04-27', '20805 Aaliyah Manor Suite 454\nJaclynfort, TN 13724', 2);
INSERT INTO `profiles` (`user_id`, `sex`, `birthday`, `hometown`, `photo_id`) VALUES (317, 'M', '2017-08-13', '175 Fay Light\nJosefinashire, OH 53468-3300', 3);
INSERT INTO `profiles` (`user_id`, `sex`, `birthday`, `hometown`, `photo_id`) VALUES (301, 'M', '1993-11-07', '296 Bednar Route Suite 828\nTromptown, WV 64029', 4);
INSERT INTO `profiles` (`user_id`, `sex`, `birthday`, `hometown`, `photo_id`) VALUES (341, 'M', '2014-12-19', '097 Madyson Hill\nNorth Francesstad, RI 57737', 5);
INSERT INTO `profiles` (`user_id`, `sex`, `birthday`, `hometown`, `photo_id`) VALUES (350, 'D', '1995-03-08', '578 Rosenbaum Ramp Apt. 453\nWest Shannachester, MT 01751', 6);
INSERT INTO `profiles` (`user_id`, `sex`, `birthday`, `hometown`, `photo_id`) VALUES (32, 'D', '2003-04-21', '208 King Valleys Apt. 287\nLake Lillianshire, NC 91773', 7);
INSERT INTO `profiles` (`user_id`, `sex`, `birthday`, `hometown`, `photo_id`) VALUES (25, 'D', '2001-08-27', '46767 Daugherty Port Suite 323\nSouth Korey, NV 57364-0882', 8);
INSERT INTO `profiles` (`user_id`, `sex`, `birthday`, `hometown`, `photo_id`) VALUES (168, 'M', '1979-04-01', '538 Josie Park\nSouth Devante, DE 71138', 9);
INSERT INTO `profiles` (`user_id`, `sex`, `birthday`, `hometown`, `photo_id`) VALUES (167, 'D', '1982-12-26', '5978 Kuhlman Junctions\nEast Crawford, MA 57671-9735', 10);
INSERT INTO `profiles` (`user_id`, `sex`, `birthday`, `hometown`, `photo_id`) VALUES (190, 'M', '1995-01-09', '585 Pfeffer Alley\nNew Bailee, MS 64515', 11);
INSERT INTO `profiles` (`user_id`, `sex`, `birthday`, `hometown`, `photo_id`) VALUES (313, 'M', '1990-01-27', '14068 Zelma Tunnel\nNew Donato, WV 87376-0349', 12);
INSERT INTO `profiles` (`user_id`, `sex`, `birthday`, `hometown`, `photo_id`) VALUES (273, 'D', '1997-08-22', '489 Schuppe Highway Apt. 650\nKuhnmouth, CA 79794-0799', 13);
INSERT INTO `profiles` (`user_id`, `sex`, `birthday`, `hometown`, `photo_id`) VALUES (41, 'P', '1998-06-28', '87901 Hoppe Stream Apt. 277\nNorth Mathias, AR 45912', 14);
INSERT INTO `profiles` (`user_id`, `sex`, `birthday`, `hometown`, `photo_id`) VALUES (356, 'M', '1975-01-23', '5131 Viva Forks\nStreichville, AL 81617-3695', 15);
INSERT INTO `profiles` (`user_id`, `sex`, `birthday`, `hometown`, `photo_id`) VALUES (165, 'M', '1995-01-28', '1691 Caitlyn Corners Suite 738\nSipesshire, MN 71021', 16);
INSERT INTO `profiles` (`user_id`, `sex`, `birthday`, `hometown`, `photo_id`) VALUES (142, 'D', '1995-08-23', '088 Ismael Springs\nJovaniville, MT 63919', 17);
INSERT INTO `profiles` (`user_id`, `sex`, `birthday`, `hometown`, `photo_id`) VALUES (376, 'P', '2018-12-01', '538 Lela Brook\nPort Caryhaven, NE 79841-6695', 18);
INSERT INTO `profiles` (`user_id`, `sex`, `birthday`, `hometown`, `photo_id`) VALUES (391, 'M', '1973-05-10', '287 Lavern Field Suite 382\nPort Andrew, NJ 10212', 19);
INSERT INTO `profiles` (`user_id`, `sex`, `birthday`, `hometown`, `photo_id`) VALUES (87, 'M', '1999-11-09', '60110 Angelita Plain\nLake Goldaside, ME 04989-1004', 20);
INSERT INTO `profiles` (`user_id`, `sex`, `birthday`, `hometown`, `photo_id`) VALUES (211, 'M', '2010-07-15', '367 Maggie Squares\nSouth Asa, AK 72264-5488', 21);
INSERT INTO `profiles` (`user_id`, `sex`, `birthday`, `hometown`, `photo_id`) VALUES (368, 'P', '1992-01-10', '08442 Josie Drive\nNorth Luebury, IL 75476-2595', 22);
INSERT INTO `profiles` (`user_id`, `sex`, `birthday`, `hometown`, `photo_id`) VALUES (19, 'D', '1991-11-24', '52300 Zieme Square\nWest Gayle, SC 35868-7331', 23);
INSERT INTO `profiles` (`user_id`, `sex`, `birthday`, `hometown`, `photo_id`) VALUES (249, 'P', '1998-04-10', '557 Rice Neck Suite 956\nHickletown, VT 34996', 24);
INSERT INTO `profiles` (`user_id`, `sex`, `birthday`, `hometown`, `photo_id`) VALUES (348, 'D', '1972-01-28', '370 Windler Ports Apt. 973\nDeondretown, MI 67408-6059', 25);
INSERT INTO `profiles` (`user_id`, `sex`, `birthday`, `hometown`, `photo_id`) VALUES (270, 'P', '1984-08-01', '4958 Reynolds Ranch Suite 713\nHintzmouth, NH 82440-2175', 26);
INSERT INTO `profiles` (`user_id`, `sex`, `birthday`, `hometown`, `photo_id`) VALUES (272, 'P', '2000-11-23', '426 Mayer Rapids\nMarcside, NV 46944-6593', 27);
INSERT INTO `profiles` (`user_id`, `sex`, `birthday`, `hometown`, `photo_id`) VALUES (123, 'P', '1984-12-22', '022 Nella Land Apt. 498\nSouth Vidalburgh, MN 64754-0702', 28);
INSERT INTO `profiles` (`user_id`, `sex`, `birthday`, `hometown`, `photo_id`) VALUES (99, 'M', '1976-08-07', '94203 Orn Ford\nTurnerville, ME 42075-4922', 29);
INSERT INTO `profiles` (`user_id`, `sex`, `birthday`, `hometown`, `photo_id`) VALUES (362, 'M', '1974-04-17', '327 Emmett Stream Suite 249\nEast Breannabury, ID 58627-4683', 30);
INSERT INTO `profiles` (`user_id`, `sex`, `birthday`, `hometown`, `photo_id`) VALUES (294, 'M', '1990-04-02', '4512 Bertram Way\nLake Matildebury, MT 63907', 31);
INSERT INTO `profiles` (`user_id`, `sex`, `birthday`, `hometown`, `photo_id`) VALUES (130, 'D', '2002-06-12', '0439 Turner Curve\nPort Rosestad, VT 04080-0363', 32);
INSERT INTO `profiles` (`user_id`, `sex`, `birthday`, `hometown`, `photo_id`) VALUES (61, 'M', '1986-09-26', '4385 Bertha Hill\nBettyport, DC 64249', 33);
INSERT INTO `profiles` (`user_id`, `sex`, `birthday`, `hometown`, `photo_id`) VALUES (210, 'P', '2011-10-17', '63897 Kole Pine Apt. 891\nBaileymouth, IL 64820', 34);
INSERT INTO `profiles` (`user_id`, `sex`, `birthday`, `hometown`, `photo_id`) VALUES (31, 'M', '2006-07-22', '55173 O\'Connell Parkway\nNew Leilanihaven, VA 58564-6608', 35);
INSERT INTO `profiles` (`user_id`, `sex`, `birthday`, `hometown`, `photo_id`) VALUES (2, 'M', '2016-11-10', '7259 Allen Way\nLake Ellisshire, OH 59773-3650', 36);
INSERT INTO `profiles` (`user_id`, `sex`, `birthday`, `hometown`, `photo_id`) VALUES (159, 'D', '2017-10-16', '4930 Wisozk Pike\nAlvertaburgh, ND 63205', 37);
INSERT INTO `profiles` (`user_id`, `sex`, `birthday`, `hometown`, `photo_id`) VALUES (62, 'M', '2017-10-12', '0962 Crawford Via Suite 172\nSouth Lia, LA 79003', 38);
INSERT INTO `profiles` (`user_id`, `sex`, `birthday`, `hometown`, `photo_id`) VALUES (26, 'D', '1993-03-06', '948 Considine Springs Apt. 746\nSouth Elliot, GA 81137-2316', 39);
INSERT INTO `profiles` (`user_id`, `sex`, `birthday`, `hometown`, `photo_id`) VALUES (327, 'M', '2013-07-03', '883 Keebler Light\nSpencermouth, HI 43179-7157', 40);
INSERT INTO `profiles` (`user_id`, `sex`, `birthday`, `hometown`, `photo_id`) VALUES (229, 'D', '1980-09-10', '635 Tessie Isle\nWest River, MO 29122', 41);
INSERT INTO `profiles` (`user_id`, `sex`, `birthday`, `hometown`, `photo_id`) VALUES (216, 'P', '2007-08-03', '5322 Tremaine Isle Apt. 261\nReichelville, NM 66784', 42);
INSERT INTO `profiles` (`user_id`, `sex`, `birthday`, `hometown`, `photo_id`) VALUES (240, 'D', '2006-10-07', '17549 Schuster Lights\nNew Lambert, AK 27960-2416', 43);
INSERT INTO `profiles` (`user_id`, `sex`, `birthday`, `hometown`, `photo_id`) VALUES (102, 'P', '1972-09-15', '6549 Schaefer Freeway Apt. 092\nLake Enid, WA 37002-0749', 44);
INSERT INTO `profiles` (`user_id`, `sex`, `birthday`, `hometown`, `photo_id`) VALUES (256, 'M', '2003-02-21', '0888 Maude Neck Suite 225\nNew Arden, MA 64855', 45);
INSERT INTO `profiles` (`user_id`, `sex`, `birthday`, `hometown`, `photo_id`) VALUES (195, 'M', '1995-05-31', '56447 Abbott Ports Suite 616\nNorth Jovanny, MI 29697-2044', 46);
INSERT INTO `profiles` (`user_id`, `sex`, `birthday`, `hometown`, `photo_id`) VALUES (267, 'M', '2002-05-17', '1995 Augustine Meadows Apt. 320\nSouth Ettie, AK 38672-5822', 47);
INSERT INTO `profiles` (`user_id`, `sex`, `birthday`, `hometown`, `photo_id`) VALUES (398, 'D', '1998-03-05', '66703 Sonia Canyon Apt. 821\nCassandraview, PA 14710', 48);
INSERT INTO `profiles` (`user_id`, `sex`, `birthday`, `hometown`, `photo_id`) VALUES (170, 'M', '2001-06-11', '5987 Claudie Mission Suite 561\nWuckertchester, OK 49343', 49);
INSERT INTO `profiles` (`user_id`, `sex`, `birthday`, `hometown`, `photo_id`) VALUES (258, 'M', '1980-01-24', '622 Kattie Club Suite 447\nBartolettimouth, MN 15296', 50);
INSERT INTO `profiles` (`user_id`, `sex`, `birthday`, `hometown`, `photo_id`) VALUES (84, 'M', '1983-08-02', '04072 Toney Land Apt. 271\nNorth Janiston, MI 78168', 51);
INSERT INTO `profiles` (`user_id`, `sex`, `birthday`, `hometown`, `photo_id`) VALUES (381, 'M', '1993-08-23', '61457 Dare Oval\nWest Ofelialand, MN 66353-7885', 52);
INSERT INTO `profiles` (`user_id`, `sex`, `birthday`, `hometown`, `photo_id`) VALUES (225, 'M', '2012-02-04', '7725 Iva Passage Suite 524\nLake Josiannemouth, ID 77373-7707', 53);
INSERT INTO `profiles` (`user_id`, `sex`, `birthday`, `hometown`, `photo_id`) VALUES (103, 'M', '2001-11-10', '36400 Durward Drive\nEast Christaland, IL 02158-8687', 54);
INSERT INTO `profiles` (`user_id`, `sex`, `birthday`, `hometown`, `photo_id`) VALUES (230, 'D', '1991-12-10', '34118 Florian Mill\nKatelynnport, MI 21304', 55);
INSERT INTO `profiles` (`user_id`, `sex`, `birthday`, `hometown`, `photo_id`) VALUES (173, 'P', '1995-07-01', '708 Chaya Loaf\nNorth Monroestad, CT 74070-7095', 56);
INSERT INTO `profiles` (`user_id`, `sex`, `birthday`, `hometown`, `photo_id`) VALUES (372, 'M', '2011-03-19', '18133 Schaefer Extension Suite 540\nAliton, AL 20229-6346', 57);
INSERT INTO `profiles` (`user_id`, `sex`, `birthday`, `hometown`, `photo_id`) VALUES (101, 'M', '1996-08-24', '247 Arlo Summit\nPort Ulisesmouth, NY 88588-3641', 58);
INSERT INTO `profiles` (`user_id`, `sex`, `birthday`, `hometown`, `photo_id`) VALUES (295, 'P', '1973-04-06', '7352 Nathen Ford Suite 658\nDuBuquefurt, OR 58685-7843', 59);
INSERT INTO `profiles` (`user_id`, `sex`, `birthday`, `hometown`, `photo_id`) VALUES (71, 'D', '2018-07-16', '17127 Pagac Turnpike\nWest Edythe, ID 49774', 60);
INSERT INTO `profiles` (`user_id`, `sex`, `birthday`, `hometown`, `photo_id`) VALUES (62, 'P', '1983-03-06', '2765 Bret Parkway\nNew Ulicesmouth, WI 81098-3793', 61);
INSERT INTO `profiles` (`user_id`, `sex`, `birthday`, `hometown`, `photo_id`) VALUES (189, 'D', '1980-06-07', '6024 Pouros Canyon Suite 394\nSouth Kennedistad, ID 10501', 62);
INSERT INTO `profiles` (`user_id`, `sex`, `birthday`, `hometown`, `photo_id`) VALUES (201, 'M', '1975-02-01', '153 Jovanny Walks\nNorth Anika, VA 57919-0845', 63);
INSERT INTO `profiles` (`user_id`, `sex`, `birthday`, `hometown`, `photo_id`) VALUES (122, 'P', '1995-07-20', '37419 Ocie Mall\nFritschside, TN 86886', 64);
INSERT INTO `profiles` (`user_id`, `sex`, `birthday`, `hometown`, `photo_id`) VALUES (399, 'P', '1993-02-04', '9948 Eino Road\nJerrodport, IN 88190', 65);
INSERT INTO `profiles` (`user_id`, `sex`, `birthday`, `hometown`, `photo_id`) VALUES (231, 'D', '1972-11-29', '59007 Enos Shoal Suite 712\nLake Abigayle, NC 33445', 66);
INSERT INTO `profiles` (`user_id`, `sex`, `birthday`, `hometown`, `photo_id`) VALUES (124, 'M', '1997-12-28', '044 Williamson Way\nPagacshire, OK 02235-5681', 67);
INSERT INTO `profiles` (`user_id`, `sex`, `birthday`, `hometown`, `photo_id`) VALUES (158, 'M', '2005-02-18', '1336 Feil Vista Suite 461\nDerrickburgh, CO 66339-0653', 68);
INSERT INTO `profiles` (`user_id`, `sex`, `birthday`, `hometown`, `photo_id`) VALUES (293, 'M', '1991-05-18', '8336 Laurence Port\nEast Adele, TX 52431-3188', 69);
INSERT INTO `profiles` (`user_id`, `sex`, `birthday`, `hometown`, `photo_id`) VALUES (149, 'D', '1997-01-11', '39241 Homenick Summit\nBahringerview, KY 98428', 70);
INSERT INTO `profiles` (`user_id`, `sex`, `birthday`, `hometown`, `photo_id`) VALUES (84, 'P', '2009-06-28', '13266 Carroll Garden\nVickyburgh, IL 61326', 71);
INSERT INTO `profiles` (`user_id`, `sex`, `birthday`, `hometown`, `photo_id`) VALUES (121, 'D', '1990-08-29', '24511 Lisa Expressway\nBennieville, CO 62844', 72);
INSERT INTO `profiles` (`user_id`, `sex`, `birthday`, `hometown`, `photo_id`) VALUES (365, 'D', '1984-08-21', '259 Ludwig Stravenue\nJennieside, PA 03310', 73);
INSERT INTO `profiles` (`user_id`, `sex`, `birthday`, `hometown`, `photo_id`) VALUES (324, 'M', '1993-03-20', '6740 Chandler Cliff\nEast Fernandoburgh, PA 69395', 74);
INSERT INTO `profiles` (`user_id`, `sex`, `birthday`, `hometown`, `photo_id`) VALUES (223, 'P', '1989-01-23', '8736 Lily Underpass\nMattieland, NY 91237-7314', 75);
INSERT INTO `profiles` (`user_id`, `sex`, `birthday`, `hometown`, `photo_id`) VALUES (220, 'P', '1990-03-04', '31135 Giuseppe Throughway Suite 719\nBruenshire, WI 17437', 76);
INSERT INTO `profiles` (`user_id`, `sex`, `birthday`, `hometown`, `photo_id`) VALUES (119, 'M', '2019-01-10', '764 Hyatt Branch Apt. 274\nBalistrerifurt, NY 94856-5143', 77);
INSERT INTO `profiles` (`user_id`, `sex`, `birthday`, `hometown`, `photo_id`) VALUES (89, 'M', '1996-08-10', '2066 Klocko Creek Apt. 325\nZaneview, MI 80950-8666', 78);
INSERT INTO `profiles` (`user_id`, `sex`, `birthday`, `hometown`, `photo_id`) VALUES (217, 'M', '1981-10-20', '3908 Ryan Course\nEast Maiyamouth, MD 16158', 79);
INSERT INTO `profiles` (`user_id`, `sex`, `birthday`, `hometown`, `photo_id`) VALUES (289, 'D', '1981-10-16', '563 Sasha Trail\nMarleneside, IN 27102', 80);
INSERT INTO `profiles` (`user_id`, `sex`, `birthday`, `hometown`, `photo_id`) VALUES (347, 'M', '1983-04-08', '6699 Hessel Ranch Apt. 748\nCarleyborough, LA 63699-2785', 81);
INSERT INTO `profiles` (`user_id`, `sex`, `birthday`, `hometown`, `photo_id`) VALUES (301, 'D', '1989-01-06', '6647 Eda Light Apt. 221\nAndreanneton, UT 29878', 82);
INSERT INTO `profiles` (`user_id`, `sex`, `birthday`, `hometown`, `photo_id`) VALUES (269, 'P', '1970-02-18', '71358 Loy Ports Apt. 957\nGoodwinburgh, ID 58247-3285', 83);
INSERT INTO `profiles` (`user_id`, `sex`, `birthday`, `hometown`, `photo_id`) VALUES (171, 'D', '1993-03-06', '616 Margarette Squares Apt. 396\nKellymouth, MI 00108', 84);
INSERT INTO `profiles` (`user_id`, `sex`, `birthday`, `hometown`, `photo_id`) VALUES (3, 'D', '2016-02-14', '6721 Watsica Pass\nLake Jazmyntown, VA 61099-3017', 85);
INSERT INTO `profiles` (`user_id`, `sex`, `birthday`, `hometown`, `photo_id`) VALUES (98, 'M', '1975-06-07', '8963 Schinner Summit Apt. 602\nNorth Cassidyside, OH 99086-6043', 86);
INSERT INTO `profiles` (`user_id`, `sex`, `birthday`, `hometown`, `photo_id`) VALUES (344, 'M', '2019-02-28', '990 Connelly Stream Apt. 410\nWest Yazmin, ID 00782', 87);
INSERT INTO `profiles` (`user_id`, `sex`, `birthday`, `hometown`, `photo_id`) VALUES (375, 'M', '2005-10-05', '105 Blaise Plains\nLake Clementine, RI 27261-2079', 88);
INSERT INTO `profiles` (`user_id`, `sex`, `birthday`, `hometown`, `photo_id`) VALUES (198, 'D', '1979-04-26', '9026 Yvonne Inlet Apt. 752\nJuanaborough, HI 46497-2997', 89);
INSERT INTO `profiles` (`user_id`, `sex`, `birthday`, `hometown`, `photo_id`) VALUES (238, 'D', '1970-10-09', '1368 Vesta Motorway Apt. 524\nLake Dixie, AK 22649', 90);
INSERT INTO `profiles` (`user_id`, `sex`, `birthday`, `hometown`, `photo_id`) VALUES (45, 'P', '1992-01-10', '5883 Blanche Manors Suite 773\nShakiraland, WA 76632', 91);
INSERT INTO `profiles` (`user_id`, `sex`, `birthday`, `hometown`, `photo_id`) VALUES (260, 'M', '1975-11-25', '12169 Bradford Trace\nWalkermouth, NE 76453', 92);
INSERT INTO `profiles` (`user_id`, `sex`, `birthday`, `hometown`, `photo_id`) VALUES (27, 'P', '1971-08-08', '34023 Raquel Court Suite 008\nEast Alyciastad, TX 27301-4816', 93);
INSERT INTO `profiles` (`user_id`, `sex`, `birthday`, `hometown`, `photo_id`) VALUES (246, 'D', '2010-10-18', '8777 Alexis Ridges Apt. 379\nWest Raymundo, NE 71726-9078', 94);
INSERT INTO `profiles` (`user_id`, `sex`, `birthday`, `hometown`, `photo_id`) VALUES (382, 'D', '1981-02-03', '618 Barton Turnpike Apt. 121\nWest Alta, CT 17562-0316', 95);
INSERT INTO `profiles` (`user_id`, `sex`, `birthday`, `hometown`, `photo_id`) VALUES (25, 'P', '1995-09-17', '57372 Maggio Wall Suite 947\nMaurineshire, AK 19012', 96);
INSERT INTO `profiles` (`user_id`, `sex`, `birthday`, `hometown`, `photo_id`) VALUES (76, 'P', '1975-05-09', '1511 Hane Land\nPort Lilyanside, TX 94622-9522', 97);
INSERT INTO `profiles` (`user_id`, `sex`, `birthday`, `hometown`, `photo_id`) VALUES (105, 'M', '1982-01-09', '1527 Fredrick Drives\nDelmerburgh, OH 65484', 98);
INSERT INTO `profiles` (`user_id`, `sex`, `birthday`, `hometown`, `photo_id`) VALUES (182, 'M', '2010-01-14', '058 Collins Cape\nEast Leanna, RI 03154-4709', 99);
INSERT INTO `profiles` (`user_id`, `sex`, `birthday`, `hometown`, `photo_id`) VALUES (369, 'M', '1981-12-30', '82254 Donnelly Turnpike\nRheaton, SD 56850-6018', 100);


#
# TABLE STRUCTURE FOR: projects
#

DROP TABLE IF EXISTS `projects`;

CREATE TABLE `projects` (
  `id` int(11) NOT NULL AUTO_INCREMENT,
  `name` varchar(10) COLLATE utf8_unicode_ci DEFAULT NULL,
  `describes` varchar(255) COLLATE utf8_unicode_ci DEFAULT NULL,
  `owner_id` int(11) NOT NULL,
  PRIMARY KEY (`id`),
  KEY `projects_owners_fk` (`owner_id`),
  CONSTRAINT `projects_owners_fk` FOREIGN KEY (`owner_id`) REFERENCES `users` (`id`)
) ENGINE=InnoDB AUTO_INCREMENT=61 DEFAULT CHARSET=utf8 COLLATE=utf8_unicode_ci;

INSERT INTO `projects` (`id`, `name`, `describes`, `owner_id`) VALUES (1, 'dolorem', 'Necessitatibus et sunt ex qui nam. Quod porro cupiditate blanditiis eaque molestias dolores et ratione. Eum accusamus veritatis nobis quis doloremque fuga et.', 1);
INSERT INTO `projects` (`id`, `name`, `describes`, `owner_id`) VALUES (2, 'est', 'Quod deserunt autem cum quo quos. Dolor omnis quas totam eligendi mollitia quae. Et modi quod nisi sint voluptatem exercitationem.', 2);
INSERT INTO `projects` (`id`, `name`, `describes`, `owner_id`) VALUES (3, 'itaque', 'Quis ipsa iusto aspernatur aut. Repellat quo ex aut harum. Cumque consequatur iure libero.', 3);
INSERT INTO `projects` (`id`, `name`, `describes`, `owner_id`) VALUES (4, 'quam', 'Et praesentium non beatae labore porro quisquam deleniti. Vel est ut incidunt. Numquam voluptates debitis dolor non. Et possimus dignissimos veritatis.', 4);
INSERT INTO `projects` (`id`, `name`, `describes`, `owner_id`) VALUES (5, 'adipisci', 'Nobis praesentium consequatur accusantium est quidem. Soluta blanditiis in corporis odit qui. Quibusdam quisquam placeat eos.', 5);
INSERT INTO `projects` (`id`, `name`, `describes`, `owner_id`) VALUES (6, 'dolorem', 'Officia ab quos qui et ab assumenda. Sunt itaque minus modi impedit totam voluptatem dolores. Quo officiis ea repellendus ea neque dignissimos voluptatum.', 6);
INSERT INTO `projects` (`id`, `name`, `describes`, `owner_id`) VALUES (7, 'aut', 'Ut consequuntur praesentium ipsum minima dolores sapiente. Ducimus vero cumque libero aut.', 7);
INSERT INTO `projects` (`id`, `name`, `describes`, `owner_id`) VALUES (8, 'aut', 'Aut minus soluta reprehenderit voluptates. Non magnam dicta exercitationem vel. Voluptas reiciendis deleniti odio aut odio beatae quia nobis. Consequatur tenetur quam quaerat magnam in velit.', 8);
INSERT INTO `projects` (`id`, `name`, `describes`, `owner_id`) VALUES (9, 'est', 'Veritatis illum odio assumenda cupiditate voluptatem id omnis. Et quaerat quia est exercitationem eos natus voluptates. Facere sit qui nobis a occaecati sit. Delectus fugiat ut dolores sed voluptates libero.', 9);
INSERT INTO `projects` (`id`, `name`, `describes`, `owner_id`) VALUES (10, 'facilis', 'Exercitationem earum vero sint dolorem assumenda provident. Et accusamus nulla earum ut voluptatem nisi deserunt.', 10);
INSERT INTO `projects` (`id`, `name`, `describes`, `owner_id`) VALUES (11, 'dignissimo', 'Neque eligendi dolorum officia. Qui corporis exercitationem voluptas quibusdam. Maiores quibusdam corporis nihil velit dolore minima sunt.', 11);
INSERT INTO `projects` (`id`, `name`, `describes`, `owner_id`) VALUES (12, 'est', 'Veniam consequatur ea rerum rem. Aliquid velit sed repellendus deserunt dolorem eos omnis deleniti. Harum eius aut sed earum quidem doloribus non ut. Voluptatem quos nemo doloribus officia expedita dolore laboriosam quisquam.', 12);
INSERT INTO `projects` (`id`, `name`, `describes`, `owner_id`) VALUES (13, 'voluptate', 'Possimus magni eos fugit qui alias minima. Quas doloremque et repellendus voluptate corporis et. Et velit aliquid voluptates ab. Eaque quaerat voluptas maxime minus et quam.', 13);
INSERT INTO `projects` (`id`, `name`, `describes`, `owner_id`) VALUES (14, 'impedit', 'Dolorum nobis minus et doloremque omnis rerum quas. Aut consequatur et exercitationem aliquid. Molestias tempore tempore nulla est.', 14);
INSERT INTO `projects` (`id`, `name`, `describes`, `owner_id`) VALUES (15, 'sit', 'Earum et autem ut ipsum laborum. Placeat rerum dolores possimus ab quos accusantium quo. Hic corrupti ex repudiandae rem soluta debitis maxime. Cumque facere laborum esse atque ut aut at.', 15);
INSERT INTO `projects` (`id`, `name`, `describes`, `owner_id`) VALUES (16, 'ea', 'Placeat nulla illum dolorem qui. Fugiat repellendus iure cum occaecati harum ut magni. Id nostrum dolorem deleniti laborum modi cum doloribus. Excepturi et aut ipsum iure.', 16);
INSERT INTO `projects` (`id`, `name`, `describes`, `owner_id`) VALUES (17, 'odit', 'Maiores pariatur illo enim. Earum inventore perferendis voluptatem molestiae omnis quod. Autem distinctio et minima ipsam. Autem sit veritatis dolore fuga.', 17);
INSERT INTO `projects` (`id`, `name`, `describes`, `owner_id`) VALUES (18, 'id', 'Sapiente et qui ex cum excepturi officia dolorum. Qui animi quas harum earum iure. Voluptatum iure delectus molestias autem aut. Ipsa et voluptas cupiditate et. Enim eum quidem est ipsum debitis.', 18);
INSERT INTO `projects` (`id`, `name`, `describes`, `owner_id`) VALUES (19, 'nihil', 'Soluta nihil consequatur neque et et iste. Iure et molestias eum amet nobis et. Rerum illo praesentium debitis quis eos.', 19);
INSERT INTO `projects` (`id`, `name`, `describes`, `owner_id`) VALUES (20, 'nobis', 'Dolores non quasi necessitatibus quae beatae. Ipsam ex quisquam necessitatibus accusamus nemo magni sed. Iste porro minus eveniet aut est quis. Voluptates dolor culpa voluptatem atque ex saepe voluptatem.', 20);


#
# TABLE STRUCTURE FOR: projects_tasks
#

DROP TABLE IF EXISTS `projects_tasks`;

CREATE TABLE `projects_tasks` (
  `prjct_id` int(10) NOT NULL,
  `tsk_id` int(10) NOT NULL,
  `user_id` int(10) NOT NULL,
  `start_data` timestamp NULL DEFAULT NULL,
  `finish_data` timestamp NULL DEFAULT NULL,
  `deadline` timestamp NULL DEFAULT NULL,
  KEY `projects_tasks_projects_fk` (`prjct_id`),
  KEY `projects_tasks_tasks_fk` (`tsk_id`),
  KEY `projects_tasks_users_fk` (`user_id`),
  CONSTRAINT `projects_tasks_projects_fk` FOREIGN KEY (`prjct_id`) REFERENCES `projects` (`id`),
  CONSTRAINT `projects_tasks_tasks_fk` FOREIGN KEY (`tsk_id`) REFERENCES `tasks` (`id`),
  CONSTRAINT `projects_tasks_users_fk` FOREIGN KEY (`user_id`) REFERENCES `users` (`id`)
) ENGINE=InnoDB DEFAULT CHARSET=utf8 COLLATE=utf8_unicode_ci;

INSERT INTO `projects_tasks` (`prjct_id`, `tsk_id`, `user_id`, `start_data`, `finish_data`, `deadline`) VALUES (31, 22, 228, '2018-08-31 19:30:17', '2003-03-20 00:23:49', '1978-09-05 21:17:19');
INSERT INTO `projects_tasks` (`prjct_id`, `tsk_id`, `user_id`, `start_data`, `finish_data`, `deadline`) VALUES (32, 27, 272, '1971-08-27 23:13:31', '1980-10-13 06:39:17', '1993-02-07 15:56:56');
INSERT INTO `projects_tasks` (`prjct_id`, `tsk_id`, `user_id`, `start_data`, `finish_data`, `deadline`) VALUES (33, 41, 391, '2010-02-10 03:11:19', '1975-11-17 08:10:09', '1982-04-17 20:05:44');
INSERT INTO `projects_tasks` (`prjct_id`, `tsk_id`, `user_id`, `start_data`, `finish_data`, `deadline`) VALUES (34, 13, 305, '1981-08-11 23:36:50', '1972-09-13 02:49:03', '2000-11-05 15:24:03');
INSERT INTO `projects_tasks` (`prjct_id`, `tsk_id`, `user_id`, `start_data`, `finish_data`, `deadline`) VALUES (35, 47, 134, '2002-12-29 00:01:20', '2018-02-04 06:00:56', '1990-01-26 13:42:54');
INSERT INTO `projects_tasks` (`prjct_id`, `tsk_id`, `user_id`, `start_data`, `finish_data`, `deadline`) VALUES (36, 7, 256, '2007-12-04 06:23:16', '1970-03-02 09:25:32', '1978-05-17 17:50:56');
INSERT INTO `projects_tasks` (`prjct_id`, `tsk_id`, `user_id`, `start_data`, `finish_data`, `deadline`) VALUES (37, 7, 185, '2015-12-31 09:27:10', '2017-12-23 17:40:10', '1971-04-29 17:30:18');
INSERT INTO `projects_tasks` (`prjct_id`, `tsk_id`, `user_id`, `start_data`, `finish_data`, `deadline`) VALUES (38, 1, 369, '2009-09-22 01:53:43', '2007-01-07 11:40:26', '2017-06-26 13:12:35');
INSERT INTO `projects_tasks` (`prjct_id`, `tsk_id`, `user_id`, `start_data`, `finish_data`, `deadline`) VALUES (39, 30, 255, '1979-12-06 06:33:28', '2019-09-18 12:25:52', '2008-06-17 12:26:37');
INSERT INTO `projects_tasks` (`prjct_id`, `tsk_id`, `user_id`, `start_data`, `finish_data`, `deadline`) VALUES (40, 8, 244, '2011-01-27 16:55:55', '1995-11-27 22:28:47', '1991-01-31 22:57:55');
INSERT INTO `projects_tasks` (`prjct_id`, `tsk_id`, `user_id`, `start_data`, `finish_data`, `deadline`) VALUES (41, 29, 49, '2008-12-09 11:36:42', '1992-07-02 14:44:42', '1982-03-11 12:06:09');
INSERT INTO `projects_tasks` (`prjct_id`, `tsk_id`, `user_id`, `start_data`, `finish_data`, `deadline`) VALUES (42, 8, 178, '1989-11-30 17:58:46', '1973-12-03 22:30:19', '1990-01-05 17:50:19');
INSERT INTO `projects_tasks` (`prjct_id`, `tsk_id`, `user_id`, `start_data`, `finish_data`, `deadline`) VALUES (43, 4, 2, '1982-01-07 22:03:19', '1982-08-24 05:01:12', '1992-12-18 21:33:03');
INSERT INTO `projects_tasks` (`prjct_id`, `tsk_id`, `user_id`, `start_data`, `finish_data`, `deadline`) VALUES (44, 5, 356, '1989-10-02 09:05:06', '2007-03-16 22:03:08', '1976-04-12 17:31:14');
INSERT INTO `projects_tasks` (`prjct_id`, `tsk_id`, `user_id`, `start_data`, `finish_data`, `deadline`) VALUES (45, 45, 172, '1990-05-04 13:48:22', '1997-11-22 17:15:06', '1974-08-03 20:40:48');
INSERT INTO `projects_tasks` (`prjct_id`, `tsk_id`, `user_id`, `start_data`, `finish_data`, `deadline`) VALUES (46, 38, 124, '2007-11-07 06:38:33', '1975-07-28 11:00:52', '2002-11-08 02:13:05');
INSERT INTO `projects_tasks` (`prjct_id`, `tsk_id`, `user_id`, `start_data`, `finish_data`, `deadline`) VALUES (47, 50, 113, '1972-09-23 20:18:17', '1981-04-10 22:46:50', '1993-02-07 23:33:22');
INSERT INTO `projects_tasks` (`prjct_id`, `tsk_id`, `user_id`, `start_data`, `finish_data`, `deadline`) VALUES (48, 50, 327, '2000-10-14 16:49:07', '1975-09-29 22:37:58', '2014-06-12 08:30:19');
INSERT INTO `projects_tasks` (`prjct_id`, `tsk_id`, `user_id`, `start_data`, `finish_data`, `deadline`) VALUES (49, 13, 94, '1982-02-26 13:35:41', '1984-11-23 12:20:57', '2009-01-16 18:53:20');
INSERT INTO `projects_tasks` (`prjct_id`, `tsk_id`, `user_id`, `start_data`, `finish_data`, `deadline`) VALUES (50, 29, 76, '1997-06-30 12:11:07', '2004-10-09 01:34:30', '2011-09-04 11:05:49');
INSERT INTO `projects_tasks` (`prjct_id`, `tsk_id`, `user_id`, `start_data`, `finish_data`, `deadline`) VALUES (51, 29, 282, '1999-03-21 15:38:14', '2010-08-28 15:14:35', '2007-06-04 02:01:04');
INSERT INTO `projects_tasks` (`prjct_id`, `tsk_id`, `user_id`, `start_data`, `finish_data`, `deadline`) VALUES (52, 42, 278, '1988-07-07 13:23:43', '2015-12-22 19:58:52', '1991-11-17 05:51:40');
INSERT INTO `projects_tasks` (`prjct_id`, `tsk_id`, `user_id`, `start_data`, `finish_data`, `deadline`) VALUES (53, 9, 335, '2008-09-03 10:24:49', '1980-04-23 16:01:52', '1992-01-04 14:08:42');
INSERT INTO `projects_tasks` (`prjct_id`, `tsk_id`, `user_id`, `start_data`, `finish_data`, `deadline`) VALUES (54, 31, 303, '1999-08-04 05:37:54', '1977-03-11 19:22:08', '2000-11-02 23:47:03');
INSERT INTO `projects_tasks` (`prjct_id`, `tsk_id`, `user_id`, `start_data`, `finish_data`, `deadline`) VALUES (55, 24, 309, '2012-12-25 19:30:21', '1994-02-07 11:19:31', '2015-12-29 02:30:07');
INSERT INTO `projects_tasks` (`prjct_id`, `tsk_id`, `user_id`, `start_data`, `finish_data`, `deadline`) VALUES (56, 19, 18, '1986-10-19 01:40:15', '1980-08-21 22:16:35', '2008-12-28 17:30:19');
INSERT INTO `projects_tasks` (`prjct_id`, `tsk_id`, `user_id`, `start_data`, `finish_data`, `deadline`) VALUES (57, 45, 206, '1971-02-25 03:14:48', '2012-02-18 02:38:52', '1990-03-05 15:26:35');
INSERT INTO `projects_tasks` (`prjct_id`, `tsk_id`, `user_id`, `start_data`, `finish_data`, `deadline`) VALUES (58, 25, 389, '1972-05-20 16:23:27', '1990-12-05 11:28:11', '2003-04-26 22:09:01');
INSERT INTO `projects_tasks` (`prjct_id`, `tsk_id`, `user_id`, `start_data`, `finish_data`, `deadline`) VALUES (59, 26, 232, '2006-01-13 08:18:04', '2015-05-23 17:35:27', '1970-09-23 02:57:49');
INSERT INTO `projects_tasks` (`prjct_id`, `tsk_id`, `user_id`, `start_data`, `finish_data`, `deadline`) VALUES (60, 44, 160, '1999-05-14 18:27:02', '2011-11-21 09:27:06', '1970-10-04 20:56:47');
INSERT INTO `projects_tasks` (`prjct_id`, `tsk_id`, `user_id`, `start_data`, `finish_data`, `deadline`) VALUES (31, 1, 246, '1986-04-27 19:57:27', '1992-04-15 16:08:07', '1989-10-17 18:40:22');
INSERT INTO `projects_tasks` (`prjct_id`, `tsk_id`, `user_id`, `start_data`, `finish_data`, `deadline`) VALUES (32, 36, 3, '2014-11-06 10:35:49', '1994-05-14 18:16:37', '2012-09-01 16:58:02');
INSERT INTO `projects_tasks` (`prjct_id`, `tsk_id`, `user_id`, `start_data`, `finish_data`, `deadline`) VALUES (33, 45, 279, '1998-01-28 18:25:15', '2003-12-23 21:42:16', '2004-04-01 14:48:58');
INSERT INTO `projects_tasks` (`prjct_id`, `tsk_id`, `user_id`, `start_data`, `finish_data`, `deadline`) VALUES (34, 42, 61, '2016-09-17 06:48:59', '1980-04-18 12:38:03', '1988-04-03 02:51:03');
INSERT INTO `projects_tasks` (`prjct_id`, `tsk_id`, `user_id`, `start_data`, `finish_data`, `deadline`) VALUES (35, 47, 160, '1999-06-16 01:15:22', '1970-03-19 22:37:03', '2018-02-26 07:28:46');
INSERT INTO `projects_tasks` (`prjct_id`, `tsk_id`, `user_id`, `start_data`, `finish_data`, `deadline`) VALUES (36, 18, 199, '1978-11-22 12:48:21', '1971-03-14 03:19:30', '2014-12-01 14:17:29');
INSERT INTO `projects_tasks` (`prjct_id`, `tsk_id`, `user_id`, `start_data`, `finish_data`, `deadline`) VALUES (37, 6, 69, '2013-05-15 09:31:19', '2001-01-12 04:04:49', '1975-03-22 18:43:36');
INSERT INTO `projects_tasks` (`prjct_id`, `tsk_id`, `user_id`, `start_data`, `finish_data`, `deadline`) VALUES (38, 10, 107, '1992-01-26 13:12:01', '1992-01-20 11:30:30', '1989-02-21 11:20:37');
INSERT INTO `projects_tasks` (`prjct_id`, `tsk_id`, `user_id`, `start_data`, `finish_data`, `deadline`) VALUES (39, 1, 323, '1991-10-23 21:46:35', '1985-06-02 12:21:06', '1990-05-16 20:57:38');
INSERT INTO `projects_tasks` (`prjct_id`, `tsk_id`, `user_id`, `start_data`, `finish_data`, `deadline`) VALUES (40, 2, 192, '2010-09-05 17:41:14', '1993-04-10 11:54:42', '1994-06-07 01:15:49');
INSERT INTO `projects_tasks` (`prjct_id`, `tsk_id`, `user_id`, `start_data`, `finish_data`, `deadline`) VALUES (41, 29, 155, '2019-10-15 22:03:03', '1990-07-11 07:23:05', '2010-08-05 03:44:52');
INSERT INTO `projects_tasks` (`prjct_id`, `tsk_id`, `user_id`, `start_data`, `finish_data`, `deadline`) VALUES (42, 27, 189, '1984-07-20 23:43:20', '1991-05-07 20:38:37', '1970-10-07 21:32:56');
INSERT INTO `projects_tasks` (`prjct_id`, `tsk_id`, `user_id`, `start_data`, `finish_data`, `deadline`) VALUES (43, 46, 5, '1982-12-22 05:46:00', '1999-01-23 09:23:36', '1997-04-20 16:34:28');
INSERT INTO `projects_tasks` (`prjct_id`, `tsk_id`, `user_id`, `start_data`, `finish_data`, `deadline`) VALUES (44, 23, 169, '1979-09-22 15:21:35', '1993-12-19 06:49:33', '2009-08-17 06:31:45');
INSERT INTO `projects_tasks` (`prjct_id`, `tsk_id`, `user_id`, `start_data`, `finish_data`, `deadline`) VALUES (45, 30, 122, '2007-01-10 12:31:34', '1977-05-01 01:02:23', '1989-01-05 22:48:34');
INSERT INTO `projects_tasks` (`prjct_id`, `tsk_id`, `user_id`, `start_data`, `finish_data`, `deadline`) VALUES (46, 41, 240, '2009-09-16 04:31:34', '2008-10-28 00:39:33', '1990-05-15 13:29:24');
INSERT INTO `projects_tasks` (`prjct_id`, `tsk_id`, `user_id`, `start_data`, `finish_data`, `deadline`) VALUES (47, 46, 211, '2007-01-25 19:12:20', '2003-06-29 11:38:58', '2009-12-01 00:35:07');
INSERT INTO `projects_tasks` (`prjct_id`, `tsk_id`, `user_id`, `start_data`, `finish_data`, `deadline`) VALUES (48, 31, 325, '1973-06-15 04:52:49', '1977-06-17 16:10:45', '2002-08-30 20:18:16');
INSERT INTO `projects_tasks` (`prjct_id`, `tsk_id`, `user_id`, `start_data`, `finish_data`, `deadline`) VALUES (49, 12, 171, '1994-09-10 04:49:29', '2010-07-28 19:28:14', '2017-03-08 21:02:23');
INSERT INTO `projects_tasks` (`prjct_id`, `tsk_id`, `user_id`, `start_data`, `finish_data`, `deadline`) VALUES (50, 49, 63, '1984-05-15 21:08:55', '2007-01-28 12:34:33', '1975-05-15 10:10:24');
INSERT INTO `projects_tasks` (`prjct_id`, `tsk_id`, `user_id`, `start_data`, `finish_data`, `deadline`) VALUES (51, 42, 123, '2004-08-25 09:32:09', '1994-02-21 08:36:41', '1999-08-31 16:08:53');
INSERT INTO `projects_tasks` (`prjct_id`, `tsk_id`, `user_id`, `start_data`, `finish_data`, `deadline`) VALUES (52, 33, 370, '1986-09-19 22:24:06', '1970-06-23 11:52:14', '2006-11-25 12:34:31');
INSERT INTO `projects_tasks` (`prjct_id`, `tsk_id`, `user_id`, `start_data`, `finish_data`, `deadline`) VALUES (53, 24, 338, '1987-10-21 16:56:16', '1974-03-16 14:35:23', '2002-04-30 02:18:17');
INSERT INTO `projects_tasks` (`prjct_id`, `tsk_id`, `user_id`, `start_data`, `finish_data`, `deadline`) VALUES (54, 10, 194, '1992-04-13 09:57:55', '1978-06-09 09:10:35', '2005-02-19 12:44:32');
INSERT INTO `projects_tasks` (`prjct_id`, `tsk_id`, `user_id`, `start_data`, `finish_data`, `deadline`) VALUES (55, 33, 86, '2000-07-01 03:17:05', '2011-05-29 01:57:09', '1976-02-21 17:18:31');
INSERT INTO `projects_tasks` (`prjct_id`, `tsk_id`, `user_id`, `start_data`, `finish_data`, `deadline`) VALUES (56, 49, 91, '2008-12-20 09:58:29', '1990-09-12 11:06:01', '1977-12-26 13:13:56');
INSERT INTO `projects_tasks` (`prjct_id`, `tsk_id`, `user_id`, `start_data`, `finish_data`, `deadline`) VALUES (57, 31, 195, '2018-04-20 10:17:06', '2011-10-31 23:24:58', '2014-04-22 01:06:33');
INSERT INTO `projects_tasks` (`prjct_id`, `tsk_id`, `user_id`, `start_data`, `finish_data`, `deadline`) VALUES (58, 35, 202, '1979-03-24 18:00:30', '2007-04-29 18:56:50', '2016-11-29 05:28:03');
INSERT INTO `projects_tasks` (`prjct_id`, `tsk_id`, `user_id`, `start_data`, `finish_data`, `deadline`) VALUES (59, 25, 57, '1973-02-14 08:18:59', '1992-05-02 04:54:54', '1982-04-26 07:33:33');
INSERT INTO `projects_tasks` (`prjct_id`, `tsk_id`, `user_id`, `start_data`, `finish_data`, `deadline`) VALUES (60, 47, 35, '1997-06-07 15:31:07', '2015-01-02 15:48:51', '2019-05-29 21:11:05');
INSERT INTO `projects_tasks` (`prjct_id`, `tsk_id`, `user_id`, `start_data`, `finish_data`, `deadline`) VALUES (31, 23, 297, '2015-03-12 04:15:25', '2017-03-09 21:40:29', '1984-05-16 03:56:27');
INSERT INTO `projects_tasks` (`prjct_id`, `tsk_id`, `user_id`, `start_data`, `finish_data`, `deadline`) VALUES (32, 35, 145, '2005-09-15 08:56:19', '1987-09-26 18:21:30', '2001-08-13 05:19:14');
INSERT INTO `projects_tasks` (`prjct_id`, `tsk_id`, `user_id`, `start_data`, `finish_data`, `deadline`) VALUES (33, 14, 116, '2007-04-03 09:09:43', '2017-02-13 00:44:36', '2008-05-29 08:57:10');
INSERT INTO `projects_tasks` (`prjct_id`, `tsk_id`, `user_id`, `start_data`, `finish_data`, `deadline`) VALUES (34, 9, 198, '1975-08-15 11:10:51', '1997-06-24 07:58:36', '1981-07-28 02:58:33');
INSERT INTO `projects_tasks` (`prjct_id`, `tsk_id`, `user_id`, `start_data`, `finish_data`, `deadline`) VALUES (35, 36, 55, '2003-10-05 22:17:15', '2013-06-16 17:51:07', '1979-03-31 17:48:22');
INSERT INTO `projects_tasks` (`prjct_id`, `tsk_id`, `user_id`, `start_data`, `finish_data`, `deadline`) VALUES (36, 33, 216, '1993-11-04 23:03:58', '1976-08-21 02:35:41', '1973-11-28 12:25:54');
INSERT INTO `projects_tasks` (`prjct_id`, `tsk_id`, `user_id`, `start_data`, `finish_data`, `deadline`) VALUES (37, 23, 121, '1996-03-29 12:30:34', '2016-02-07 06:15:28', '1986-03-20 06:27:02');
INSERT INTO `projects_tasks` (`prjct_id`, `tsk_id`, `user_id`, `start_data`, `finish_data`, `deadline`) VALUES (38, 24, 369, '1983-10-21 20:40:40', '2016-09-28 06:37:42', '1998-02-09 12:41:58');
INSERT INTO `projects_tasks` (`prjct_id`, `tsk_id`, `user_id`, `start_data`, `finish_data`, `deadline`) VALUES (39, 8, 262, '1995-01-08 15:45:46', '2003-06-07 01:36:23', '1994-09-23 03:43:48');
INSERT INTO `projects_tasks` (`prjct_id`, `tsk_id`, `user_id`, `start_data`, `finish_data`, `deadline`) VALUES (40, 21, 318, '2012-02-25 12:03:05', '1972-11-12 11:10:07', '1970-03-19 14:20:00');
INSERT INTO `projects_tasks` (`prjct_id`, `tsk_id`, `user_id`, `start_data`, `finish_data`, `deadline`) VALUES (41, 44, 147, '1970-04-09 00:44:52', '1990-07-15 19:54:58', '1975-03-08 01:41:38');
INSERT INTO `projects_tasks` (`prjct_id`, `tsk_id`, `user_id`, `start_data`, `finish_data`, `deadline`) VALUES (42, 2, 187, '1987-01-10 09:00:16', '2019-04-30 04:26:56', '1995-06-19 18:48:07');
INSERT INTO `projects_tasks` (`prjct_id`, `tsk_id`, `user_id`, `start_data`, `finish_data`, `deadline`) VALUES (43, 43, 288, '2018-08-20 23:28:52', '1974-03-03 09:56:21', '1974-12-17 05:50:27');
INSERT INTO `projects_tasks` (`prjct_id`, `tsk_id`, `user_id`, `start_data`, `finish_data`, `deadline`) VALUES (44, 49, 140, '2010-10-29 06:25:18', '1987-02-04 11:28:13', '1971-01-13 14:31:06');
INSERT INTO `projects_tasks` (`prjct_id`, `tsk_id`, `user_id`, `start_data`, `finish_data`, `deadline`) VALUES (45, 44, 358, '1997-12-23 00:26:49', '2004-09-20 01:39:21', '2018-09-21 15:51:44');
INSERT INTO `projects_tasks` (`prjct_id`, `tsk_id`, `user_id`, `start_data`, `finish_data`, `deadline`) VALUES (46, 22, 122, '2005-05-18 09:45:30', '1984-09-30 20:18:44', '2001-07-25 06:59:20');
INSERT INTO `projects_tasks` (`prjct_id`, `tsk_id`, `user_id`, `start_data`, `finish_data`, `deadline`) VALUES (47, 32, 49, '1983-06-08 16:35:24', '2009-05-15 13:09:33', '1991-07-02 23:07:27');
INSERT INTO `projects_tasks` (`prjct_id`, `tsk_id`, `user_id`, `start_data`, `finish_data`, `deadline`) VALUES (48, 34, 362, '1990-11-07 13:44:29', '2008-12-28 15:24:44', '2013-12-06 07:32:40');
INSERT INTO `projects_tasks` (`prjct_id`, `tsk_id`, `user_id`, `start_data`, `finish_data`, `deadline`) VALUES (49, 21, 336, '1988-12-04 06:36:06', '1990-09-04 02:43:55', '2009-04-04 05:36:56');
INSERT INTO `projects_tasks` (`prjct_id`, `tsk_id`, `user_id`, `start_data`, `finish_data`, `deadline`) VALUES (50, 20, 51, '1983-10-30 09:20:00', '2015-03-23 11:00:48', '1985-11-09 21:45:33');
INSERT INTO `projects_tasks` (`prjct_id`, `tsk_id`, `user_id`, `start_data`, `finish_data`, `deadline`) VALUES (51, 49, 20, '2011-08-13 23:39:24', '2013-05-12 10:49:41', '2017-02-06 07:44:07');
INSERT INTO `projects_tasks` (`prjct_id`, `tsk_id`, `user_id`, `start_data`, `finish_data`, `deadline`) VALUES (52, 34, 168, '2012-01-06 08:57:16', '1986-12-09 16:07:55', '1979-05-17 01:53:57');
INSERT INTO `projects_tasks` (`prjct_id`, `tsk_id`, `user_id`, `start_data`, `finish_data`, `deadline`) VALUES (53, 18, 51, '1979-06-16 05:24:56', '2011-10-02 12:22:38', '1994-02-04 13:44:48');
INSERT INTO `projects_tasks` (`prjct_id`, `tsk_id`, `user_id`, `start_data`, `finish_data`, `deadline`) VALUES (54, 17, 198, '2001-06-02 20:35:05', '1989-03-20 03:36:01', '1971-02-05 23:34:49');
INSERT INTO `projects_tasks` (`prjct_id`, `tsk_id`, `user_id`, `start_data`, `finish_data`, `deadline`) VALUES (55, 40, 298, '1983-06-09 05:52:38', '2009-10-25 10:44:16', '1990-09-21 06:41:27');
INSERT INTO `projects_tasks` (`prjct_id`, `tsk_id`, `user_id`, `start_data`, `finish_data`, `deadline`) VALUES (56, 15, 259, '2008-02-24 06:01:08', '1972-10-26 02:31:16', '1983-04-08 05:10:19');
INSERT INTO `projects_tasks` (`prjct_id`, `tsk_id`, `user_id`, `start_data`, `finish_data`, `deadline`) VALUES (57, 6, 124, '1988-05-15 21:31:25', '2002-08-16 12:06:04', '1974-02-13 15:14:23');
INSERT INTO `projects_tasks` (`prjct_id`, `tsk_id`, `user_id`, `start_data`, `finish_data`, `deadline`) VALUES (58, 6, 385, '1984-09-23 09:19:42', '2008-10-09 15:22:32', '1984-11-13 08:54:36');
INSERT INTO `projects_tasks` (`prjct_id`, `tsk_id`, `user_id`, `start_data`, `finish_data`, `deadline`) VALUES (59, 2, 34, '1987-10-14 01:09:06', '2017-06-17 18:17:46', '1992-04-19 09:52:31');
INSERT INTO `projects_tasks` (`prjct_id`, `tsk_id`, `user_id`, `start_data`, `finish_data`, `deadline`) VALUES (60, 16, 356, '1993-10-18 19:36:36', '1993-07-17 13:59:59', '2018-10-18 15:05:46');
INSERT INTO `projects_tasks` (`prjct_id`, `tsk_id`, `user_id`, `start_data`, `finish_data`, `deadline`) VALUES (31, 49, 299, '1974-06-11 02:20:39', '2013-05-13 19:02:03', '1996-12-04 14:27:00');
INSERT INTO `projects_tasks` (`prjct_id`, `tsk_id`, `user_id`, `start_data`, `finish_data`, `deadline`) VALUES (32, 10, 246, '2014-03-01 07:39:18', '1985-06-16 01:58:49', '2005-05-27 07:17:50');
INSERT INTO `projects_tasks` (`prjct_id`, `tsk_id`, `user_id`, `start_data`, `finish_data`, `deadline`) VALUES (33, 44, 344, '2002-01-16 13:09:22', '1993-03-03 02:25:47', '1982-09-07 16:30:45');
INSERT INTO `projects_tasks` (`prjct_id`, `tsk_id`, `user_id`, `start_data`, `finish_data`, `deadline`) VALUES (34, 26, 112, '2014-01-24 14:09:23', '2014-12-08 06:37:53', '2007-07-17 02:28:24');
INSERT INTO `projects_tasks` (`prjct_id`, `tsk_id`, `user_id`, `start_data`, `finish_data`, `deadline`) VALUES (35, 35, 367, '2012-11-27 04:09:14', '1983-07-06 23:09:41', '1984-07-02 09:51:00');
INSERT INTO `projects_tasks` (`prjct_id`, `tsk_id`, `user_id`, `start_data`, `finish_data`, `deadline`) VALUES (36, 21, 271, '1990-07-15 13:14:26', '1978-06-07 08:21:04', '2007-11-04 15:21:47');
INSERT INTO `projects_tasks` (`prjct_id`, `tsk_id`, `user_id`, `start_data`, `finish_data`, `deadline`) VALUES (37, 49, 28, '1984-10-25 02:45:55', '2014-06-10 22:52:55', '1983-11-02 06:04:11');
INSERT INTO `projects_tasks` (`prjct_id`, `tsk_id`, `user_id`, `start_data`, `finish_data`, `deadline`) VALUES (38, 5, 126, '2004-08-30 15:39:26', '1973-12-29 00:19:08', '2000-01-19 19:05:47');
INSERT INTO `projects_tasks` (`prjct_id`, `tsk_id`, `user_id`, `start_data`, `finish_data`, `deadline`) VALUES (39, 10, 174, '1979-01-06 20:04:03', '1986-04-16 19:55:19', '1970-04-25 15:54:09');
INSERT INTO `projects_tasks` (`prjct_id`, `tsk_id`, `user_id`, `start_data`, `finish_data`, `deadline`) VALUES (40, 41, 391, '2007-11-27 11:14:59', '1978-09-15 09:36:08', '1994-11-10 16:41:46');
INSERT INTO `projects_tasks` (`prjct_id`, `tsk_id`, `user_id`, `start_data`, `finish_data`, `deadline`) VALUES (41, 9, 39, '2002-01-17 16:56:55', '1990-09-20 00:37:03', '2019-03-29 07:56:54');
INSERT INTO `projects_tasks` (`prjct_id`, `tsk_id`, `user_id`, `start_data`, `finish_data`, `deadline`) VALUES (42, 32, 116, '1996-06-06 05:18:50', '1992-08-28 21:21:38', '2013-05-05 03:23:15');
INSERT INTO `projects_tasks` (`prjct_id`, `tsk_id`, `user_id`, `start_data`, `finish_data`, `deadline`) VALUES (43, 21, 296, '1998-05-30 20:18:40', '1997-02-15 05:05:56', '1971-10-18 21:20:40');
INSERT INTO `projects_tasks` (`prjct_id`, `tsk_id`, `user_id`, `start_data`, `finish_data`, `deadline`) VALUES (44, 13, 174, '1994-02-21 09:04:50', '1972-03-28 03:46:25', '1971-11-05 04:59:36');
INSERT INTO `projects_tasks` (`prjct_id`, `tsk_id`, `user_id`, `start_data`, `finish_data`, `deadline`) VALUES (45, 42, 225, '1976-10-31 10:57:38', '1995-01-25 01:04:40', '1974-10-23 17:59:47');
INSERT INTO `projects_tasks` (`prjct_id`, `tsk_id`, `user_id`, `start_data`, `finish_data`, `deadline`) VALUES (46, 17, 320, '2019-04-08 23:20:18', '2011-08-28 09:40:40', '2009-07-04 21:01:57');
INSERT INTO `projects_tasks` (`prjct_id`, `tsk_id`, `user_id`, `start_data`, `finish_data`, `deadline`) VALUES (47, 16, 207, '2014-03-25 23:04:14', '1996-05-15 08:44:19', '1972-06-13 06:43:05');
INSERT INTO `projects_tasks` (`prjct_id`, `tsk_id`, `user_id`, `start_data`, `finish_data`, `deadline`) VALUES (48, 21, 71, '2008-08-20 05:52:37', '1995-07-03 09:09:02', '1982-11-02 15:00:38');
INSERT INTO `projects_tasks` (`prjct_id`, `tsk_id`, `user_id`, `start_data`, `finish_data`, `deadline`) VALUES (49, 19, 372, '1982-10-03 10:40:13', '1982-10-16 19:59:44', '1970-02-11 18:59:42');
INSERT INTO `projects_tasks` (`prjct_id`, `tsk_id`, `user_id`, `start_data`, `finish_data`, `deadline`) VALUES (50, 23, 30, '2014-04-22 14:22:57', '1992-11-11 21:39:42', '1978-01-23 16:33:37');
INSERT INTO `projects_tasks` (`prjct_id`, `tsk_id`, `user_id`, `start_data`, `finish_data`, `deadline`) VALUES (51, 43, 345, '1988-06-22 01:23:16', '1982-11-07 03:56:48', '1974-08-08 06:31:24');
INSERT INTO `projects_tasks` (`prjct_id`, `tsk_id`, `user_id`, `start_data`, `finish_data`, `deadline`) VALUES (52, 38, 324, '1995-01-26 12:46:44', '1972-06-09 17:42:48', '1988-09-19 02:04:04');
INSERT INTO `projects_tasks` (`prjct_id`, `tsk_id`, `user_id`, `start_data`, `finish_data`, `deadline`) VALUES (53, 47, 338, '1970-08-23 04:12:59', '2015-05-05 00:53:57', '1983-04-05 00:26:24');
INSERT INTO `projects_tasks` (`prjct_id`, `tsk_id`, `user_id`, `start_data`, `finish_data`, `deadline`) VALUES (54, 7, 51, '2008-12-20 09:50:26', '1979-12-27 00:54:04', '1989-05-20 13:57:47');
INSERT INTO `projects_tasks` (`prjct_id`, `tsk_id`, `user_id`, `start_data`, `finish_data`, `deadline`) VALUES (55, 14, 372, '1979-02-12 10:39:03', '2008-12-21 16:09:11', '2013-11-01 00:54:09');
INSERT INTO `projects_tasks` (`prjct_id`, `tsk_id`, `user_id`, `start_data`, `finish_data`, `deadline`) VALUES (56, 6, 184, '2011-01-27 10:02:34', '2005-11-21 11:27:58', '2014-08-22 14:01:32');
INSERT INTO `projects_tasks` (`prjct_id`, `tsk_id`, `user_id`, `start_data`, `finish_data`, `deadline`) VALUES (57, 2, 290, '1978-06-18 13:48:21', '1979-03-31 17:07:28', '2007-12-22 00:57:28');
INSERT INTO `projects_tasks` (`prjct_id`, `tsk_id`, `user_id`, `start_data`, `finish_data`, `deadline`) VALUES (58, 38, 173, '1978-02-12 15:18:53', '2013-01-05 16:18:59', '1997-11-21 12:58:31');
INSERT INTO `projects_tasks` (`prjct_id`, `tsk_id`, `user_id`, `start_data`, `finish_data`, `deadline`) VALUES (59, 24, 400, '2000-08-17 09:18:37', '1984-01-10 03:14:04', '1981-06-06 22:28:09');
INSERT INTO `projects_tasks` (`prjct_id`, `tsk_id`, `user_id`, `start_data`, `finish_data`, `deadline`) VALUES (60, 44, 114, '1993-02-10 01:37:59', '1978-08-08 18:37:49', '1998-12-09 15:18:29');
INSERT INTO `projects_tasks` (`prjct_id`, `tsk_id`, `user_id`, `start_data`, `finish_data`, `deadline`) VALUES (31, 29, 76, '2013-12-31 11:35:03', '2005-09-20 07:26:12', '1985-05-07 14:40:53');
INSERT INTO `projects_tasks` (`prjct_id`, `tsk_id`, `user_id`, `start_data`, `finish_data`, `deadline`) VALUES (32, 5, 348, '1994-11-03 13:48:55', '1988-07-12 04:46:51', '1973-12-27 01:58:53');
INSERT INTO `projects_tasks` (`prjct_id`, `tsk_id`, `user_id`, `start_data`, `finish_data`, `deadline`) VALUES (33, 36, 199, '1985-01-18 21:00:31', '2002-11-07 06:47:18', '2003-08-21 13:27:21');
INSERT INTO `projects_tasks` (`prjct_id`, `tsk_id`, `user_id`, `start_data`, `finish_data`, `deadline`) VALUES (34, 3, 33, '1977-01-20 16:11:28', '2015-12-06 19:34:58', '1994-10-29 01:24:08');
INSERT INTO `projects_tasks` (`prjct_id`, `tsk_id`, `user_id`, `start_data`, `finish_data`, `deadline`) VALUES (35, 22, 201, '1997-01-12 17:43:00', '1972-02-24 20:08:18', '2007-04-19 11:25:42');
INSERT INTO `projects_tasks` (`prjct_id`, `tsk_id`, `user_id`, `start_data`, `finish_data`, `deadline`) VALUES (36, 8, 109, '2013-05-11 08:49:17', '1987-11-05 07:19:59', '2005-10-06 07:12:13');
INSERT INTO `projects_tasks` (`prjct_id`, `tsk_id`, `user_id`, `start_data`, `finish_data`, `deadline`) VALUES (37, 19, 363, '1990-10-28 17:09:22', '1987-11-05 05:24:17', '1990-01-29 20:31:17');
INSERT INTO `projects_tasks` (`prjct_id`, `tsk_id`, `user_id`, `start_data`, `finish_data`, `deadline`) VALUES (38, 5, 117, '2003-12-12 01:10:52', '2003-03-06 08:46:53', '2008-06-10 23:41:37');
INSERT INTO `projects_tasks` (`prjct_id`, `tsk_id`, `user_id`, `start_data`, `finish_data`, `deadline`) VALUES (39, 38, 82, '2010-12-18 10:54:49', '1978-02-12 11:10:21', '1988-01-14 00:17:55');
INSERT INTO `projects_tasks` (`prjct_id`, `tsk_id`, `user_id`, `start_data`, `finish_data`, `deadline`) VALUES (40, 21, 12, '1986-10-15 10:14:35', '2001-12-23 02:43:47', '1995-06-10 06:40:21');
INSERT INTO `projects_tasks` (`prjct_id`, `tsk_id`, `user_id`, `start_data`, `finish_data`, `deadline`) VALUES (41, 7, 207, '1979-08-01 19:59:51', '1989-05-18 09:28:10', '1983-10-21 22:14:52');
INSERT INTO `projects_tasks` (`prjct_id`, `tsk_id`, `user_id`, `start_data`, `finish_data`, `deadline`) VALUES (42, 25, 64, '1979-10-23 13:15:31', '1981-01-19 20:14:47', '2001-09-11 12:28:53');
INSERT INTO `projects_tasks` (`prjct_id`, `tsk_id`, `user_id`, `start_data`, `finish_data`, `deadline`) VALUES (43, 13, 94, '1986-01-24 02:02:07', '1990-05-29 20:23:03', '1972-05-02 09:20:52');
INSERT INTO `projects_tasks` (`prjct_id`, `tsk_id`, `user_id`, `start_data`, `finish_data`, `deadline`) VALUES (44, 30, 282, '2011-10-21 11:21:43', '2018-03-21 08:20:44', '2013-02-08 03:58:28');
INSERT INTO `projects_tasks` (`prjct_id`, `tsk_id`, `user_id`, `start_data`, `finish_data`, `deadline`) VALUES (45, 12, 183, '2004-05-25 05:57:46', '2015-12-09 17:49:48', '1971-03-30 12:24:50');
INSERT INTO `projects_tasks` (`prjct_id`, `tsk_id`, `user_id`, `start_data`, `finish_data`, `deadline`) VALUES (46, 50, 318, '1998-12-07 10:42:34', '1995-02-11 18:37:40', '1996-01-09 11:55:19');
INSERT INTO `projects_tasks` (`prjct_id`, `tsk_id`, `user_id`, `start_data`, `finish_data`, `deadline`) VALUES (47, 33, 29, '2002-01-22 21:39:15', '1997-04-03 23:35:23', '1990-01-05 05:00:00');
INSERT INTO `projects_tasks` (`prjct_id`, `tsk_id`, `user_id`, `start_data`, `finish_data`, `deadline`) VALUES (48, 34, 141, '1987-01-24 04:33:46', '1984-12-26 08:57:04', '2001-06-16 13:22:23');
INSERT INTO `projects_tasks` (`prjct_id`, `tsk_id`, `user_id`, `start_data`, `finish_data`, `deadline`) VALUES (49, 29, 284, '1978-07-09 09:37:30', '1979-01-05 12:26:18', '2002-12-29 11:28:22');
INSERT INTO `projects_tasks` (`prjct_id`, `tsk_id`, `user_id`, `start_data`, `finish_data`, `deadline`) VALUES (50, 22, 398, '2017-10-20 10:43:18', '1986-07-20 03:39:08', '1996-03-15 21:14:57');
INSERT INTO `projects_tasks` (`prjct_id`, `tsk_id`, `user_id`, `start_data`, `finish_data`, `deadline`) VALUES (51, 11, 237, '1974-05-19 17:29:12', '2018-12-05 11:44:12', '1971-06-29 22:24:51');
INSERT INTO `projects_tasks` (`prjct_id`, `tsk_id`, `user_id`, `start_data`, `finish_data`, `deadline`) VALUES (52, 14, 229, '2009-01-24 09:08:15', '2010-05-03 21:30:27', '1988-05-08 15:49:14');
INSERT INTO `projects_tasks` (`prjct_id`, `tsk_id`, `user_id`, `start_data`, `finish_data`, `deadline`) VALUES (53, 25, 140, '2019-03-17 06:35:44', '1978-04-21 19:43:37', '1974-05-01 18:10:33');
INSERT INTO `projects_tasks` (`prjct_id`, `tsk_id`, `user_id`, `start_data`, `finish_data`, `deadline`) VALUES (54, 44, 100, '2017-05-25 14:05:10', '2002-07-09 20:15:21', '2017-04-05 16:21:59');
INSERT INTO `projects_tasks` (`prjct_id`, `tsk_id`, `user_id`, `start_data`, `finish_data`, `deadline`) VALUES (55, 28, 111, '2017-11-12 13:13:33', '2007-02-12 00:31:37', '1978-07-25 00:45:29');
INSERT INTO `projects_tasks` (`prjct_id`, `tsk_id`, `user_id`, `start_data`, `finish_data`, `deadline`) VALUES (56, 14, 275, '2002-09-23 03:57:58', '1973-07-22 00:49:45', '2001-01-11 10:15:40');
INSERT INTO `projects_tasks` (`prjct_id`, `tsk_id`, `user_id`, `start_data`, `finish_data`, `deadline`) VALUES (57, 40, 307, '1970-11-18 11:28:53', '2014-05-07 12:02:42', '2011-08-14 07:20:03');
INSERT INTO `projects_tasks` (`prjct_id`, `tsk_id`, `user_id`, `start_data`, `finish_data`, `deadline`) VALUES (58, 43, 15, '1986-07-30 14:55:36', '1978-09-23 07:42:56', '1970-11-14 11:50:33');
INSERT INTO `projects_tasks` (`prjct_id`, `tsk_id`, `user_id`, `start_data`, `finish_data`, `deadline`) VALUES (59, 1, 175, '1975-10-06 18:33:24', '1985-01-01 17:34:10', '1983-07-11 09:00:12');
INSERT INTO `projects_tasks` (`prjct_id`, `tsk_id`, `user_id`, `start_data`, `finish_data`, `deadline`) VALUES (60, 37, 94, '1970-09-07 01:21:23', '2018-04-19 19:43:39', '2005-11-18 07:00:11');
INSERT INTO `projects_tasks` (`prjct_id`, `tsk_id`, `user_id`, `start_data`, `finish_data`, `deadline`) VALUES (31, 45, 291, '2005-07-15 03:22:49', '1972-11-04 01:50:52', '1985-04-15 05:54:34');
INSERT INTO `projects_tasks` (`prjct_id`, `tsk_id`, `user_id`, `start_data`, `finish_data`, `deadline`) VALUES (32, 2, 215, '1982-03-11 20:32:21', '1981-03-17 07:13:21', '1989-11-08 18:57:16');
INSERT INTO `projects_tasks` (`prjct_id`, `tsk_id`, `user_id`, `start_data`, `finish_data`, `deadline`) VALUES (33, 40, 276, '2011-09-30 07:35:50', '1995-09-13 07:22:13', '2018-12-17 03:10:59');
INSERT INTO `projects_tasks` (`prjct_id`, `tsk_id`, `user_id`, `start_data`, `finish_data`, `deadline`) VALUES (34, 45, 147, '1983-09-17 01:30:33', '1988-11-29 21:09:32', '2018-03-06 21:19:01');
INSERT INTO `projects_tasks` (`prjct_id`, `tsk_id`, `user_id`, `start_data`, `finish_data`, `deadline`) VALUES (35, 20, 130, '2004-03-05 22:57:10', '2002-09-02 12:06:00', '1991-11-27 23:56:22');
INSERT INTO `projects_tasks` (`prjct_id`, `tsk_id`, `user_id`, `start_data`, `finish_data`, `deadline`) VALUES (36, 19, 242, '2010-02-13 19:44:44', '1973-12-10 07:11:12', '1998-05-10 07:46:21');
INSERT INTO `projects_tasks` (`prjct_id`, `tsk_id`, `user_id`, `start_data`, `finish_data`, `deadline`) VALUES (37, 46, 251, '2004-07-15 13:48:10', '2004-09-19 18:57:23', '1986-01-31 12:34:49');
INSERT INTO `projects_tasks` (`prjct_id`, `tsk_id`, `user_id`, `start_data`, `finish_data`, `deadline`) VALUES (38, 9, 165, '1981-02-21 18:39:56', '2013-11-29 01:25:36', '2005-05-04 07:04:17');
INSERT INTO `projects_tasks` (`prjct_id`, `tsk_id`, `user_id`, `start_data`, `finish_data`, `deadline`) VALUES (39, 49, 15, '1974-02-12 21:48:29', '2008-04-28 17:39:46', '1987-08-08 23:05:07');
INSERT INTO `projects_tasks` (`prjct_id`, `tsk_id`, `user_id`, `start_data`, `finish_data`, `deadline`) VALUES (40, 34, 211, '1999-09-15 07:12:12', '1972-08-12 20:25:30', '2014-05-05 09:17:09');
INSERT INTO `projects_tasks` (`prjct_id`, `tsk_id`, `user_id`, `start_data`, `finish_data`, `deadline`) VALUES (41, 16, 376, '1980-01-05 00:21:41', '1983-08-31 16:24:21', '1990-03-18 19:56:29');
INSERT INTO `projects_tasks` (`prjct_id`, `tsk_id`, `user_id`, `start_data`, `finish_data`, `deadline`) VALUES (42, 11, 44, '1973-07-16 04:11:49', '2009-03-06 02:46:22', '1976-12-03 20:52:27');
INSERT INTO `projects_tasks` (`prjct_id`, `tsk_id`, `user_id`, `start_data`, `finish_data`, `deadline`) VALUES (43, 36, 24, '1976-06-15 11:38:55', '2014-07-24 04:26:18', '1978-02-26 02:18:30');
INSERT INTO `projects_tasks` (`prjct_id`, `tsk_id`, `user_id`, `start_data`, `finish_data`, `deadline`) VALUES (44, 8, 283, '2005-02-13 13:34:10', '1989-11-20 01:49:50', '1970-06-17 19:37:02');
INSERT INTO `projects_tasks` (`prjct_id`, `tsk_id`, `user_id`, `start_data`, `finish_data`, `deadline`) VALUES (45, 25, 354, '1982-07-01 13:31:23', '1990-05-15 05:14:07', '2014-06-10 05:50:50');
INSERT INTO `projects_tasks` (`prjct_id`, `tsk_id`, `user_id`, `start_data`, `finish_data`, `deadline`) VALUES (46, 47, 154, '1991-12-24 19:07:41', '1978-08-22 04:21:25', '1980-12-25 22:07:00');
INSERT INTO `projects_tasks` (`prjct_id`, `tsk_id`, `user_id`, `start_data`, `finish_data`, `deadline`) VALUES (47, 31, 386, '2014-03-13 07:16:42', '1987-03-05 14:40:25', '1970-04-26 18:41:41');
INSERT INTO `projects_tasks` (`prjct_id`, `tsk_id`, `user_id`, `start_data`, `finish_data`, `deadline`) VALUES (48, 47, 164, '2006-07-21 00:52:59', '2001-01-12 11:43:53', '1973-03-31 20:10:47');
INSERT INTO `projects_tasks` (`prjct_id`, `tsk_id`, `user_id`, `start_data`, `finish_data`, `deadline`) VALUES (49, 33, 325, '1971-04-01 20:45:18', '1988-02-24 21:08:40', '1976-09-05 16:29:52');
INSERT INTO `projects_tasks` (`prjct_id`, `tsk_id`, `user_id`, `start_data`, `finish_data`, `deadline`) VALUES (50, 39, 19, '1999-08-08 19:42:09', '1976-08-13 20:41:19', '1979-02-10 13:24:03');
INSERT INTO `projects_tasks` (`prjct_id`, `tsk_id`, `user_id`, `start_data`, `finish_data`, `deadline`) VALUES (51, 7, 55, '1972-10-30 14:08:38', '2015-09-16 16:50:53', '2003-09-01 07:56:15');
INSERT INTO `projects_tasks` (`prjct_id`, `tsk_id`, `user_id`, `start_data`, `finish_data`, `deadline`) VALUES (52, 33, 20, '2010-10-05 03:29:25', '2012-09-05 12:57:46', '1977-04-01 22:22:45');
INSERT INTO `projects_tasks` (`prjct_id`, `tsk_id`, `user_id`, `start_data`, `finish_data`, `deadline`) VALUES (53, 39, 332, '1998-05-29 19:00:37', '1987-01-03 14:26:16', '1980-09-30 07:17:37');
INSERT INTO `projects_tasks` (`prjct_id`, `tsk_id`, `user_id`, `start_data`, `finish_data`, `deadline`) VALUES (54, 24, 297, '2012-10-12 01:07:24', '2003-12-11 08:50:38', '1982-04-25 02:33:52');
INSERT INTO `projects_tasks` (`prjct_id`, `tsk_id`, `user_id`, `start_data`, `finish_data`, `deadline`) VALUES (55, 44, 49, '1992-07-10 18:59:26', '1976-11-01 23:18:45', '1979-03-08 21:20:44');
INSERT INTO `projects_tasks` (`prjct_id`, `tsk_id`, `user_id`, `start_data`, `finish_data`, `deadline`) VALUES (56, 14, 72, '2010-06-18 22:54:36', '1979-06-05 05:53:59', '2006-08-20 08:04:38');
INSERT INTO `projects_tasks` (`prjct_id`, `tsk_id`, `user_id`, `start_data`, `finish_data`, `deadline`) VALUES (57, 4, 193, '1981-05-01 17:08:06', '2012-03-12 02:35:18', '1976-12-13 00:38:48');
INSERT INTO `projects_tasks` (`prjct_id`, `tsk_id`, `user_id`, `start_data`, `finish_data`, `deadline`) VALUES (58, 15, 307, '2002-01-16 03:11:22', '1981-07-07 23:34:17', '1981-05-12 07:03:30');
INSERT INTO `projects_tasks` (`prjct_id`, `tsk_id`, `user_id`, `start_data`, `finish_data`, `deadline`) VALUES (59, 27, 173, '2008-03-10 19:26:34', '1991-07-09 05:00:13', '2010-05-11 05:46:26');
INSERT INTO `projects_tasks` (`prjct_id`, `tsk_id`, `user_id`, `start_data`, `finish_data`, `deadline`) VALUES (60, 24, 13, '1997-01-06 23:28:10', '2015-08-18 21:28:08', '1972-10-03 03:45:41');
INSERT INTO `projects_tasks` (`prjct_id`, `tsk_id`, `user_id`, `start_data`, `finish_data`, `deadline`) VALUES (31, 16, 164, '2009-12-02 00:18:06', '1979-06-12 13:00:30', '1981-11-21 22:23:01');
INSERT INTO `projects_tasks` (`prjct_id`, `tsk_id`, `user_id`, `start_data`, `finish_data`, `deadline`) VALUES (32, 21, 371, '1983-04-03 08:39:59', '1975-01-18 04:34:13', '2002-07-26 21:55:53');
INSERT INTO `projects_tasks` (`prjct_id`, `tsk_id`, `user_id`, `start_data`, `finish_data`, `deadline`) VALUES (33, 19, 136, '2017-12-07 15:57:21', '1989-03-08 22:11:25', '1972-11-16 12:40:05');
INSERT INTO `projects_tasks` (`prjct_id`, `tsk_id`, `user_id`, `start_data`, `finish_data`, `deadline`) VALUES (34, 17, 10, '2000-06-14 22:25:24', '2013-06-29 13:54:02', '2011-10-28 16:36:36');
INSERT INTO `projects_tasks` (`prjct_id`, `tsk_id`, `user_id`, `start_data`, `finish_data`, `deadline`) VALUES (35, 8, 45, '1996-11-15 21:19:46', '1993-03-27 17:16:54', '1994-01-13 21:55:17');
INSERT INTO `projects_tasks` (`prjct_id`, `tsk_id`, `user_id`, `start_data`, `finish_data`, `deadline`) VALUES (36, 4, 114, '1985-09-08 07:02:24', '1996-03-06 08:12:01', '1972-03-14 23:20:45');
INSERT INTO `projects_tasks` (`prjct_id`, `tsk_id`, `user_id`, `start_data`, `finish_data`, `deadline`) VALUES (37, 13, 290, '1995-08-22 05:58:48', '1972-08-25 19:12:10', '2018-07-29 10:28:19');
INSERT INTO `projects_tasks` (`prjct_id`, `tsk_id`, `user_id`, `start_data`, `finish_data`, `deadline`) VALUES (38, 17, 6, '1983-05-26 13:52:50', '2013-12-14 01:25:34', '2005-04-28 15:32:15');
INSERT INTO `projects_tasks` (`prjct_id`, `tsk_id`, `user_id`, `start_data`, `finish_data`, `deadline`) VALUES (39, 28, 317, '2009-09-13 15:43:17', '2006-09-24 03:41:15', '2004-05-14 20:25:32');
INSERT INTO `projects_tasks` (`prjct_id`, `tsk_id`, `user_id`, `start_data`, `finish_data`, `deadline`) VALUES (40, 38, 167, '1986-07-01 18:12:51', '2005-09-10 18:32:59', '2003-12-27 08:06:14');
INSERT INTO `projects_tasks` (`prjct_id`, `tsk_id`, `user_id`, `start_data`, `finish_data`, `deadline`) VALUES (41, 46, 9, '2011-04-21 08:34:45', '1975-08-27 11:18:42', '1997-07-09 20:30:46');
INSERT INTO `projects_tasks` (`prjct_id`, `tsk_id`, `user_id`, `start_data`, `finish_data`, `deadline`) VALUES (42, 30, 390, '1995-07-05 00:03:24', '2010-07-25 05:21:44', '1972-04-11 13:53:41');
INSERT INTO `projects_tasks` (`prjct_id`, `tsk_id`, `user_id`, `start_data`, `finish_data`, `deadline`) VALUES (43, 26, 353, '1990-03-06 02:22:43', '1995-06-23 09:53:46', '1981-01-16 11:22:28');
INSERT INTO `projects_tasks` (`prjct_id`, `tsk_id`, `user_id`, `start_data`, `finish_data`, `deadline`) VALUES (44, 37, 17, '1986-05-26 15:37:36', '2010-02-23 00:33:41', '1973-03-18 02:12:45');
INSERT INTO `projects_tasks` (`prjct_id`, `tsk_id`, `user_id`, `start_data`, `finish_data`, `deadline`) VALUES (45, 16, 84, '1988-10-20 22:06:31', '2007-11-23 14:11:45', '1974-10-07 19:28:00');
INSERT INTO `projects_tasks` (`prjct_id`, `tsk_id`, `user_id`, `start_data`, `finish_data`, `deadline`) VALUES (46, 4, 251, '1973-12-02 14:55:03', '2012-03-28 17:40:49', '2001-05-04 19:05:22');
INSERT INTO `projects_tasks` (`prjct_id`, `tsk_id`, `user_id`, `start_data`, `finish_data`, `deadline`) VALUES (47, 31, 197, '2012-07-22 16:38:35', '1998-09-15 23:41:27', '2018-10-02 12:54:29');
INSERT INTO `projects_tasks` (`prjct_id`, `tsk_id`, `user_id`, `start_data`, `finish_data`, `deadline`) VALUES (48, 28, 396, '1974-04-21 03:35:43', '1982-05-29 04:13:02', '2015-10-04 09:37:19');
INSERT INTO `projects_tasks` (`prjct_id`, `tsk_id`, `user_id`, `start_data`, `finish_data`, `deadline`) VALUES (49, 42, 355, '2001-04-28 03:27:25', '1973-01-29 10:00:32', '1994-07-27 21:53:20');
INSERT INTO `projects_tasks` (`prjct_id`, `tsk_id`, `user_id`, `start_data`, `finish_data`, `deadline`) VALUES (50, 1, 391, '2002-01-31 20:38:24', '1976-08-24 03:28:22', '1997-04-30 02:41:00');


#
# TABLE STRUCTURE FOR: skills
#

DROP TABLE IF EXISTS `skills`;

CREATE TABLE `skills` (
  `id` int(11) NOT NULL AUTO_INCREMENT,
  `name` varchar(10) COLLATE utf8_unicode_ci DEFAULT NULL,
  `describes` varchar(255) COLLATE utf8_unicode_ci DEFAULT NULL,
  PRIMARY KEY (`id`)
) ENGINE=InnoDB AUTO_INCREMENT=21 DEFAULT CHARSET=utf8 COLLATE=utf8_unicode_ci;

INSERT INTO skills (`id`, `name`, `describes`) VALUES (1, 'PYTHON', 'Cnowledge of Phyton language');
INSERT INTO skills (`id`, `name`, `describes`) VALUES (2, 'PHP', 'Cnowledge of PHP language');
INSERT INTO skills (`id`, `name`, `describes`) VALUES (3, 'JAVA', 'Cnowledge of Java language');
INSERT INTO skills (`id`, `name`, `describes`) VALUES (4, 'MYSQL', 'Cnowledge of MYSQL');
INSERT INTO `skills` (`id`, `name`, `describes`) VALUES (5, 'ut', 'Omnis omnis et et.');
INSERT INTO `skills` (`id`, `name`, `describes`) VALUES (6, 'consequunt', 'Est qui dolorem alias rerum.');
INSERT INTO `skills` (`id`, `name`, `describes`) VALUES (7, 'atque', 'Beatae itaque eos fugiat.');
INSERT INTO `skills` (`id`, `name`, `describes`) VALUES (8, 'exercitati', 'Quia fuga sed non.');
INSERT INTO `skills` (`id`, `name`, `describes`) VALUES (9, 'sequi', 'Sint cupiditate aut et esse.');
INSERT INTO `skills` (`id`, `name`, `describes`) VALUES (10, 'dolores', 'Qui consequatur et provident.');
INSERT INTO `skills` (`id`, `name`, `describes`) VALUES (11, 'eligendi', 'Quis sit minima sit quia.');
INSERT INTO `skills` (`id`, `name`, `describes`) VALUES (12, 'commodi', 'Sequi id rerum voluptatibus.');
INSERT INTO `skills` (`id`, `name`, `describes`) VALUES (13, 'tenetur', 'Sapiente ipsa quisquam nisi.');
INSERT INTO `skills` (`id`, `name`, `describes`) VALUES (14, 'ullam', 'Ipsam architecto sint et.');
INSERT INTO `skills` (`id`, `name`, `describes`) VALUES (15, 'ab', 'Et ipsa id consequatur quia.');
INSERT INTO `skills` (`id`, `name`, `describes`) VALUES (16, 'magnam', 'Architecto quam et quibusdam.');
INSERT INTO `skills` (`id`, `name`, `describes`) VALUES (17, 'nulla', 'Et architecto vero eum.');
INSERT INTO `skills` (`id`, `name`, `describes`) VALUES (18, 'quis', 'Quas ab numquam qui voluptas.');
INSERT INTO `skills` (`id`, `name`, `describes`) VALUES (19, 'voluptatem', 'Non esse eos aliquid cumque.');
INSERT INTO `skills` (`id`, `name`, `describes`) VALUES (20, 'repellat', 'Aut quia cum sit soluta quod.');


#
# TABLE STRUCTURE FOR: tasks
#

DROP TABLE IF EXISTS `tasks`;

CREATE TABLE `tasks` (
  `id` int(10) NOT NULL AUTO_INCREMENT,
  `name` varchar(10) COLLATE utf8_unicode_ci DEFAULT NULL,
  `describes` varchar(255) COLLATE utf8_unicode_ci DEFAULT NULL,
  PRIMARY KEY (`id`)
) ENGINE=InnoDB AUTO_INCREMENT=51 DEFAULT CHARSET=utf8 COLLATE=utf8_unicode_ci;

INSERT INTO `tasks` (`id`, `name`, `describes`) VALUES (1, 'dolor', 'Est ut enim soluta et expedita qui.');
INSERT INTO `tasks` (`id`, `name`, `describes`) VALUES (2, 'ex', 'Eum ut qui non similique mollitia optio deleniti laborum.');
INSERT INTO `tasks` (`id`, `name`, `describes`) VALUES (3, 'sed', 'In quis soluta aut consectetur ducimus.');
INSERT INTO `tasks` (`id`, `name`, `describes`) VALUES (4, 'itaque', 'Id aut qui et consequuntur.');
INSERT INTO `tasks` (`id`, `name`, `describes`) VALUES (5, 'et', 'Maiores et rerum voluptas ut sed aliquam.');
INSERT INTO `tasks` (`id`, `name`, `describes`) VALUES (6, 'nemo', 'Quaerat qui sint architecto id omnis qui autem quia.');
INSERT INTO `tasks` (`id`, `name`, `describes`) VALUES (7, 'dolorum', 'Tempore saepe omnis ea et rem aut at.');
INSERT INTO `tasks` (`id`, `name`, `describes`) VALUES (8, 'velit', 'Maxime incidunt expedita nam odio ea quo perspiciatis nesciunt.');
INSERT INTO `tasks` (`id`, `name`, `describes`) VALUES (9, 'deleniti', 'Omnis et nisi ipsam cupiditate eaque aut at.');
INSERT INTO `tasks` (`id`, `name`, `describes`) VALUES (10, 'pariatur', 'Consequatur maxime nulla rerum repellat fugiat in.');
INSERT INTO `tasks` (`id`, `name`, `describes`) VALUES (11, 'eaque', 'Voluptates id quos aut.');
INSERT INTO `tasks` (`id`, `name`, `describes`) VALUES (12, 'ut', 'Qui alias voluptas atque temporibus perspiciatis in dolore.');
INSERT INTO `tasks` (`id`, `name`, `describes`) VALUES (13, 'id', 'Ex est aut eos expedita itaque illo.');
INSERT INTO `tasks` (`id`, `name`, `describes`) VALUES (14, 'voluptas', 'Vel est et atque doloremque.');
INSERT INTO `tasks` (`id`, `name`, `describes`) VALUES (15, 'earum', 'Voluptatem expedita tempora inventore dignissimos et rerum assumenda.');
INSERT INTO `tasks` (`id`, `name`, `describes`) VALUES (16, 'non', 'Nisi harum aliquam rerum temporibus illum.');
INSERT INTO `tasks` (`id`, `name`, `describes`) VALUES (17, 'error', 'Nisi nulla dolorem sunt illum molestias qui et.');
INSERT INTO `tasks` (`id`, `name`, `describes`) VALUES (18, 'consectetu', 'Sit ipsam adipisci vel a.');
INSERT INTO `tasks` (`id`, `name`, `describes`) VALUES (19, 'inventore', 'In consequatur veritatis nam blanditiis.');
INSERT INTO `tasks` (`id`, `name`, `describes`) VALUES (20, 'ad', 'Et et qui magni asperiores.');
INSERT INTO `tasks` (`id`, `name`, `describes`) VALUES (21, 'rerum', 'Adipisci id dolorem maiores ab ab veniam eum ipsum.');
INSERT INTO `tasks` (`id`, `name`, `describes`) VALUES (22, 'consequatu', 'Sequi deleniti occaecati in repellendus dolore maiores molestias voluptatem.');
INSERT INTO `tasks` (`id`, `name`, `describes`) VALUES (23, 'est', 'Illum fugit ullam in ea ad numquam nulla.');
INSERT INTO `tasks` (`id`, `name`, `describes`) VALUES (24, 'laborum', 'Enim nemo excepturi ut minima repudiandae et.');
INSERT INTO `tasks` (`id`, `name`, `describes`) VALUES (25, 'fuga', 'Nulla quia quisquam ducimus quo eos.');
INSERT INTO `tasks` (`id`, `name`, `describes`) VALUES (26, 'corrupti', 'Ut ut debitis rerum laboriosam animi vero.');
INSERT INTO `tasks` (`id`, `name`, `describes`) VALUES (27, 'asperiores', 'Repudiandae ab accusantium quia amet quia et est.');
INSERT INTO `tasks` (`id`, `name`, `describes`) VALUES (28, 'molestiae', 'Suscipit enim libero minima.');
INSERT INTO `tasks` (`id`, `name`, `describes`) VALUES (29, 'ratione', 'Voluptates eligendi veniam enim facilis facere consequatur.');
INSERT INTO `tasks` (`id`, `name`, `describes`) VALUES (30, 'voluptatum', 'Est dignissimos est laudantium provident ullam neque non.');
INSERT INTO `tasks` (`id`, `name`, `describes`) VALUES (31, 'commodi', 'Non vel sapiente impedit nulla quos eligendi enim.');
INSERT INTO `tasks` (`id`, `name`, `describes`) VALUES (32, 'recusandae', 'Repudiandae reiciendis maxime minima veritatis pariatur.');
INSERT INTO `tasks` (`id`, `name`, `describes`) VALUES (33, 'perspiciat', 'Aut repellat delectus dolorem et rerum tenetur rem.');
INSERT INTO `tasks` (`id`, `name`, `describes`) VALUES (34, 'suscipit', 'Doloribus quis quidem aut asperiores nostrum incidunt.');
INSERT INTO `tasks` (`id`, `name`, `describes`) VALUES (35, 'magnam', 'Vero sed illo ipsum eligendi ullam.');
INSERT INTO `tasks` (`id`, `name`, `describes`) VALUES (36, 'tenetur', 'Voluptatum dolor cumque eaque asperiores cumque officiis tempore.');
INSERT INTO `tasks` (`id`, `name`, `describes`) VALUES (37, 'possimus', 'In est quas ea qui.');
INSERT INTO `tasks` (`id`, `name`, `describes`) VALUES (38, 'qui', 'Quia eius et excepturi est eum ut.');
INSERT INTO `tasks` (`id`, `name`, `describes`) VALUES (39, 'neque', 'Odit aut libero minima ut.');
INSERT INTO `tasks` (`id`, `name`, `describes`) VALUES (40, 'eos', 'Iste id deleniti iusto est.');
INSERT INTO `tasks` (`id`, `name`, `describes`) VALUES (41, 'ducimus', 'Debitis impedit voluptates voluptatum neque aut provident est excepturi.');
INSERT INTO `tasks` (`id`, `name`, `describes`) VALUES (42, 'maxime', 'Inventore suscipit velit et.');
INSERT INTO `tasks` (`id`, `name`, `describes`) VALUES (43, 'quis', 'Odio et porro quam et et numquam.');
INSERT INTO `tasks` (`id`, `name`, `describes`) VALUES (44, 'dicta', 'Enim dolorem reprehenderit aut ipsum qui.');
INSERT INTO `tasks` (`id`, `name`, `describes`) VALUES (45, 'tempore', 'Dolorem et aut perferendis officiis veniam ut quod provident.');
INSERT INTO `tasks` (`id`, `name`, `describes`) VALUES (46, 'ipsum', 'Tempore ex mollitia harum dolor quis.');
INSERT INTO `tasks` (`id`, `name`, `describes`) VALUES (47, 'omnis', 'Iure debitis aperiam ea pariatur quae ut.');
INSERT INTO `tasks` (`id`, `name`, `describes`) VALUES (48, 'expedita', 'Nesciunt deserunt ipsum provident cum.');
INSERT INTO `tasks` (`id`, `name`, `describes`) VALUES (49, 'quos', 'Modi soluta minima itaque.');
INSERT INTO `tasks` (`id`, `name`, `describes`) VALUES (50, 'libero', 'Consequatur est aspernatur qui ut excepturi repellendus.');


#
# TABLE STRUCTURE FOR: tasks_requests
#

DROP TABLE IF EXISTS `tasks_requests`;

CREATE TABLE `tasks_requests` (
  `id` int(10) NOT NULL AUTO_INCREMENT,
  `tsk_id` int(10) NOT NULL,
  `skill_id` int(10) NOT NULL,
  PRIMARY KEY (`id`),
  KEY `tasks_requests_tasks_fk` (`tsk_id`),
  KEY `tasks_requests_skills_fk` (`skill_id`),
  CONSTRAINT `tasks_requests_skills_fk` FOREIGN KEY (`skill_id`) REFERENCES `skills` (`id`),
  CONSTRAINT `tasks_requests_tasks_fk` FOREIGN KEY (`tsk_id`) REFERENCES `projects` (`id`)
) ENGINE=InnoDB AUTO_INCREMENT=201 DEFAULT CHARSET=utf8 COLLATE=utf8_unicode_ci;

INSERT INTO `tasks_requests` (`id`, `tsk_id`, `skill_id`) VALUES (103, 36, 16);
INSERT INTO `tasks_requests` (`id`, `tsk_id`, `skill_id`) VALUES (106, 34, 12);
INSERT INTO `tasks_requests` (`id`, `tsk_id`, `skill_id`) VALUES (110, 33, 9);
INSERT INTO `tasks_requests` (`id`, `tsk_id`, `skill_id`) VALUES (112, 40, 17);
INSERT INTO `tasks_requests` (`id`, `tsk_id`, `skill_id`) VALUES (114, 48, 8);
INSERT INTO `tasks_requests` (`id`, `tsk_id`, `skill_id`) VALUES (115, 44, 3);
INSERT INTO `tasks_requests` (`id`, `tsk_id`, `skill_id`) VALUES (118, 49, 18);
INSERT INTO `tasks_requests` (`id`, `tsk_id`, `skill_id`) VALUES (119, 35, 7);
INSERT INTO `tasks_requests` (`id`, `tsk_id`, `skill_id`) VALUES (126, 36, 12);
INSERT INTO `tasks_requests` (`id`, `tsk_id`, `skill_id`) VALUES (132, 40, 14);
INSERT INTO `tasks_requests` (`id`, `tsk_id`, `skill_id`) VALUES (133, 31, 15);
INSERT INTO `tasks_requests` (`id`, `tsk_id`, `skill_id`) VALUES (139, 49, 14);
INSERT INTO `tasks_requests` (`id`, `tsk_id`, `skill_id`) VALUES (140, 33, 3);
INSERT INTO `tasks_requests` (`id`, `tsk_id`, `skill_id`) VALUES (142, 36, 14);
INSERT INTO `tasks_requests` (`id`, `tsk_id`, `skill_id`) VALUES (143, 44, 3);
INSERT INTO `tasks_requests` (`id`, `tsk_id`, `skill_id`) VALUES (146, 32, 20);
INSERT INTO `tasks_requests` (`id`, `tsk_id`, `skill_id`) VALUES (148, 32, 18);
INSERT INTO `tasks_requests` (`id`, `tsk_id`, `skill_id`) VALUES (153, 34, 4);
INSERT INTO `tasks_requests` (`id`, `tsk_id`, `skill_id`) VALUES (154, 43, 13);
INSERT INTO `tasks_requests` (`id`, `tsk_id`, `skill_id`) VALUES (155, 41, 10);
INSERT INTO `tasks_requests` (`id`, `tsk_id`, `skill_id`) VALUES (156, 38, 4);
INSERT INTO `tasks_requests` (`id`, `tsk_id`, `skill_id`) VALUES (157, 44, 10);
INSERT INTO `tasks_requests` (`id`, `tsk_id`, `skill_id`) VALUES (158, 43, 15);
INSERT INTO `tasks_requests` (`id`, `tsk_id`, `skill_id`) VALUES (161, 41, 14);
INSERT INTO `tasks_requests` (`id`, `tsk_id`, `skill_id`) VALUES (164, 47, 5);
INSERT INTO `tasks_requests` (`id`, `tsk_id`, `skill_id`) VALUES (165, 44, 2);
INSERT INTO `tasks_requests` (`id`, `tsk_id`, `skill_id`) VALUES (168, 31, 20);
INSERT INTO `tasks_requests` (`id`, `tsk_id`, `skill_id`) VALUES (170, 32, 1);
INSERT INTO `tasks_requests` (`id`, `tsk_id`, `skill_id`) VALUES (171, 48, 8);
INSERT INTO `tasks_requests` (`id`, `tsk_id`, `skill_id`) VALUES (173, 43, 1);
INSERT INTO `tasks_requests` (`id`, `tsk_id`, `skill_id`) VALUES (190, 42, 18);
INSERT INTO `tasks_requests` (`id`, `tsk_id`, `skill_id`) VALUES (193, 45, 5);
INSERT INTO `tasks_requests` (`id`, `tsk_id`, `skill_id`) VALUES (194, 46, 3);
INSERT INTO `tasks_requests` (`id`, `tsk_id`, `skill_id`) VALUES (200, 49, 13);


#
# TABLE STRUCTURE FOR: teams
#

DROP TABLE IF EXISTS `teams`;

CREATE TABLE `teams` (
  `id` int(10) NOT NULL,
  `prjct_id` int(10) NOT NULL,
  PRIMARY KEY (`id`),
  KEY `teams_project_fk` (`prjct_id`),
  CONSTRAINT `teams_project_fk` FOREIGN KEY (`prjct_id`) REFERENCES `projects` (`id`) ON DELETE CASCADE  
) ENGINE=InnoDB AUTO_INCREMENT=201 DEFAULT CHARSET=utf8 COLLATE=utf8_unicode_ci;

INSERT INTO `teams` (`id`, `prjct_id`) VALUES (1, 6);
INSERT INTO `teams` (`id`, `prjct_id`) VALUES (2, 6);
INSERT INTO `teams` (`id`, `prjct_id`) VALUES (3, 1);
INSERT INTO `teams` (`id`, `prjct_id`) VALUES (4, 5);
INSERT INTO `teams` (`id`, `prjct_id`) VALUES (5, 5);
INSERT INTO `teams` (`id`, `prjct_id`) VALUES (6, 7);
INSERT INTO `teams` (`id`, `prjct_id`) VALUES (7, 9);
INSERT INTO `teams` (`id`, `prjct_id`) VALUES (8, 9);


#
# TABLE STRUCTURE FOR: users
#

DROP TABLE IF EXISTS `users`;

CREATE TABLE `users` (
  `id` int(11) NOT NULL AUTO_INCREMENT,
  `FirstName` varchar(20) COLLATE utf8_unicode_ci NOT NULL,
  `LastName` varchar(20) COLLATE utf8_unicode_ci NOT NULL,
  `Phone` varchar(20) COLLATE utf8_unicode_ci NOT NULL,
  PRIMARY KEY (`id`),
  UNIQUE KEY `Phone` (`Phone`)
) ENGINE=InnoDB AUTO_INCREMENT=401 DEFAULT CHARSET=utf8 COLLATE=utf8_unicode_ci;

INSERT INTO `users` (`id`, `FirstName`, `LastName`, `Phone`) VALUES (1, 'Ladarius', 'Romaguera', '(079)985-4692');
INSERT INTO `users` (`id`, `FirstName`, `LastName`, `Phone`) VALUES (2, 'Lydia', 'DuBuque', '1-936-465-3488');
INSERT INTO `users` (`id`, `FirstName`, `LastName`, `Phone`) VALUES (3, 'Josiane', 'Ebert', '353.903.0540');
INSERT INTO `users` (`id`, `FirstName`, `LastName`, `Phone`) VALUES (4, 'Holly', 'Robel', '129.367.8997');
INSERT INTO `users` (`id`, `FirstName`, `LastName`, `Phone`) VALUES (5, 'Candida', 'Price', '(658)922-8102x439');
INSERT INTO `users` (`id`, `FirstName`, `LastName`, `Phone`) VALUES (6, 'Tess', 'Franecki', '788-967-9616');
INSERT INTO `users` (`id`, `FirstName`, `LastName`, `Phone`) VALUES (7, 'Cole', 'Nader', '196-993-2740');
INSERT INTO `users` (`id`, `FirstName`, `LastName`, `Phone`) VALUES (8, 'Zane', 'Bednar', '02831347208');
INSERT INTO `users` (`id`, `FirstName`, `LastName`, `Phone`) VALUES (9, 'Jacynthe', 'Legros', '(480)645-5938x35715');
INSERT INTO `users` (`id`, `FirstName`, `LastName`, `Phone`) VALUES (10, 'Roxane', 'Pfeffer', '626-113-8275');
INSERT INTO `users` (`id`, `FirstName`, `LastName`, `Phone`) VALUES (11, 'Isaiah', 'Tromp', '(873)721-9493x973');
INSERT INTO `users` (`id`, `FirstName`, `LastName`, `Phone`) VALUES (12, 'Emmitt', 'Wolf', '00879718187');
INSERT INTO `users` (`id`, `FirstName`, `LastName`, `Phone`) VALUES (13, 'Chase', 'Hansen', '463-054-4718');
INSERT INTO `users` (`id`, `FirstName`, `LastName`, `Phone`) VALUES (14, 'David', 'Cole', '1-021-491-8085x14743');
INSERT INTO `users` (`id`, `FirstName`, `LastName`, `Phone`) VALUES (15, 'Ole', 'Okuneva', '1-913-922-5333');
INSERT INTO `users` (`id`, `FirstName`, `LastName`, `Phone`) VALUES (16, 'Levi', 'D\'Amore', '1-958-426-9124');
INSERT INTO `users` (`id`, `FirstName`, `LastName`, `Phone`) VALUES (17, 'Eileen', 'Marquardt', '1-987-427-3885x79682');
INSERT INTO `users` (`id`, `FirstName`, `LastName`, `Phone`) VALUES (18, 'Evalyn', 'Kub', '1-506-464-8366x930');
INSERT INTO `users` (`id`, `FirstName`, `LastName`, `Phone`) VALUES (19, 'Freddie', 'Ferry', '1-670-049-6649x389');
INSERT INTO `users` (`id`, `FirstName`, `LastName`, `Phone`) VALUES (20, 'Kennith', 'Kihn', '736-448-5727x3908');
INSERT INTO `users` (`id`, `FirstName`, `LastName`, `Phone`) VALUES (21, 'Kristy', 'Oberbrunner', '1-495-469-1395x568');
INSERT INTO `users` (`id`, `FirstName`, `LastName`, `Phone`) VALUES (22, 'Pete', 'Walker', '(859)461-0422');
INSERT INTO `users` (`id`, `FirstName`, `LastName`, `Phone`) VALUES (23, 'Virginia', 'Rutherford', '+17(5)3099042013');
INSERT INTO `users` (`id`, `FirstName`, `LastName`, `Phone`) VALUES (24, 'Kaley', 'Morar', '163-108-2786x09845');
INSERT INTO `users` (`id`, `FirstName`, `LastName`, `Phone`) VALUES (25, 'Shawna', 'Wilkinson', '+12(0)2940268457');
INSERT INTO `users` (`id`, `FirstName`, `LastName`, `Phone`) VALUES (26, 'Laurianne', 'Mraz', '1-953-348-4139');
INSERT INTO `users` (`id`, `FirstName`, `LastName`, `Phone`) VALUES (27, 'Alayna', 'Leffler', '1-422-465-5994');
INSERT INTO `users` (`id`, `FirstName`, `LastName`, `Phone`) VALUES (28, 'Damion', 'Eichmann', '(109)202-8855x298');
INSERT INTO `users` (`id`, `FirstName`, `LastName`, `Phone`) VALUES (29, 'Ursula', 'Herzog', '1-796-060-3426');
INSERT INTO `users` (`id`, `FirstName`, `LastName`, `Phone`) VALUES (30, 'Rosalee', 'Fadel', '(935)484-8959x644');
INSERT INTO `users` (`id`, `FirstName`, `LastName`, `Phone`) VALUES (31, 'Lilla', 'Kihn', '+09(0)8105688111');
INSERT INTO `users` (`id`, `FirstName`, `LastName`, `Phone`) VALUES (32, 'Urban', 'Kovacek', '+38(0)7359166172');
INSERT INTO `users` (`id`, `FirstName`, `LastName`, `Phone`) VALUES (33, 'Raleigh', 'Gutkowski', '810.751.8342');
INSERT INTO `users` (`id`, `FirstName`, `LastName`, `Phone`) VALUES (34, 'Emil', 'Macejkovic', '07540696825');
INSERT INTO `users` (`id`, `FirstName`, `LastName`, `Phone`) VALUES (35, 'Leone', 'Senger', '834.876.4032');
INSERT INTO `users` (`id`, `FirstName`, `LastName`, `Phone`) VALUES (36, 'Glenda', 'White', '(364)730-6638x073');
INSERT INTO `users` (`id`, `FirstName`, `LastName`, `Phone`) VALUES (37, 'Camren', 'Hirthe', '07286283134');
INSERT INTO `users` (`id`, `FirstName`, `LastName`, `Phone`) VALUES (38, 'Shanie', 'Hills', '539.861.3500x728');
INSERT INTO `users` (`id`, `FirstName`, `LastName`, `Phone`) VALUES (39, 'Kylie', 'Mayer', '460-863-4326');
INSERT INTO `users` (`id`, `FirstName`, `LastName`, `Phone`) VALUES (40, 'Lew', 'Hickle', '(247)240-3770x53947');
INSERT INTO `users` (`id`, `FirstName`, `LastName`, `Phone`) VALUES (41, 'Malachi', 'Aufderhar', '00526025771');
INSERT INTO `users` (`id`, `FirstName`, `LastName`, `Phone`) VALUES (42, 'Lura', 'Jerde', '(786)861-6009x6583');
INSERT INTO `users` (`id`, `FirstName`, `LastName`, `Phone`) VALUES (43, 'Marilie', 'Dach', '980.531.1624x8761');
INSERT INTO `users` (`id`, `FirstName`, `LastName`, `Phone`) VALUES (44, 'Horacio', 'Runolfsdottir', '(723)479-1796');
INSERT INTO `users` (`id`, `FirstName`, `LastName`, `Phone`) VALUES (45, 'Stan', 'Smitham', '473-913-7006x1552');
INSERT INTO `users` (`id`, `FirstName`, `LastName`, `Phone`) VALUES (46, 'Jadyn', 'Green', '1-968-410-5630x05495');
INSERT INTO `users` (`id`, `FirstName`, `LastName`, `Phone`) VALUES (47, 'Dane', 'Trantow', '955.835.6158');
INSERT INTO `users` (`id`, `FirstName`, `LastName`, `Phone`) VALUES (48, 'Aaron', 'Stehr', '547.002.0331x146');
INSERT INTO `users` (`id`, `FirstName`, `LastName`, `Phone`) VALUES (49, 'Emmalee', 'Lehner', '486.495.2015');
INSERT INTO `users` (`id`, `FirstName`, `LastName`, `Phone`) VALUES (50, 'Ladarius', 'McLaughlin', '(241)130-6143x1489');
INSERT INTO `users` (`id`, `FirstName`, `LastName`, `Phone`) VALUES (51, 'Alba', 'Kuhic', '(608)914-0217x59441');
INSERT INTO `users` (`id`, `FirstName`, `LastName`, `Phone`) VALUES (52, 'Alva', 'Kulas', '260-251-3883x20879');
INSERT INTO `users` (`id`, `FirstName`, `LastName`, `Phone`) VALUES (53, 'Mason', 'McCullough', '871.964.7173x75644');
INSERT INTO `users` (`id`, `FirstName`, `LastName`, `Phone`) VALUES (54, 'Gerald', 'Gusikowski', '1-382-564-3048');
INSERT INTO `users` (`id`, `FirstName`, `LastName`, `Phone`) VALUES (55, 'Estel', 'Beier', '02963107889');
INSERT INTO `users` (`id`, `FirstName`, `LastName`, `Phone`) VALUES (56, 'Gay', 'Durgan', '561.917.1893x2652');
INSERT INTO `users` (`id`, `FirstName`, `LastName`, `Phone`) VALUES (57, 'Pearlie', 'Jenkins', '921.233.8583');
INSERT INTO `users` (`id`, `FirstName`, `LastName`, `Phone`) VALUES (58, 'Earl', 'Kihn', '(322)910-0656x444');
INSERT INTO `users` (`id`, `FirstName`, `LastName`, `Phone`) VALUES (59, 'Demond', 'Ullrich', '484-736-4860x7802');
INSERT INTO `users` (`id`, `FirstName`, `LastName`, `Phone`) VALUES (60, 'Domenick', 'Ortiz', '887.177.7201');
INSERT INTO `users` (`id`, `FirstName`, `LastName`, `Phone`) VALUES (61, 'Lorenza', 'Hoeger', '(406)188-0355');
INSERT INTO `users` (`id`, `FirstName`, `LastName`, `Phone`) VALUES (62, 'Rupert', 'Hackett', '+66(3)4723357044');
INSERT INTO `users` (`id`, `FirstName`, `LastName`, `Phone`) VALUES (63, 'Harmony', 'Schroeder', '05471064015');
INSERT INTO `users` (`id`, `FirstName`, `LastName`, `Phone`) VALUES (64, 'Tyrique', 'Gulgowski', '671.279.8946');
INSERT INTO `users` (`id`, `FirstName`, `LastName`, `Phone`) VALUES (65, 'Nikolas', 'Streich', '1-474-346-5120');
INSERT INTO `users` (`id`, `FirstName`, `LastName`, `Phone`) VALUES (66, 'Mariah', 'Rosenbaum', '1-540-479-1265x2240');
INSERT INTO `users` (`id`, `FirstName`, `LastName`, `Phone`) VALUES (67, 'Lucinda', 'Balistreri', '(957)367-2075x25950');
INSERT INTO `users` (`id`, `FirstName`, `LastName`, `Phone`) VALUES (68, 'Justina', 'Deckow', '(229)973-7471x05839');
INSERT INTO `users` (`id`, `FirstName`, `LastName`, `Phone`) VALUES (69, 'Hanna', 'Dooley', '042-275-4302');
INSERT INTO `users` (`id`, `FirstName`, `LastName`, `Phone`) VALUES (70, 'Kailee', 'Schroeder', '1-822-843-6124x752');
INSERT INTO `users` (`id`, `FirstName`, `LastName`, `Phone`) VALUES (71, 'Rosalinda', 'Kerluke', '1-062-461-5335');
INSERT INTO `users` (`id`, `FirstName`, `LastName`, `Phone`) VALUES (72, 'Edmond', 'Bins', '355-568-8059x64833');
INSERT INTO `users` (`id`, `FirstName`, `LastName`, `Phone`) VALUES (73, 'Morgan', 'Lowe', '07856936226');
INSERT INTO `users` (`id`, `FirstName`, `LastName`, `Phone`) VALUES (74, 'Buddy', 'Moore', '(671)202-6116');
INSERT INTO `users` (`id`, `FirstName`, `LastName`, `Phone`) VALUES (75, 'Toni', 'Kautzer', '300.156.9823x57134');
INSERT INTO `users` (`id`, `FirstName`, `LastName`, `Phone`) VALUES (76, 'Jamey', 'Braun', '1-726-009-3596');
INSERT INTO `users` (`id`, `FirstName`, `LastName`, `Phone`) VALUES (77, 'Mellie', 'Nader', '353.282.7915');
INSERT INTO `users` (`id`, `FirstName`, `LastName`, `Phone`) VALUES (78, 'Abigayle', 'Lehner', '798.845.4843x8439');
INSERT INTO `users` (`id`, `FirstName`, `LastName`, `Phone`) VALUES (79, 'Graham', 'Stehr', '+38(4)6047210675');
INSERT INTO `users` (`id`, `FirstName`, `LastName`, `Phone`) VALUES (80, 'Karen', 'Pfannerstill', '(070)799-3258');
INSERT INTO `users` (`id`, `FirstName`, `LastName`, `Phone`) VALUES (81, 'Marina', 'Carroll', '1-334-370-7348x98999');
INSERT INTO `users` (`id`, `FirstName`, `LastName`, `Phone`) VALUES (82, 'Bernadette', 'Lind', '237.435.2410x69640');
INSERT INTO `users` (`id`, `FirstName`, `LastName`, `Phone`) VALUES (83, 'Nico', 'Breitenberg', '1-376-385-9996x31022');
INSERT INTO `users` (`id`, `FirstName`, `LastName`, `Phone`) VALUES (84, 'Amina', 'Predovic', '136.842.2565x378');
INSERT INTO `users` (`id`, `FirstName`, `LastName`, `Phone`) VALUES (85, 'Tanya', 'Wintheiser', '233-090-8155x61575');
INSERT INTO `users` (`id`, `FirstName`, `LastName`, `Phone`) VALUES (86, 'Julie', 'McLaughlin', '1-195-302-1371');
INSERT INTO `users` (`id`, `FirstName`, `LastName`, `Phone`) VALUES (87, 'Lavonne', 'Simonis', '463-508-0401x1152');
INSERT INTO `users` (`id`, `FirstName`, `LastName`, `Phone`) VALUES (88, 'Ansel', 'Daniel', '(512)838-9241x31586');
INSERT INTO `users` (`id`, `FirstName`, `LastName`, `Phone`) VALUES (89, 'Verna', 'Adams', '199.539.7418x471');
INSERT INTO `users` (`id`, `FirstName`, `LastName`, `Phone`) VALUES (90, 'Abe', 'Hayes', '(809)780-4266');
INSERT INTO `users` (`id`, `FirstName`, `LastName`, `Phone`) VALUES (91, 'Lorenz', 'Koss', '968.538.4788');
INSERT INTO `users` (`id`, `FirstName`, `LastName`, `Phone`) VALUES (92, 'Edward', 'Ernser', '1-640-310-4133x7231');
INSERT INTO `users` (`id`, `FirstName`, `LastName`, `Phone`) VALUES (93, 'Laila', 'Lang', '1-555-009-4789');
INSERT INTO `users` (`id`, `FirstName`, `LastName`, `Phone`) VALUES (94, 'Jamar', 'DuBuque', '618-424-4485x16308');
INSERT INTO `users` (`id`, `FirstName`, `LastName`, `Phone`) VALUES (95, 'Trystan', 'Crist', '(804)863-5492x257');
INSERT INTO `users` (`id`, `FirstName`, `LastName`, `Phone`) VALUES (96, 'Andrew', 'Mitchell', '1-438-670-7216');
INSERT INTO `users` (`id`, `FirstName`, `LastName`, `Phone`) VALUES (97, 'Meredith', 'Stark', '1-569-180-9665x113');
INSERT INTO `users` (`id`, `FirstName`, `LastName`, `Phone`) VALUES (98, 'Gay', 'Schmitt', '(831)162-7108');
INSERT INTO `users` (`id`, `FirstName`, `LastName`, `Phone`) VALUES (99, 'Theron', 'Wisozk', '1-363-499-3314x8907');
INSERT INTO `users` (`id`, `FirstName`, `LastName`, `Phone`) VALUES (100, 'Zetta', 'Zboncak', '(117)167-0910x257');
INSERT INTO `users` (`id`, `FirstName`, `LastName`, `Phone`) VALUES (101, 'Adonis', 'Feil', '+29(4)4303206707');
INSERT INTO `users` (`id`, `FirstName`, `LastName`, `Phone`) VALUES (102, 'Edna', 'Hirthe', '03367115883');
INSERT INTO `users` (`id`, `FirstName`, `LastName`, `Phone`) VALUES (103, 'Petra', 'Stoltenberg', '978-182-2575x50687');
INSERT INTO `users` (`id`, `FirstName`, `LastName`, `Phone`) VALUES (104, 'Reed', 'Hintz', '(898)557-6489x79067');
INSERT INTO `users` (`id`, `FirstName`, `LastName`, `Phone`) VALUES (105, 'Laury', 'Kuhn', '(581)943-3393');
INSERT INTO `users` (`id`, `FirstName`, `LastName`, `Phone`) VALUES (106, 'Lila', 'McGlynn', '247-344-7333x63957');
INSERT INTO `users` (`id`, `FirstName`, `LastName`, `Phone`) VALUES (107, 'Willis', 'Dickinson', '(057)476-3312x51987');
INSERT INTO `users` (`id`, `FirstName`, `LastName`, `Phone`) VALUES (108, 'Roscoe', 'Cartwright', '1-940-622-1210x5804');
INSERT INTO `users` (`id`, `FirstName`, `LastName`, `Phone`) VALUES (109, 'Darrel', 'Ward', '+11(9)7394397393');
INSERT INTO `users` (`id`, `FirstName`, `LastName`, `Phone`) VALUES (110, 'Vicente', 'Veum', '+12(9)4048246131');
INSERT INTO `users` (`id`, `FirstName`, `LastName`, `Phone`) VALUES (111, 'Elyse', 'Roob', '1-709-267-2778x2329');
INSERT INTO `users` (`id`, `FirstName`, `LastName`, `Phone`) VALUES (112, 'Dayna', 'Bashirian', '(617)170-5937x1387');
INSERT INTO `users` (`id`, `FirstName`, `LastName`, `Phone`) VALUES (113, 'Bell', 'Barrows', '00071750693');
INSERT INTO `users` (`id`, `FirstName`, `LastName`, `Phone`) VALUES (114, 'Lea', 'Goyette', '05386844283');
INSERT INTO `users` (`id`, `FirstName`, `LastName`, `Phone`) VALUES (115, 'Norberto', 'Bruen', '725.926.0222x34241');
INSERT INTO `users` (`id`, `FirstName`, `LastName`, `Phone`) VALUES (116, 'Demond', 'Howe', '(000)546-8288x617');
INSERT INTO `users` (`id`, `FirstName`, `LastName`, `Phone`) VALUES (117, 'Webster', 'Lueilwitz', '1-452-212-2166x37060');
INSERT INTO `users` (`id`, `FirstName`, `LastName`, `Phone`) VALUES (118, 'Malcolm', 'Jaskolski', '215-994-0009');
INSERT INTO `users` (`id`, `FirstName`, `LastName`, `Phone`) VALUES (119, 'Fausto', 'Towne', '532-405-6754');
INSERT INTO `users` (`id`, `FirstName`, `LastName`, `Phone`) VALUES (120, 'Wilber', 'Sauer', '1-583-938-7316');
INSERT INTO `users` (`id`, `FirstName`, `LastName`, `Phone`) VALUES (121, 'Madaline', 'Abernathy', '03644986035');
INSERT INTO `users` (`id`, `FirstName`, `LastName`, `Phone`) VALUES (122, 'Terry', 'Boyle', '(367)391-3959');
INSERT INTO `users` (`id`, `FirstName`, `LastName`, `Phone`) VALUES (123, 'Eldon', 'Russel', '03956169301');
INSERT INTO `users` (`id`, `FirstName`, `LastName`, `Phone`) VALUES (124, 'Jannie', 'Hammes', '04779372076');
INSERT INTO `users` (`id`, `FirstName`, `LastName`, `Phone`) VALUES (125, 'Devante', 'Muller', '904-572-2308x743');
INSERT INTO `users` (`id`, `FirstName`, `LastName`, `Phone`) VALUES (126, 'Bradly', 'Turner', '589-162-6582x7066');
INSERT INTO `users` (`id`, `FirstName`, `LastName`, `Phone`) VALUES (127, 'Brannon', 'Ankunding', '1-302-750-2750');
INSERT INTO `users` (`id`, `FirstName`, `LastName`, `Phone`) VALUES (128, 'Dwight', 'Langworth', '833.286.8789');
INSERT INTO `users` (`id`, `FirstName`, `LastName`, `Phone`) VALUES (129, 'Eloy', 'Will', '398-727-4386x60675');
INSERT INTO `users` (`id`, `FirstName`, `LastName`, `Phone`) VALUES (130, 'Javon', 'Kerluke', '1-445-646-6950x134');
INSERT INTO `users` (`id`, `FirstName`, `LastName`, `Phone`) VALUES (131, 'Destiny', 'Koss', '419-173-7104x00172');
INSERT INTO `users` (`id`, `FirstName`, `LastName`, `Phone`) VALUES (132, 'Janessa', 'Crooks', '142-429-9602');
INSERT INTO `users` (`id`, `FirstName`, `LastName`, `Phone`) VALUES (133, 'Gage', 'Feeney', '1-229-585-7887x09431');
INSERT INTO `users` (`id`, `FirstName`, `LastName`, `Phone`) VALUES (134, 'Felicia', 'Barrows', '(254)438-6859x62227');
INSERT INTO `users` (`id`, `FirstName`, `LastName`, `Phone`) VALUES (135, 'Dallas', 'Harvey', '1-371-901-8086');
INSERT INTO `users` (`id`, `FirstName`, `LastName`, `Phone`) VALUES (136, 'Theron', 'Satterfield', '1-765-589-7769');
INSERT INTO `users` (`id`, `FirstName`, `LastName`, `Phone`) VALUES (137, 'Adonis', 'Brekke', '544.861.2987');
INSERT INTO `users` (`id`, `FirstName`, `LastName`, `Phone`) VALUES (138, 'Thaddeus', 'DuBuque', '439-274-7726x1114');
INSERT INTO `users` (`id`, `FirstName`, `LastName`, `Phone`) VALUES (139, 'Gisselle', 'Ullrich', '854.003.6697');
INSERT INTO `users` (`id`, `FirstName`, `LastName`, `Phone`) VALUES (140, 'Aracely', 'Stokes', '+55(4)5424509882');
INSERT INTO `users` (`id`, `FirstName`, `LastName`, `Phone`) VALUES (141, 'Troy', 'Beer', '(241)348-7870');
INSERT INTO `users` (`id`, `FirstName`, `LastName`, `Phone`) VALUES (142, 'Dale', 'Bergstrom', '723-326-7391');
INSERT INTO `users` (`id`, `FirstName`, `LastName`, `Phone`) VALUES (143, 'Darrion', 'Ullrich', '(668)853-3077x9260');
INSERT INTO `users` (`id`, `FirstName`, `LastName`, `Phone`) VALUES (144, 'Libby', 'Bahringer', '(210)268-4387x99906');
INSERT INTO `users` (`id`, `FirstName`, `LastName`, `Phone`) VALUES (145, 'Alfred', 'Bartell', '1-570-193-2635x3284');
INSERT INTO `users` (`id`, `FirstName`, `LastName`, `Phone`) VALUES (146, 'Hiram', 'Hegmann', '657-567-3516x056');
INSERT INTO `users` (`id`, `FirstName`, `LastName`, `Phone`) VALUES (147, 'Lauren', 'Hintz', '1-395-830-8265');
INSERT INTO `users` (`id`, `FirstName`, `LastName`, `Phone`) VALUES (148, 'Davonte', 'Stiedemann', '248.369.8038x823');
INSERT INTO `users` (`id`, `FirstName`, `LastName`, `Phone`) VALUES (149, 'Neoma', 'Nicolas', '1-698-709-3553x89343');
INSERT INTO `users` (`id`, `FirstName`, `LastName`, `Phone`) VALUES (150, 'Brad', 'McKenzie', '+16(4)1937202506');
INSERT INTO `users` (`id`, `FirstName`, `LastName`, `Phone`) VALUES (151, 'Elwyn', 'Runte', '(095)622-7394');
INSERT INTO `users` (`id`, `FirstName`, `LastName`, `Phone`) VALUES (152, 'Sunny', 'Ullrich', '734-628-4824');
INSERT INTO `users` (`id`, `FirstName`, `LastName`, `Phone`) VALUES (153, 'Wyman', 'Rutherford', '1-212-964-8774x217');
INSERT INTO `users` (`id`, `FirstName`, `LastName`, `Phone`) VALUES (154, 'Demarcus', 'Hahn', '022-558-0698x0596');
INSERT INTO `users` (`id`, `FirstName`, `LastName`, `Phone`) VALUES (155, 'Hadley', 'Gulgowski', '(597)635-7191x941');
INSERT INTO `users` (`id`, `FirstName`, `LastName`, `Phone`) VALUES (156, 'Elias', 'Bartell', '1-801-866-1892x66893');
INSERT INTO `users` (`id`, `FirstName`, `LastName`, `Phone`) VALUES (157, 'Tyrell', 'Rippin', '1-603-992-5127');
INSERT INTO `users` (`id`, `FirstName`, `LastName`, `Phone`) VALUES (158, 'Talia', 'Dietrich', '448-643-7870x88547');
INSERT INTO `users` (`id`, `FirstName`, `LastName`, `Phone`) VALUES (159, 'Ethel', 'Feest', '(966)244-5642x12638');
INSERT INTO `users` (`id`, `FirstName`, `LastName`, `Phone`) VALUES (160, 'Aaron', 'Hermann', '1-018-001-0402x1973');
INSERT INTO `users` (`id`, `FirstName`, `LastName`, `Phone`) VALUES (161, 'Marcella', 'Ortiz', '(640)678-4610');
INSERT INTO `users` (`id`, `FirstName`, `LastName`, `Phone`) VALUES (162, 'Andrew', 'Wuckert', '(740)988-6630x03041');
INSERT INTO `users` (`id`, `FirstName`, `LastName`, `Phone`) VALUES (163, 'Torrey', 'Gislason', '(726)063-0885x80579');
INSERT INTO `users` (`id`, `FirstName`, `LastName`, `Phone`) VALUES (164, 'Kristian', 'Langworth', '923.663.1967x000');
INSERT INTO `users` (`id`, `FirstName`, `LastName`, `Phone`) VALUES (165, 'Davonte', 'Okuneva', '(861)527-0552x3444');
INSERT INTO `users` (`id`, `FirstName`, `LastName`, `Phone`) VALUES (166, 'Domenica', 'Yost', '1-114-502-1989x83125');
INSERT INTO `users` (`id`, `FirstName`, `LastName`, `Phone`) VALUES (167, 'Alexandrine', 'Moen', '781-294-4054x028');
INSERT INTO `users` (`id`, `FirstName`, `LastName`, `Phone`) VALUES (168, 'Palma', 'Bins', '105.849.2225x2799');
INSERT INTO `users` (`id`, `FirstName`, `LastName`, `Phone`) VALUES (169, 'Kacey', 'Corwin', '695-976-4836');
INSERT INTO `users` (`id`, `FirstName`, `LastName`, `Phone`) VALUES (170, 'Amira', 'Beer', '1-994-979-3126x5479');
INSERT INTO `users` (`id`, `FirstName`, `LastName`, `Phone`) VALUES (171, 'Hermann', 'Boehm', '801.328.9680');
INSERT INTO `users` (`id`, `FirstName`, `LastName`, `Phone`) VALUES (172, 'Madalyn', 'Howe', '416-460-0410x5641');
INSERT INTO `users` (`id`, `FirstName`, `LastName`, `Phone`) VALUES (173, 'Matt', 'Gulgowski', '283.777.4467');
INSERT INTO `users` (`id`, `FirstName`, `LastName`, `Phone`) VALUES (174, 'Eli', 'Boyle', '952-993-8892');
INSERT INTO `users` (`id`, `FirstName`, `LastName`, `Phone`) VALUES (175, 'Koby', 'Kuhlman', '667-487-4706x2055');
INSERT INTO `users` (`id`, `FirstName`, `LastName`, `Phone`) VALUES (176, 'Tevin', 'Bartell', '642-646-2558');
INSERT INTO `users` (`id`, `FirstName`, `LastName`, `Phone`) VALUES (177, 'Anabel', 'Macejkovic', '207.792.2272x842');
INSERT INTO `users` (`id`, `FirstName`, `LastName`, `Phone`) VALUES (178, 'Jacynthe', 'Herzog', '1-377-064-2094');
INSERT INTO `users` (`id`, `FirstName`, `LastName`, `Phone`) VALUES (179, 'Arnaldo', 'Jerde', '737.296.5243');
INSERT INTO `users` (`id`, `FirstName`, `LastName`, `Phone`) VALUES (180, 'Destiney', 'Johnson', '+97(8)4459569081');
INSERT INTO `users` (`id`, `FirstName`, `LastName`, `Phone`) VALUES (181, 'Hazle', 'Rath', '233.308.3091x01898');
INSERT INTO `users` (`id`, `FirstName`, `LastName`, `Phone`) VALUES (182, 'William', 'Balistreri', '02412542507');
INSERT INTO `users` (`id`, `FirstName`, `LastName`, `Phone`) VALUES (183, 'Marlen', 'Little', '659.054.2290x38314');
INSERT INTO `users` (`id`, `FirstName`, `LastName`, `Phone`) VALUES (184, 'Graciela', 'Tremblay', '09226687172');
INSERT INTO `users` (`id`, `FirstName`, `LastName`, `Phone`) VALUES (185, 'Georgiana', 'Kozey', '740.603.0427x457');
INSERT INTO `users` (`id`, `FirstName`, `LastName`, `Phone`) VALUES (186, 'Claire', 'Stokes', '733.145.4080x50677');
INSERT INTO `users` (`id`, `FirstName`, `LastName`, `Phone`) VALUES (187, 'Lessie', 'Wisozk', '06612551053');
INSERT INTO `users` (`id`, `FirstName`, `LastName`, `Phone`) VALUES (188, 'Kacie', 'Parisian', '314.609.0176x22020');
INSERT INTO `users` (`id`, `FirstName`, `LastName`, `Phone`) VALUES (189, 'Angie', 'Rutherford', '269.273.3861');
INSERT INTO `users` (`id`, `FirstName`, `LastName`, `Phone`) VALUES (190, 'Johnny', 'Krajcik', '1-887-941-1040x6988');
INSERT INTO `users` (`id`, `FirstName`, `LastName`, `Phone`) VALUES (191, 'Myles', 'Gaylord', '898.817.1213');
INSERT INTO `users` (`id`, `FirstName`, `LastName`, `Phone`) VALUES (192, 'Clara', 'Huels', '(524)932-6742x810');
INSERT INTO `users` (`id`, `FirstName`, `LastName`, `Phone`) VALUES (193, 'Anne', 'O\'Conner', '123-148-5997x695');
INSERT INTO `users` (`id`, `FirstName`, `LastName`, `Phone`) VALUES (194, 'Lyric', 'Schiller', '1-844-984-3424');
INSERT INTO `users` (`id`, `FirstName`, `LastName`, `Phone`) VALUES (195, 'Virginia', 'Schamberger', '1-439-314-4908');
INSERT INTO `users` (`id`, `FirstName`, `LastName`, `Phone`) VALUES (196, 'Abagail', 'Dibbert', '(565)580-8388');
INSERT INTO `users` (`id`, `FirstName`, `LastName`, `Phone`) VALUES (197, 'Desiree', 'Kling', '795-396-5120');
INSERT INTO `users` (`id`, `FirstName`, `LastName`, `Phone`) VALUES (198, 'Lisa', 'Runolfsdottir', '+65(0)1921971508');
INSERT INTO `users` (`id`, `FirstName`, `LastName`, `Phone`) VALUES (199, 'Beau', 'Cole', '(284)354-7568');
INSERT INTO `users` (`id`, `FirstName`, `LastName`, `Phone`) VALUES (200, 'Louvenia', 'Vandervort', '+94(8)6791167191');
INSERT INTO `users` (`id`, `FirstName`, `LastName`, `Phone`) VALUES (201, 'Valentin', 'Weissnat', '(474)264-4759x65705');
INSERT INTO `users` (`id`, `FirstName`, `LastName`, `Phone`) VALUES (202, 'Reed', 'Koch', '317-521-8883x70608');
INSERT INTO `users` (`id`, `FirstName`, `LastName`, `Phone`) VALUES (203, 'Jannie', 'Kulas', '1-880-065-0635');
INSERT INTO `users` (`id`, `FirstName`, `LastName`, `Phone`) VALUES (204, 'Charlene', 'Towne', '+20(2)2322046721');
INSERT INTO `users` (`id`, `FirstName`, `LastName`, `Phone`) VALUES (205, 'Cortney', 'Kshlerin', '162.048.5993');
INSERT INTO `users` (`id`, `FirstName`, `LastName`, `Phone`) VALUES (206, 'Erick', 'Johnston', '(998)811-1992');
INSERT INTO `users` (`id`, `FirstName`, `LastName`, `Phone`) VALUES (207, 'Albin', 'Carroll', '+32(7)4849224133');
INSERT INTO `users` (`id`, `FirstName`, `LastName`, `Phone`) VALUES (208, 'Sydnie', 'Bosco', '851.500.0530x479');
INSERT INTO `users` (`id`, `FirstName`, `LastName`, `Phone`) VALUES (209, 'Francesca', 'Spencer', '04144942020');
INSERT INTO `users` (`id`, `FirstName`, `LastName`, `Phone`) VALUES (210, 'Alyson', 'Bergstrom', '09518981498');
INSERT INTO `users` (`id`, `FirstName`, `LastName`, `Phone`) VALUES (211, 'Kenya', 'Friesen', '485.923.4710');
INSERT INTO `users` (`id`, `FirstName`, `LastName`, `Phone`) VALUES (212, 'Jada', 'Gerlach', '884.966.0435x925');
INSERT INTO `users` (`id`, `FirstName`, `LastName`, `Phone`) VALUES (213, 'Patsy', 'Parisian', '760-810-6411x33060');
INSERT INTO `users` (`id`, `FirstName`, `LastName`, `Phone`) VALUES (214, 'Kara', 'Hudson', '882-897-0078x519');
INSERT INTO `users` (`id`, `FirstName`, `LastName`, `Phone`) VALUES (215, 'Ashly', 'Bahringer', '1-309-325-2892x066');
INSERT INTO `users` (`id`, `FirstName`, `LastName`, `Phone`) VALUES (216, 'Justine', 'Monahan', '+46(3)2600254230');
INSERT INTO `users` (`id`, `FirstName`, `LastName`, `Phone`) VALUES (217, 'Karolann', 'Schaden', '04371603415');
INSERT INTO `users` (`id`, `FirstName`, `LastName`, `Phone`) VALUES (218, 'Michael', 'Tremblay', '367-582-1656x87465');
INSERT INTO `users` (`id`, `FirstName`, `LastName`, `Phone`) VALUES (219, 'Agustin', 'King', '(163)632-4567');
INSERT INTO `users` (`id`, `FirstName`, `LastName`, `Phone`) VALUES (220, 'Kurtis', 'Quitzon', '(884)628-7086x24062');
INSERT INTO `users` (`id`, `FirstName`, `LastName`, `Phone`) VALUES (221, 'Dejuan', 'Durgan', '(771)280-2595x959');
INSERT INTO `users` (`id`, `FirstName`, `LastName`, `Phone`) VALUES (222, 'Elliott', 'Huels', '403.884.0965x1611');
INSERT INTO `users` (`id`, `FirstName`, `LastName`, `Phone`) VALUES (223, 'Rahsaan', 'Predovic', '931-120-7060x08028');
INSERT INTO `users` (`id`, `FirstName`, `LastName`, `Phone`) VALUES (224, 'Shaina', 'Funk', '640-951-1822x26388');
INSERT INTO `users` (`id`, `FirstName`, `LastName`, `Phone`) VALUES (225, 'Kendall', 'Bechtelar', '(158)200-3270x0836');
INSERT INTO `users` (`id`, `FirstName`, `LastName`, `Phone`) VALUES (226, 'Thora', 'Heaney', '041.721.9363x411');
INSERT INTO `users` (`id`, `FirstName`, `LastName`, `Phone`) VALUES (227, 'Bernhard', 'Beahan', '667-068-8910');
INSERT INTO `users` (`id`, `FirstName`, `LastName`, `Phone`) VALUES (228, 'Tre', 'Gibson', '(358)509-2160');
INSERT INTO `users` (`id`, `FirstName`, `LastName`, `Phone`) VALUES (229, 'Evie', 'Thiel', '928.835.9546');
INSERT INTO `users` (`id`, `FirstName`, `LastName`, `Phone`) VALUES (230, 'Vivian', 'Cummerata', '805-668-4082x4360');
INSERT INTO `users` (`id`, `FirstName`, `LastName`, `Phone`) VALUES (231, 'Christina', 'Lynch', '1-297-712-8778');
INSERT INTO `users` (`id`, `FirstName`, `LastName`, `Phone`) VALUES (232, 'Madilyn', 'Welch', '1-965-289-0921');
INSERT INTO `users` (`id`, `FirstName`, `LastName`, `Phone`) VALUES (233, 'Kenton', 'Treutel', '1-557-081-1236x1189');
INSERT INTO `users` (`id`, `FirstName`, `LastName`, `Phone`) VALUES (234, 'Eryn', 'Shields', '787-489-2122');
INSERT INTO `users` (`id`, `FirstName`, `LastName`, `Phone`) VALUES (235, 'Travon', 'Hansen', '1-327-641-0433');
INSERT INTO `users` (`id`, `FirstName`, `LastName`, `Phone`) VALUES (236, 'Adela', 'Hoppe', '1-857-177-5656x821');
INSERT INTO `users` (`id`, `FirstName`, `LastName`, `Phone`) VALUES (237, 'Jewel', 'Orn', '923-762-1113');
INSERT INTO `users` (`id`, `FirstName`, `LastName`, `Phone`) VALUES (238, 'Haskell', 'Kreiger', '1-458-779-8594');
INSERT INTO `users` (`id`, `FirstName`, `LastName`, `Phone`) VALUES (239, 'Art', 'Satterfield', '(349)639-8364');
INSERT INTO `users` (`id`, `FirstName`, `LastName`, `Phone`) VALUES (240, 'Morris', 'Rogahn', '1-516-045-2366');
INSERT INTO `users` (`id`, `FirstName`, `LastName`, `Phone`) VALUES (241, 'Keon', 'Bauch', '758.620.6765x443');
INSERT INTO `users` (`id`, `FirstName`, `LastName`, `Phone`) VALUES (242, 'Lois', 'Bogisich', '+61(0)1570504583');
INSERT INTO `users` (`id`, `FirstName`, `LastName`, `Phone`) VALUES (243, 'Camren', 'Swift', '(029)811-9663x6757');
INSERT INTO `users` (`id`, `FirstName`, `LastName`, `Phone`) VALUES (244, 'Cole', 'Toy', '(088)773-4111');
INSERT INTO `users` (`id`, `FirstName`, `LastName`, `Phone`) VALUES (245, 'Angelina', 'Rippin', '(970)627-5852x689');
INSERT INTO `users` (`id`, `FirstName`, `LastName`, `Phone`) VALUES (246, 'Garrett', 'Ferry', '1-009-361-6618x018');
INSERT INTO `users` (`id`, `FirstName`, `LastName`, `Phone`) VALUES (247, 'Bartholome', 'O\'Connell', '1-442-219-6715x97874');
INSERT INTO `users` (`id`, `FirstName`, `LastName`, `Phone`) VALUES (248, 'Eva', 'Jakubowski', '+30(7)8647993482');
INSERT INTO `users` (`id`, `FirstName`, `LastName`, `Phone`) VALUES (249, 'Annabelle', 'Prosacco', '1-460-346-7858x71935');
INSERT INTO `users` (`id`, `FirstName`, `LastName`, `Phone`) VALUES (250, 'Harmony', 'Koelpin', '(954)775-8850x548');
INSERT INTO `users` (`id`, `FirstName`, `LastName`, `Phone`) VALUES (251, 'Madisen', 'Smith', '(835)308-5859');
INSERT INTO `users` (`id`, `FirstName`, `LastName`, `Phone`) VALUES (252, 'Adrien', 'Farrell', '00080890217');
INSERT INTO `users` (`id`, `FirstName`, `LastName`, `Phone`) VALUES (253, 'Sheila', 'Nitzsche', '1-682-296-7045');
INSERT INTO `users` (`id`, `FirstName`, `LastName`, `Phone`) VALUES (254, 'Willard', 'Heller', '1-671-476-0519');
INSERT INTO `users` (`id`, `FirstName`, `LastName`, `Phone`) VALUES (255, 'Kailee', 'Zulauf', '1-116-415-6835x2837');
INSERT INTO `users` (`id`, `FirstName`, `LastName`, `Phone`) VALUES (256, 'Nolan', 'Roob', '199-541-7713x743');
INSERT INTO `users` (`id`, `FirstName`, `LastName`, `Phone`) VALUES (257, 'Ernie', 'Dare', '1-077-636-5585');
INSERT INTO `users` (`id`, `FirstName`, `LastName`, `Phone`) VALUES (258, 'Aurelia', 'Marquardt', '1-909-725-5622x8340');
INSERT INTO `users` (`id`, `FirstName`, `LastName`, `Phone`) VALUES (259, 'Adaline', 'Murray', '1-064-996-5739');
INSERT INTO `users` (`id`, `FirstName`, `LastName`, `Phone`) VALUES (260, 'Kathleen', 'Mayer', '1-584-277-4363');
INSERT INTO `users` (`id`, `FirstName`, `LastName`, `Phone`) VALUES (261, 'Dortha', 'Klocko', '1-048-617-4801x8586');
INSERT INTO `users` (`id`, `FirstName`, `LastName`, `Phone`) VALUES (262, 'Jadon', 'Kemmer', '108.860.0010x2419');
INSERT INTO `users` (`id`, `FirstName`, `LastName`, `Phone`) VALUES (263, 'Mckayla', 'Towne', '06020359929');
INSERT INTO `users` (`id`, `FirstName`, `LastName`, `Phone`) VALUES (264, 'Wilson', 'Wilderman', '03154865424');
INSERT INTO `users` (`id`, `FirstName`, `LastName`, `Phone`) VALUES (265, 'Noemie', 'Hills', '(929)919-9773x6936');
INSERT INTO `users` (`id`, `FirstName`, `LastName`, `Phone`) VALUES (266, 'Aaliyah', 'Ratke', '(345)493-8859');
INSERT INTO `users` (`id`, `FirstName`, `LastName`, `Phone`) VALUES (267, 'Mallie', 'Prohaska', '390.801.4640x9633');
INSERT INTO `users` (`id`, `FirstName`, `LastName`, `Phone`) VALUES (268, 'Burnice', 'Ankunding', '(447)973-1098');
INSERT INTO `users` (`id`, `FirstName`, `LastName`, `Phone`) VALUES (269, 'Elaina', 'Jaskolski', '(986)369-9398x59355');
INSERT INTO `users` (`id`, `FirstName`, `LastName`, `Phone`) VALUES (270, 'Katrina', 'Lakin', '1-761-513-3570x4898');
INSERT INTO `users` (`id`, `FirstName`, `LastName`, `Phone`) VALUES (271, 'Greg', 'Crona', '491-695-9023x237');
INSERT INTO `users` (`id`, `FirstName`, `LastName`, `Phone`) VALUES (272, 'Clemens', 'Jast', '1-183-827-7422x685');
INSERT INTO `users` (`id`, `FirstName`, `LastName`, `Phone`) VALUES (273, 'Mathilde', 'Hudson', '274.213.4336x63753');
INSERT INTO `users` (`id`, `FirstName`, `LastName`, `Phone`) VALUES (274, 'Garrison', 'Walter', '+70(5)3490107440');
INSERT INTO `users` (`id`, `FirstName`, `LastName`, `Phone`) VALUES (275, 'Federico', 'Hilpert', '02712660896');
INSERT INTO `users` (`id`, `FirstName`, `LastName`, `Phone`) VALUES (276, 'Boris', 'Hessel', '1-487-100-2202');
INSERT INTO `users` (`id`, `FirstName`, `LastName`, `Phone`) VALUES (277, 'Aileen', 'Ondricka', '1-554-738-0018');
INSERT INTO `users` (`id`, `FirstName`, `LastName`, `Phone`) VALUES (278, 'Barton', 'Rau', '(847)490-7219x196');
INSERT INTO `users` (`id`, `FirstName`, `LastName`, `Phone`) VALUES (279, 'Jakayla', 'Tillman', '707-042-5851');
INSERT INTO `users` (`id`, `FirstName`, `LastName`, `Phone`) VALUES (280, 'Vance', 'Herman', '940.156.9409x106');
INSERT INTO `users` (`id`, `FirstName`, `LastName`, `Phone`) VALUES (281, 'Jayda', 'Towne', '00573572846');
INSERT INTO `users` (`id`, `FirstName`, `LastName`, `Phone`) VALUES (282, 'Pat', 'Harber', '602.645.4511');
INSERT INTO `users` (`id`, `FirstName`, `LastName`, `Phone`) VALUES (283, 'Jordi', 'Marvin', '01527695604');
INSERT INTO `users` (`id`, `FirstName`, `LastName`, `Phone`) VALUES (284, 'Darian', 'Towne', '1-111-726-6510');
INSERT INTO `users` (`id`, `FirstName`, `LastName`, `Phone`) VALUES (285, 'Alessandra', 'Prohaska', '01212269468');
INSERT INTO `users` (`id`, `FirstName`, `LastName`, `Phone`) VALUES (286, 'Reyna', 'Beier', '1-091-370-4292');
INSERT INTO `users` (`id`, `FirstName`, `LastName`, `Phone`) VALUES (287, 'April', 'Robel', '+21(9)9198727872');
INSERT INTO `users` (`id`, `FirstName`, `LastName`, `Phone`) VALUES (288, 'Romaine', 'Beier', '665.636.9312x16230');
INSERT INTO `users` (`id`, `FirstName`, `LastName`, `Phone`) VALUES (289, 'Baylee', 'Pfeffer', '1-274-567-0635x153');
INSERT INTO `users` (`id`, `FirstName`, `LastName`, `Phone`) VALUES (290, 'Ewell', 'Price', '1-334-191-0313x2024');
INSERT INTO `users` (`id`, `FirstName`, `LastName`, `Phone`) VALUES (291, 'Danyka', 'Littel', '01211237707');
INSERT INTO `users` (`id`, `FirstName`, `LastName`, `Phone`) VALUES (292, 'Ben', 'Mann', '1-322-971-1588x837');
INSERT INTO `users` (`id`, `FirstName`, `LastName`, `Phone`) VALUES (293, 'Marlin', 'Stehr', '734-490-1845x8985');
INSERT INTO `users` (`id`, `FirstName`, `LastName`, `Phone`) VALUES (294, 'Emmett', 'Krajcik', '239-076-3787x36627');
INSERT INTO `users` (`id`, `FirstName`, `LastName`, `Phone`) VALUES (295, 'Margaret', 'Robel', '1-567-945-2885');
INSERT INTO `users` (`id`, `FirstName`, `LastName`, `Phone`) VALUES (296, 'Bernardo', 'Rutherford', '(633)097-9852');
INSERT INTO `users` (`id`, `FirstName`, `LastName`, `Phone`) VALUES (297, 'Krista', 'Huel', '(930)305-5324x37162');
INSERT INTO `users` (`id`, `FirstName`, `LastName`, `Phone`) VALUES (298, 'Giuseppe', 'Corwin', '1-933-967-5871');
INSERT INTO `users` (`id`, `FirstName`, `LastName`, `Phone`) VALUES (299, 'Gerard', 'Bahringer', '1-326-376-2437');
INSERT INTO `users` (`id`, `FirstName`, `LastName`, `Phone`) VALUES (300, 'Onie', 'Mills', '542.511.8525');
INSERT INTO `users` (`id`, `FirstName`, `LastName`, `Phone`) VALUES (301, 'Verner', 'Nitzsche', '(690)510-4440x5759');
INSERT INTO `users` (`id`, `FirstName`, `LastName`, `Phone`) VALUES (302, 'Pascale', 'Volkman', '442.564.0896');
INSERT INTO `users` (`id`, `FirstName`, `LastName`, `Phone`) VALUES (303, 'Delpha', 'Toy', '925.908.1804x4252');
INSERT INTO `users` (`id`, `FirstName`, `LastName`, `Phone`) VALUES (304, 'Maxwell', 'Hermiston', '1-103-793-8707x1546');
INSERT INTO `users` (`id`, `FirstName`, `LastName`, `Phone`) VALUES (305, 'Branson', 'Jacobi', '449-456-6599x5919');
INSERT INTO `users` (`id`, `FirstName`, `LastName`, `Phone`) VALUES (306, 'Colin', 'Prosacco', '801-396-6369x711');
INSERT INTO `users` (`id`, `FirstName`, `LastName`, `Phone`) VALUES (307, 'Eliza', 'Kovacek', '191-875-0594x2381');
INSERT INTO `users` (`id`, `FirstName`, `LastName`, `Phone`) VALUES (308, 'Maverick', 'Von', '928.161.6153x70736');
INSERT INTO `users` (`id`, `FirstName`, `LastName`, `Phone`) VALUES (309, 'Casimir', 'Mills', '1-474-576-4467x3599');
INSERT INTO `users` (`id`, `FirstName`, `LastName`, `Phone`) VALUES (310, 'Marlee', 'Mayer', '197.035.4555x40867');
INSERT INTO `users` (`id`, `FirstName`, `LastName`, `Phone`) VALUES (311, 'Edwina', 'Walter', '1-555-682-9681x5870');
INSERT INTO `users` (`id`, `FirstName`, `LastName`, `Phone`) VALUES (312, 'Emerald', 'Yost', '263.971.8323');
INSERT INTO `users` (`id`, `FirstName`, `LastName`, `Phone`) VALUES (313, 'Tess', 'Kutch', '1-621-145-6499');
INSERT INTO `users` (`id`, `FirstName`, `LastName`, `Phone`) VALUES (314, 'Serenity', 'Adams', '(223)902-7112x258');
INSERT INTO `users` (`id`, `FirstName`, `LastName`, `Phone`) VALUES (315, 'Rocio', 'Heathcote', '(148)441-5082x0213');
INSERT INTO `users` (`id`, `FirstName`, `LastName`, `Phone`) VALUES (316, 'Ryder', 'Stamm', '(654)375-2139x545');
INSERT INTO `users` (`id`, `FirstName`, `LastName`, `Phone`) VALUES (317, 'Bernadine', 'Wunsch', '08350720686');
INSERT INTO `users` (`id`, `FirstName`, `LastName`, `Phone`) VALUES (318, 'Vernice', 'Schumm', '658.779.1442');
INSERT INTO `users` (`id`, `FirstName`, `LastName`, `Phone`) VALUES (319, 'Icie', 'Lehner', '651-568-8523x896');
INSERT INTO `users` (`id`, `FirstName`, `LastName`, `Phone`) VALUES (320, 'Margarette', 'Hessel', '1-553-387-5565x121');
INSERT INTO `users` (`id`, `FirstName`, `LastName`, `Phone`) VALUES (321, 'Antone', 'Kerluke', '868-247-3516');
INSERT INTO `users` (`id`, `FirstName`, `LastName`, `Phone`) VALUES (322, 'Mellie', 'Kshlerin', '487-299-9790');
INSERT INTO `users` (`id`, `FirstName`, `LastName`, `Phone`) VALUES (323, 'Ella', 'Becker', '350-297-8019x6572');
INSERT INTO `users` (`id`, `FirstName`, `LastName`, `Phone`) VALUES (324, 'Brice', 'Kshlerin', '(505)741-8804x88401');
INSERT INTO `users` (`id`, `FirstName`, `LastName`, `Phone`) VALUES (325, 'Izabella', 'Harvey', '257-835-7242');
INSERT INTO `users` (`id`, `FirstName`, `LastName`, `Phone`) VALUES (326, 'Kade', 'Lebsack', '1-521-001-3586x9435');
INSERT INTO `users` (`id`, `FirstName`, `LastName`, `Phone`) VALUES (327, 'Earline', 'Hilpert', '1-898-717-7168x21197');
INSERT INTO `users` (`id`, `FirstName`, `LastName`, `Phone`) VALUES (328, 'Ila', 'Jerde', '+34(8)1777216853');
INSERT INTO `users` (`id`, `FirstName`, `LastName`, `Phone`) VALUES (329, 'Travon', 'Beahan', '(810)107-9416x56664');
INSERT INTO `users` (`id`, `FirstName`, `LastName`, `Phone`) VALUES (330, 'Lucius', 'Kovacek', '102.595.1931x542');
INSERT INTO `users` (`id`, `FirstName`, `LastName`, `Phone`) VALUES (331, 'Alexandro', 'Cassin', '1-285-718-8522x92628');
INSERT INTO `users` (`id`, `FirstName`, `LastName`, `Phone`) VALUES (332, 'Catalina', 'Cremin', '045.323.4609');
INSERT INTO `users` (`id`, `FirstName`, `LastName`, `Phone`) VALUES (333, 'Joana', 'Bernhard', '1-169-223-7677x3691');
INSERT INTO `users` (`id`, `FirstName`, `LastName`, `Phone`) VALUES (334, 'Sarina', 'Lubowitz', '(478)269-6452x56919');
INSERT INTO `users` (`id`, `FirstName`, `LastName`, `Phone`) VALUES (335, 'Whitney', 'Weber', '471.479.7414x079');
INSERT INTO `users` (`id`, `FirstName`, `LastName`, `Phone`) VALUES (336, 'Tyree', 'Reynolds', '871-798-8181x2782');
INSERT INTO `users` (`id`, `FirstName`, `LastName`, `Phone`) VALUES (337, 'Darrion', 'Yost', '(624)745-9066x5069');
INSERT INTO `users` (`id`, `FirstName`, `LastName`, `Phone`) VALUES (338, 'Jaron', 'King', '+47(4)2945808127');
INSERT INTO `users` (`id`, `FirstName`, `LastName`, `Phone`) VALUES (339, 'Aryanna', 'Kub', '(552)903-7694x6822');
INSERT INTO `users` (`id`, `FirstName`, `LastName`, `Phone`) VALUES (340, 'Hiram', 'Smith', '1-520-407-1336x07535');
INSERT INTO `users` (`id`, `FirstName`, `LastName`, `Phone`) VALUES (341, 'Emile', 'Oberbrunner', '958.907.2657x98205');
INSERT INTO `users` (`id`, `FirstName`, `LastName`, `Phone`) VALUES (342, 'Asia', 'Green', '1-399-538-8359');
INSERT INTO `users` (`id`, `FirstName`, `LastName`, `Phone`) VALUES (343, 'Edwina', 'Torp', '(990)886-0981');
INSERT INTO `users` (`id`, `FirstName`, `LastName`, `Phone`) VALUES (344, 'Hershel', 'Predovic', '131.409.7442');
INSERT INTO `users` (`id`, `FirstName`, `LastName`, `Phone`) VALUES (345, 'Tyson', 'Botsford', '(505)887-7457x13072');
INSERT INTO `users` (`id`, `FirstName`, `LastName`, `Phone`) VALUES (346, 'Daryl', 'Wehner', '(242)533-2210');
INSERT INTO `users` (`id`, `FirstName`, `LastName`, `Phone`) VALUES (347, 'Sydnee', 'O\'Conner', '372-009-0981');
INSERT INTO `users` (`id`, `FirstName`, `LastName`, `Phone`) VALUES (348, 'Larue', 'Shields', '+21(2)5957561964');
INSERT INTO `users` (`id`, `FirstName`, `LastName`, `Phone`) VALUES (349, 'Luther', 'Hodkiewicz', '476.658.4588');
INSERT INTO `users` (`id`, `FirstName`, `LastName`, `Phone`) VALUES (350, 'Odie', 'Smith', '632.080.9855');
INSERT INTO `users` (`id`, `FirstName`, `LastName`, `Phone`) VALUES (351, 'Ceasar', 'Denesik', '(585)697-6457x90771');
INSERT INTO `users` (`id`, `FirstName`, `LastName`, `Phone`) VALUES (352, 'Jaylin', 'Kris', '+31(6)6746919240');
INSERT INTO `users` (`id`, `FirstName`, `LastName`, `Phone`) VALUES (353, 'Hulda', 'Ernser', '+70(2)0487754997');
INSERT INTO `users` (`id`, `FirstName`, `LastName`, `Phone`) VALUES (354, 'Jonathan', 'Kris', '(984)974-5153');
INSERT INTO `users` (`id`, `FirstName`, `LastName`, `Phone`) VALUES (355, 'Rogers', 'Hand', '1-372-688-4730');
INSERT INTO `users` (`id`, `FirstName`, `LastName`, `Phone`) VALUES (356, 'Earnestine', 'Heller', '779-201-8339');
INSERT INTO `users` (`id`, `FirstName`, `LastName`, `Phone`) VALUES (357, 'Ona', 'Bergnaum', '+26(0)9632784113');
INSERT INTO `users` (`id`, `FirstName`, `LastName`, `Phone`) VALUES (358, 'Cody', 'Renner', '(909)385-7318x7403');
INSERT INTO `users` (`id`, `FirstName`, `LastName`, `Phone`) VALUES (359, 'Anibal', 'Hintz', '(340)612-8172x900');
INSERT INTO `users` (`id`, `FirstName`, `LastName`, `Phone`) VALUES (360, 'Laverne', 'Kunze', '1-211-150-5407x6007');
INSERT INTO `users` (`id`, `FirstName`, `LastName`, `Phone`) VALUES (361, 'Terrance', 'Kohler', '511-857-7937');
INSERT INTO `users` (`id`, `FirstName`, `LastName`, `Phone`) VALUES (362, 'Claudia', 'Hodkiewicz', '766.383.0476x1764');
INSERT INTO `users` (`id`, `FirstName`, `LastName`, `Phone`) VALUES (363, 'Fidel', 'Funk', '+90(4)0081831977');
INSERT INTO `users` (`id`, `FirstName`, `LastName`, `Phone`) VALUES (364, 'Tomasa', 'Schiller', '09223581998');
INSERT INTO `users` (`id`, `FirstName`, `LastName`, `Phone`) VALUES (365, 'Elisa', 'Erdman', '(948)132-6915');
INSERT INTO `users` (`id`, `FirstName`, `LastName`, `Phone`) VALUES (366, 'Bertrand', 'Greenfelder', '1-435-341-6759');
INSERT INTO `users` (`id`, `FirstName`, `LastName`, `Phone`) VALUES (367, 'Roxanne', 'Heathcote', '1-829-313-7664x43396');
INSERT INTO `users` (`id`, `FirstName`, `LastName`, `Phone`) VALUES (368, 'Rosalinda', 'Larson', '827-132-0586');
INSERT INTO `users` (`id`, `FirstName`, `LastName`, `Phone`) VALUES (369, 'Wilfred', 'O\'Kon', '092.898.3976');
INSERT INTO `users` (`id`, `FirstName`, `LastName`, `Phone`) VALUES (370, 'Jermain', 'Walsh', '(494)296-7341');
INSERT INTO `users` (`id`, `FirstName`, `LastName`, `Phone`) VALUES (371, 'Romaine', 'Hahn', '396.718.1983x02020');
INSERT INTO `users` (`id`, `FirstName`, `LastName`, `Phone`) VALUES (372, 'Nadia', 'O\'Conner', '098-649-4933x559');
INSERT INTO `users` (`id`, `FirstName`, `LastName`, `Phone`) VALUES (373, 'Jace', 'Hand', '1-592-684-4788x003');
INSERT INTO `users` (`id`, `FirstName`, `LastName`, `Phone`) VALUES (374, 'Alanis', 'Davis', '+57(2)9972196847');
INSERT INTO `users` (`id`, `FirstName`, `LastName`, `Phone`) VALUES (375, 'Halie', 'Anderson', '(754)851-9708x2674');
INSERT INTO `users` (`id`, `FirstName`, `LastName`, `Phone`) VALUES (376, 'Marie', 'Schmeler', '(203)688-6992');
INSERT INTO `users` (`id`, `FirstName`, `LastName`, `Phone`) VALUES (377, 'Isaias', 'McCullough', '334-194-5408x47196');
INSERT INTO `users` (`id`, `FirstName`, `LastName`, `Phone`) VALUES (378, 'Jayne', 'Kulas', '1-506-252-6499x68008');
INSERT INTO `users` (`id`, `FirstName`, `LastName`, `Phone`) VALUES (379, 'Vicenta', 'Dare', '207-020-5450');
INSERT INTO `users` (`id`, `FirstName`, `LastName`, `Phone`) VALUES (380, 'Retha', 'Windler', '(884)120-4032x85967');
INSERT INTO `users` (`id`, `FirstName`, `LastName`, `Phone`) VALUES (381, 'Ima', 'Stracke', '1-807-758-3157x479');
INSERT INTO `users` (`id`, `FirstName`, `LastName`, `Phone`) VALUES (382, 'Judge', 'Mosciski', '+30(7)7484364198');
INSERT INTO `users` (`id`, `FirstName`, `LastName`, `Phone`) VALUES (383, 'Iva', 'Leffler', '1-621-001-9035x7653');
INSERT INTO `users` (`id`, `FirstName`, `LastName`, `Phone`) VALUES (384, 'Bethany', 'Kovacek', '1-790-602-5012x11699');
INSERT INTO `users` (`id`, `FirstName`, `LastName`, `Phone`) VALUES (385, 'Ruben', 'Daniel', '(849)260-9775');
INSERT INTO `users` (`id`, `FirstName`, `LastName`, `Phone`) VALUES (386, 'Kelly', 'Crist', '354.435.6577');
INSERT INTO `users` (`id`, `FirstName`, `LastName`, `Phone`) VALUES (387, 'Lucio', 'Lesch', '244.990.3929');
INSERT INTO `users` (`id`, `FirstName`, `LastName`, `Phone`) VALUES (388, 'Enola', 'Prohaska', '1-661-562-6690x1520');
INSERT INTO `users` (`id`, `FirstName`, `LastName`, `Phone`) VALUES (389, 'Frankie', 'Bahringer', '+85(1)3084294634');
INSERT INTO `users` (`id`, `FirstName`, `LastName`, `Phone`) VALUES (390, 'Robb', 'Bergnaum', '+08(6)2373267356');
INSERT INTO `users` (`id`, `FirstName`, `LastName`, `Phone`) VALUES (391, 'Tatyana', 'Lang', '229.693.7366x2168');
INSERT INTO `users` (`id`, `FirstName`, `LastName`, `Phone`) VALUES (392, 'Kendra', 'Heathcote', '1-060-358-4699x466');
INSERT INTO `users` (`id`, `FirstName`, `LastName`, `Phone`) VALUES (393, 'Martina', 'Kozey', '(754)545-6660x80463');
INSERT INTO `users` (`id`, `FirstName`, `LastName`, `Phone`) VALUES (394, 'Janick', 'Bayer', '+62(2)4833438758');
INSERT INTO `users` (`id`, `FirstName`, `LastName`, `Phone`) VALUES (395, 'Branson', 'Crooks', '05360930130');
INSERT INTO `users` (`id`, `FirstName`, `LastName`, `Phone`) VALUES (396, 'Triston', 'Connelly', '496-797-4197x056');
INSERT INTO `users` (`id`, `FirstName`, `LastName`, `Phone`) VALUES (397, 'Dena', 'Bosco', '436.992.4337x3970');
INSERT INTO `users` (`id`, `FirstName`, `LastName`, `Phone`) VALUES (398, 'Eda', 'Block', '1-041-763-3368x468');
INSERT INTO `users` (`id`, `FirstName`, `LastName`, `Phone`) VALUES (399, 'Timmy', 'Wisoky', '1-712-770-1280x90651');
INSERT INTO `users` (`id`, `FirstName`, `LastName`, `Phone`) VALUES (400, 'Toy', 'Rutherford', '593-757-8363');

USE prteam;
INSERT INTO `projects_tasks` (`prjct_id`, `tsk_id`, `user_id`, `start_data`, `finish_data`, `deadline`) VALUES (8, 45, 110, '2015-04-21 21:47:14', '1999-10-21 11:12:11', '2012-09-07 06:40:16');
INSERT INTO `projects_tasks` (`prjct_id`, `tsk_id`, `user_id`, `start_data`, `finish_data`, `deadline`) VALUES (10, 14, 394, '1994-10-06 12:12:49', '1992-05-21 15:37:21', '2003-10-14 22:54:44');
INSERT INTO `projects_tasks` (`prjct_id`, `tsk_id`, `user_id`, `start_data`, `finish_data`, `deadline`) VALUES (13, 44, 353, '1998-03-04 16:26:32', '1990-05-09 19:50:58', '1977-07-10 11:02:22');
INSERT INTO `projects_tasks` (`prjct_id`, `tsk_id`, `user_id`, `start_data`, `finish_data`, `deadline`) VALUES (1, 40, 7, '1976-03-06 18:51:49', '1986-08-19 18:32:19', '1996-02-16 15:18:57');
INSERT INTO `projects_tasks` (`prjct_id`, `tsk_id`, `user_id`, `start_data`, `finish_data`, `deadline`) VALUES (6, 10, 115, '1971-06-13 23:28:11', '2009-05-08 20:53:49', '2017-04-28 22:54:39');
INSERT INTO `projects_tasks` (`prjct_id`, `tsk_id`, `user_id`, `start_data`, `finish_data`, `deadline`) VALUES (9, 11, 85, '1975-11-18 14:14:36', '1989-08-20 07:21:01', '2009-01-19 16:25:51');
INSERT INTO `projects_tasks` (`prjct_id`, `tsk_id`, `user_id`, `start_data`, `finish_data`, `deadline`) VALUES (14, 12, 350, '1989-10-28 06:12:24', '1981-01-12 02:30:55', '1976-05-13 08:26:55');
INSERT INTO `projects_tasks` (`prjct_id`, `tsk_id`, `user_id`, `start_data`, `finish_data`, `deadline`) VALUES (10, 1, 17, '2008-04-19 19:51:50', '2017-04-14 05:21:09', '1995-07-19 00:30:35');
INSERT INTO `projects_tasks` (`prjct_id`, `tsk_id`, `user_id`, `start_data`, `finish_data`, `deadline`) VALUES (14, 33, 331, '1995-06-07 11:21:23', '1985-07-29 00:45:25', '2012-09-20 11:42:08');
INSERT INTO `projects_tasks` (`prjct_id`, `tsk_id`, `user_id`, `start_data`, `finish_data`, `deadline`) VALUES (17, 26, 284, '1970-01-11 02:18:14', '2010-12-22 22:32:28', '2009-11-23 04:08:47');
INSERT INTO `projects_tasks` (`prjct_id`, `tsk_id`, `user_id`, `start_data`, `finish_data`, `deadline`) VALUES (13, 41, 99, '1983-10-11 13:28:18', '2012-07-20 17:46:52', '1984-04-24 20:57:57');
INSERT INTO `projects_tasks` (`prjct_id`, `tsk_id`, `user_id`, `start_data`, `finish_data`, `deadline`) VALUES (10, 43, 329, '2012-07-01 02:20:50', '2004-12-24 02:11:00', '2014-08-11 17:03:13');
INSERT INTO `projects_tasks` (`prjct_id`, `tsk_id`, `user_id`, `start_data`, `finish_data`, `deadline`) VALUES (13, 20, 382, '2003-03-23 01:59:01', '1984-06-10 11:23:16', '1987-03-10 15:21:38');
INSERT INTO `projects_tasks` (`prjct_id`, `tsk_id`, `user_id`, `start_data`, `finish_data`, `deadline`) VALUES (17, 6, 354, '2005-02-15 09:04:17', '2008-07-08 08:35:44', '2016-08-23 03:43:21');
INSERT INTO `projects_tasks` (`prjct_id`, `tsk_id`, `user_id`, `start_data`, `finish_data`, `deadline`) VALUES (2, 6, 125, '1998-06-26 13:32:59', '2011-03-14 11:59:44', '1974-04-16 22:52:35');
INSERT INTO `projects_tasks` (`prjct_id`, `tsk_id`, `user_id`, `start_data`, `finish_data`, `deadline`) VALUES (3, 34, 215, '2015-10-26 06:56:46', '2015-11-11 22:13:25', '1988-07-31 09:45:48');
INSERT INTO `projects_tasks` (`prjct_id`, `tsk_id`, `user_id`, `start_data`, `finish_data`, `deadline`) VALUES (4, 9, 291, '2003-01-08 18:47:55', '1976-08-25 15:15:25', '1976-08-08 12:31:23');
INSERT INTO `projects_tasks` (`prjct_id`, `tsk_id`, `user_id`, `start_data`, `finish_data`, `deadline`) VALUES (19, 46, 97, '1973-12-14 13:17:43', '2018-02-24 09:16:29', '1977-11-27 01:23:18');
INSERT INTO `projects_tasks` (`prjct_id`, `tsk_id`, `user_id`, `start_data`, `finish_data`, `deadline`) VALUES (2, 1, 184, '1977-06-07 16:41:30', '2003-02-03 20:29:08', '1971-07-18 02:18:19');
INSERT INTO `projects_tasks` (`prjct_id`, `tsk_id`, `user_id`, `start_data`, `finish_data`, `deadline`) VALUES (5, 32, 11, '1983-01-31 22:17:38', '1986-09-24 09:24:20', '1990-06-23 05:39:58');
INSERT INTO `projects_tasks` (`prjct_id`, `tsk_id`, `user_id`, `start_data`, `finish_data`, `deadline`) VALUES (20, 6, 385, '1982-05-07 21:48:04', '1972-11-30 18:06:55', '2004-09-04 19:55:56');
INSERT INTO `projects_tasks` (`prjct_id`, `tsk_id`, `user_id`, `start_data`, `finish_data`, `deadline`) VALUES (11, 7, 274, '1985-09-18 05:00:38', '1995-01-01 03:19:21', '2010-06-15 03:11:15');
INSERT INTO `projects_tasks` (`prjct_id`, `tsk_id`, `user_id`, `start_data`, `finish_data`, `deadline`) VALUES (18, 20, 139, '1972-09-02 19:02:53', '1982-02-14 20:43:47', '1998-12-10 11:03:38');
INSERT INTO `projects_tasks` (`prjct_id`, `tsk_id`, `user_id`, `start_data`, `finish_data`, `deadline`) VALUES (3, 49, 100, '1970-03-03 17:08:10', '1971-06-02 20:21:56', '2014-02-03 20:22:18');
INSERT INTO `projects_tasks` (`prjct_id`, `tsk_id`, `user_id`, `start_data`, `finish_data`, `deadline`) VALUES (10, 27, 165, '1987-09-28 04:11:30', '1996-07-23 04:57:33', '1996-01-26 07:14:11');
INSERT INTO `projects_tasks` (`prjct_id`, `tsk_id`, `user_id`, `start_data`, `finish_data`, `deadline`) VALUES (8, 49, 260, '1994-12-25 09:43:24', '1999-12-24 19:02:38', '1982-07-01 08:00:12');
INSERT INTO `projects_tasks` (`prjct_id`, `tsk_id`, `user_id`, `start_data`, `finish_data`, `deadline`) VALUES (11, 20, 32, '1996-06-13 01:29:48', '1979-12-15 13:23:24', '1972-02-03 16:15:44');
INSERT INTO `projects_tasks` (`prjct_id`, `tsk_id`, `user_id`, `start_data`, `finish_data`, `deadline`) VALUES (3, 35, 95, '1997-12-22 03:36:06', '2009-01-23 01:38:22', '1986-10-31 03:07:55');
INSERT INTO `projects_tasks` (`prjct_id`, `tsk_id`, `user_id`, `start_data`, `finish_data`, `deadline`) VALUES (6, 11, 129, '1991-09-30 00:17:38', '2000-03-09 13:01:28', '1991-04-18 11:28:15');
INSERT INTO `projects_tasks` (`prjct_id`, `tsk_id`, `user_id`, `start_data`, `finish_data`, `deadline`) VALUES (5, 20, 287, '1987-12-21 21:08:37', '1989-06-18 01:55:15', '1984-08-07 05:22:19');
INSERT INTO `projects_tasks` (`prjct_id`, `tsk_id`, `user_id`, `start_data`, `finish_data`, `deadline`) VALUES (6, 21, 26, '1997-11-11 12:16:32', '2010-05-06 05:34:51', '1983-05-04 21:07:58');
INSERT INTO `projects_tasks` (`prjct_id`, `tsk_id`, `user_id`, `start_data`, `finish_data`, `deadline`) VALUES (10, 18, 335, '1976-04-29 21:53:45', '2002-03-08 16:18:27', '1980-07-30 06:22:52');
INSERT INTO `projects_tasks` (`prjct_id`, `tsk_id`, `user_id`, `start_data`, `finish_data`, `deadline`) VALUES (1, 13, 383, '1975-12-19 17:56:49', '1987-05-06 14:48:47', '1996-08-16 07:41:10');
INSERT INTO `projects_tasks` (`prjct_id`, `tsk_id`, `user_id`, `start_data`, `finish_data`, `deadline`) VALUES (10, 31, 275, '2000-08-16 23:15:19', '2013-12-17 22:16:25', '1996-06-12 17:41:57');
INSERT INTO `projects_tasks` (`prjct_id`, `tsk_id`, `user_id`, `start_data`, `finish_data`, `deadline`) VALUES (2, 36, 136, '1971-03-01 12:20:59', '2016-08-03 18:44:54', '2018-11-24 05:15:46');
INSERT INTO `projects_tasks` (`prjct_id`, `tsk_id`, `user_id`, `start_data`, `finish_data`, `deadline`) VALUES (4, 19, 339, '2007-10-08 12:34:10', '2002-07-13 03:08:34', '1993-01-28 00:12:12');
INSERT INTO `projects_tasks` (`prjct_id`, `tsk_id`, `user_id`, `start_data`, `finish_data`, `deadline`) VALUES (15, 18, 328, '1974-06-18 20:01:33', '2014-11-13 10:10:04', '1982-02-26 15:02:46');
INSERT INTO `projects_tasks` (`prjct_id`, `tsk_id`, `user_id`, `start_data`, `finish_data`, `deadline`) VALUES (7, 28, 344, '1999-04-13 23:07:54', '1975-08-10 03:05:02', '1996-05-11 03:05:51');
INSERT INTO `projects_tasks` (`prjct_id`, `tsk_id`, `user_id`, `start_data`, `finish_data`, `deadline`) VALUES (1, 17, 165, '1994-06-26 08:26:19', '2007-05-08 03:03:37', '2000-01-01 06:26:46');
INSERT INTO `projects_tasks` (`prjct_id`, `tsk_id`, `user_id`, `start_data`, `finish_data`, `deadline`) VALUES (15, 39, 167, '1991-09-15 23:24:25', '1995-12-31 21:19:34', '1970-09-26 02:31:23');
INSERT INTO `projects_tasks` (`prjct_id`, `tsk_id`, `user_id`, `start_data`, `finish_data`, `deadline`) VALUES (12, 43, 266, '1998-08-06 13:42:02', '1991-02-25 01:27:41', '1983-07-07 12:34:41');
INSERT INTO `projects_tasks` (`prjct_id`, `tsk_id`, `user_id`, `start_data`, `finish_data`, `deadline`) VALUES (5, 44, 69, '1994-10-06 19:17:14', '1989-09-14 23:30:08', '2004-03-10 00:38:05');
INSERT INTO `projects_tasks` (`prjct_id`, `tsk_id`, `user_id`, `start_data`, `finish_data`, `deadline`) VALUES (11, 16, 60, '1995-03-09 01:56:04', '2015-07-18 04:46:11', '1975-08-24 03:44:11');
INSERT INTO `projects_tasks` (`prjct_id`, `tsk_id`, `user_id`, `start_data`, `finish_data`, `deadline`) VALUES (17, 8, 55, '1975-11-09 02:31:31', '2010-10-09 15:40:42', '2009-09-06 19:48:07');
INSERT INTO `projects_tasks` (`prjct_id`, `tsk_id`, `user_id`, `start_data`, `finish_data`, `deadline`) VALUES (16, 38, 285, '2016-04-07 21:25:55', '1972-09-10 01:19:31', '1980-12-26 05:10:53');
INSERT INTO `projects_tasks` (`prjct_id`, `tsk_id`, `user_id`, `start_data`, `finish_data`, `deadline`) VALUES (18, 17, 56, '1994-03-17 21:39:49', '1976-01-05 18:30:57', '1981-10-22 12:21:20');
INSERT INTO `projects_tasks` (`prjct_id`, `tsk_id`, `user_id`, `start_data`, `finish_data`, `deadline`) VALUES (9, 47, 213, '2001-04-19 08:37:49', '1974-05-17 13:34:59', '1975-11-30 15:03:42');
INSERT INTO `projects_tasks` (`prjct_id`, `tsk_id`, `user_id`, `start_data`, `finish_data`, `deadline`) VALUES (14, 11, 48, '1996-09-21 13:46:37', '2001-05-06 17:26:45', '2009-07-31 11:02:58');
INSERT INTO `projects_tasks` (`prjct_id`, `tsk_id`, `user_id`, `start_data`, `finish_data`, `deadline`) VALUES (4, 4, 387, '1971-06-06 22:36:48', '2016-04-03 10:15:03', '1997-06-09 16:59:30');
INSERT INTO `projects_tasks` (`prjct_id`, `tsk_id`, `user_id`, `start_data`, `finish_data`, `deadline`) VALUES (9, 40, 292, '1981-01-30 09:00:53', '1976-08-06 06:08:28', '1988-10-01 05:23:22');
INSERT INTO `projects_tasks` (`prjct_id`, `tsk_id`, `user_id`, `start_data`, `finish_data`, `deadline`) VALUES (1, 24, 249, '1986-01-12 16:08:07', '1976-05-16 15:45:40', '1972-11-09 17:44:07');
INSERT INTO `projects_tasks` (`prjct_id`, `tsk_id`, `user_id`, `start_data`, `finish_data`, `deadline`) VALUES (1, 6, 99, '1993-12-17 11:23:41', '1981-01-07 16:18:39', '2008-08-15 13:35:02');
INSERT INTO `projects_tasks` (`prjct_id`, `tsk_id`, `user_id`, `start_data`, `finish_data`, `deadline`) VALUES (5, 46, 81, '2009-11-30 20:47:39', '1998-03-25 16:48:27', '1994-11-22 08:34:35');
INSERT INTO `projects_tasks` (`prjct_id`, `tsk_id`, `user_id`, `start_data`, `finish_data`, `deadline`) VALUES (14, 2, 191, '2017-09-18 06:24:29', '2010-02-17 17:29:11', '1976-07-03 01:41:15');
INSERT INTO `projects_tasks` (`prjct_id`, `tsk_id`, `user_id`, `start_data`, `finish_data`, `deadline`) VALUES (19, 22, 259, '1998-03-27 07:52:08', '1971-02-18 19:56:51', '1988-04-09 13:00:41');
INSERT INTO `projects_tasks` (`prjct_id`, `tsk_id`, `user_id`, `start_data`, `finish_data`, `deadline`) VALUES (3, 40, 193, '2005-07-09 20:48:59', '2004-07-30 08:37:50', '1971-01-06 01:50:48');
INSERT INTO `projects_tasks` (`prjct_id`, `tsk_id`, `user_id`, `start_data`, `finish_data`, `deadline`) VALUES (9, 43, 127, '2011-09-11 15:31:06', '1984-05-21 21:29:58', '1995-09-22 11:48:21');
INSERT INTO `projects_tasks` (`prjct_id`, `tsk_id`, `user_id`, `start_data`, `finish_data`, `deadline`) VALUES (20, 11, 125, '1990-04-10 02:30:42', '2003-08-23 21:24:18', '2006-07-28 11:46:02');
INSERT INTO `projects_tasks` (`prjct_id`, `tsk_id`, `user_id`, `start_data`, `finish_data`, `deadline`) VALUES (10, 25, 334, '1974-01-14 03:44:56', '2004-10-16 23:53:42', '1985-10-28 08:42:40');
INSERT INTO `projects_tasks` (`prjct_id`, `tsk_id`, `user_id`, `start_data`, `finish_data`, `deadline`) VALUES (6, 20, 92, '2007-11-14 09:09:04', '2013-10-08 09:49:41', '1978-04-26 07:09:33');
INSERT INTO `projects_tasks` (`prjct_id`, `tsk_id`, `user_id`, `start_data`, `finish_data`, `deadline`) VALUES (18, 48, 40, '1980-01-28 12:13:17', '2011-10-18 21:10:00', '2013-02-11 04:24:39');
INSERT INTO `projects_tasks` (`prjct_id`, `tsk_id`, `user_id`, `start_data`, `finish_data`, `deadline`) VALUES (8, 1, 319, '1983-09-11 13:51:00', '2006-01-25 16:20:45', '2016-03-03 11:49:33');
INSERT INTO `projects_tasks` (`prjct_id`, `tsk_id`, `user_id`, `start_data`, `finish_data`, `deadline`) VALUES (18, 16, 390, '1999-11-16 16:59:35', '1991-07-22 23:07:38', '1978-04-03 18:45:39');
INSERT INTO `projects_tasks` (`prjct_id`, `tsk_id`, `user_id`, `start_data`, `finish_data`, `deadline`) VALUES (13, 23, 239, '1981-07-19 15:02:59', '2013-11-22 22:46:02', '1991-12-16 11:57:34');
INSERT INTO `projects_tasks` (`prjct_id`, `tsk_id`, `user_id`, `start_data`, `finish_data`, `deadline`) VALUES (19, 30, 345, '2001-09-16 15:56:35', '1996-05-24 13:19:07', '1978-11-18 12:46:25');
INSERT INTO `projects_tasks` (`prjct_id`, `tsk_id`, `user_id`, `start_data`, `finish_data`, `deadline`) VALUES (9, 20, 141, '2000-10-13 19:47:55', '1986-02-21 22:28:30', '1991-04-04 22:20:48');
INSERT INTO `projects_tasks` (`prjct_id`, `tsk_id`, `user_id`, `start_data`, `finish_data`, `deadline`) VALUES (17, 38, 366, '1974-09-05 21:57:01', '1996-03-22 14:22:15', '1978-10-22 20:03:31');
INSERT INTO `projects_tasks` (`prjct_id`, `tsk_id`, `user_id`, `start_data`, `finish_data`, `deadline`) VALUES (8, 30, 353, '2008-10-26 01:40:50', '1976-02-23 18:26:05', '2006-02-06 10:44:39');
INSERT INTO `projects_tasks` (`prjct_id`, `tsk_id`, `user_id`, `start_data`, `finish_data`, `deadline`) VALUES (20, 32, 97, '1973-12-14 04:02:25', '1989-12-16 00:21:50', '1993-05-23 06:55:39');
INSERT INTO `projects_tasks` (`prjct_id`, `tsk_id`, `user_id`, `start_data`, `finish_data`, `deadline`) VALUES (19, 30, 257, '1973-12-12 05:54:44', '2017-06-01 20:34:11', '2008-07-04 07:46:59');
INSERT INTO `projects_tasks` (`prjct_id`, `tsk_id`, `user_id`, `start_data`, `finish_data`, `deadline`) VALUES (16, 13, 217, '1981-07-11 10:42:12', '2004-06-25 04:10:27', '2010-12-29 00:08:21');
INSERT INTO `projects_tasks` (`prjct_id`, `tsk_id`, `user_id`, `start_data`, `finish_data`, `deadline`) VALUES (4, 42, 31, '1995-10-10 02:01:21', '2003-11-02 04:58:14', '1994-02-24 10:17:20');
INSERT INTO `projects_tasks` (`prjct_id`, `tsk_id`, `user_id`, `start_data`, `finish_data`, `deadline`) VALUES (19, 9, 199, '2019-01-04 18:24:45', '2003-03-14 14:57:06', '1971-04-18 11:08:51');
INSERT INTO `projects_tasks` (`prjct_id`, `tsk_id`, `user_id`, `start_data`, `finish_data`, `deadline`) VALUES (12, 5, 279, '2015-02-09 14:03:13', '1990-10-20 17:00:53', '2014-06-29 21:32:04');
INSERT INTO `projects_tasks` (`prjct_id`, `tsk_id`, `user_id`, `start_data`, `finish_data`, `deadline`) VALUES (11, 41, 104, '1982-11-04 06:24:47', '1972-03-13 06:56:29', '1996-02-27 11:02:58');
INSERT INTO `projects_tasks` (`prjct_id`, `tsk_id`, `user_id`, `start_data`, `finish_data`, `deadline`) VALUES (5, 2, 365, '2012-10-29 16:58:03', '2012-04-03 12:16:12', '1988-10-06 19:50:01');
INSERT INTO `projects_tasks` (`prjct_id`, `tsk_id`, `user_id`, `start_data`, `finish_data`, `deadline`) VALUES (2, 6, 131, '1987-08-29 12:59:16', '1998-09-22 16:45:05', '1989-07-29 11:37:34');
INSERT INTO `projects_tasks` (`prjct_id`, `tsk_id`, `user_id`, `start_data`, `finish_data`, `deadline`) VALUES (6, 16, 31, '1999-10-20 09:52:20', '1987-10-25 07:24:06', '1995-08-05 04:53:26');
INSERT INTO `projects_tasks` (`prjct_id`, `tsk_id`, `user_id`, `start_data`, `finish_data`, `deadline`) VALUES (17, 47, 154, '2018-09-25 02:48:54', '2007-12-05 14:05:13', '2018-10-28 08:50:04');
INSERT INTO `projects_tasks` (`prjct_id`, `tsk_id`, `user_id`, `start_data`, `finish_data`, `deadline`) VALUES (16, 50, 397, '1974-07-19 17:34:53', '2012-08-06 16:07:38', '2016-07-13 06:18:50');
INSERT INTO `projects_tasks` (`prjct_id`, `tsk_id`, `user_id`, `start_data`, `finish_data`, `deadline`) VALUES (13, 11, 343, '1996-12-07 10:00:30', '1994-06-10 23:50:27', '2009-11-20 04:11:01');
INSERT INTO `projects_tasks` (`prjct_id`, `tsk_id`, `user_id`, `start_data`, `finish_data`, `deadline`) VALUES (5, 25, 240, '1981-12-11 01:09:22', '1974-01-15 23:47:33', '1989-07-25 15:45:56');
INSERT INTO `projects_tasks` (`prjct_id`, `tsk_id`, `user_id`, `start_data`, `finish_data`, `deadline`) VALUES (18, 42, 128, '1996-03-20 16:19:40', '1976-12-21 12:49:09', '2005-01-10 07:00:16');
INSERT INTO `projects_tasks` (`prjct_id`, `tsk_id`, `user_id`, `start_data`, `finish_data`, `deadline`) VALUES (12, 36, 318, '2013-02-19 05:45:25', '2015-04-29 17:18:17', '1976-07-20 16:08:42');
INSERT INTO `projects_tasks` (`prjct_id`, `tsk_id`, `user_id`, `start_data`, `finish_data`, `deadline`) VALUES (13, 4, 125, '1999-02-28 02:27:27', '2016-07-19 10:22:18', '1972-05-11 03:20:50');
INSERT INTO `projects_tasks` (`prjct_id`, `tsk_id`, `user_id`, `start_data`, `finish_data`, `deadline`) VALUES (9, 14, 236, '1978-07-21 02:04:43', '1990-07-09 17:47:50', '1989-04-20 23:08:25');
INSERT INTO `projects_tasks` (`prjct_id`, `tsk_id`, `user_id`, `start_data`, `finish_data`, `deadline`) VALUES (15, 15, 31, '1998-02-07 14:03:05', '2001-01-24 22:19:04', '2017-06-16 19:44:49');
INSERT INTO `projects_tasks` (`prjct_id`, `tsk_id`, `user_id`, `start_data`, `finish_data`, `deadline`) VALUES (13, 42, 376, '2011-07-11 18:24:28', '1976-07-11 15:18:27', '1973-01-08 06:53:46');
INSERT INTO `projects_tasks` (`prjct_id`, `tsk_id`, `user_id`, `start_data`, `finish_data`, `deadline`) VALUES (4, 36, 262, '1990-06-24 09:17:00', '2019-08-14 12:40:39', '2004-08-22 07:45:38');
INSERT INTO `projects_tasks` (`prjct_id`, `tsk_id`, `user_id`, `start_data`, `finish_data`, `deadline`) VALUES (14, 35, 137, '2000-04-19 17:50:06', '1977-03-08 07:59:07', '1985-03-31 10:21:00');
INSERT INTO `projects_tasks` (`prjct_id`, `tsk_id`, `user_id`, `start_data`, `finish_data`, `deadline`) VALUES (6, 40, 94, '2005-05-04 00:04:49', '1997-01-03 12:39:18', '2013-03-07 15:58:12');
INSERT INTO `projects_tasks` (`prjct_id`, `tsk_id`, `user_id`, `start_data`, `finish_data`, `deadline`) VALUES (9, 14, 392, '1984-07-15 22:50:33', '2007-04-02 02:57:46', '2000-12-07 20:28:29');
INSERT INTO `projects_tasks` (`prjct_id`, `tsk_id`, `user_id`, `start_data`, `finish_data`, `deadline`) VALUES (3, 25, 92, '2008-06-23 13:05:27', '2001-05-07 22:44:44', '1978-08-15 17:08:28');
INSERT INTO `projects_tasks` (`prjct_id`, `tsk_id`, `user_id`, `start_data`, `finish_data`, `deadline`) VALUES (17, 18, 393, '1993-03-11 03:47:44', '1983-05-16 13:15:26', '2019-04-09 22:14:10');
INSERT INTO `projects_tasks` (`prjct_id`, `tsk_id`, `user_id`, `start_data`, `finish_data`, `deadline`) VALUES (15, 33, 135, '1973-07-24 08:12:59', '2013-05-01 22:39:31', '1998-09-20 13:14:13');
INSERT INTO `projects_tasks` (`prjct_id`, `tsk_id`, `user_id`, `start_data`, `finish_data`, `deadline`) VALUES (15, 36, 81, '2014-12-14 14:55:13', '2000-04-13 02:41:09', '2010-09-02 06:42:50');
INSERT INTO `projects_tasks` (`prjct_id`, `tsk_id`, `user_id`, `start_data`, `finish_data`, `deadline`) VALUES (14, 13, 100, '1971-08-06 15:42:01', '1978-03-16 19:17:38', '1970-07-27 15:45:43');
INSERT INTO `projects_tasks` (`prjct_id`, `tsk_id`, `user_id`, `start_data`, `finish_data`, `deadline`) VALUES (2, 23, 205, '2013-11-02 20:37:38', '1972-10-07 05:30:29', '1997-06-06 17:51:24');
INSERT INTO `projects_tasks` (`prjct_id`, `tsk_id`, `user_id`, `start_data`, `finish_data`, `deadline`) VALUES (19, 39, 341, '2010-09-20 13:00:28', '2001-01-23 10:40:45', '1981-01-25 09:25:09');
INSERT INTO `projects_tasks` (`prjct_id`, `tsk_id`, `user_id`, `start_data`, `finish_data`, `deadline`) VALUES (4, 41, 196, '1985-10-16 14:09:33', '2010-05-18 23:07:11', '1996-10-15 19:51:17');
INSERT INTO `projects_tasks` (`prjct_id`, `tsk_id`, `user_id`, `start_data`, `finish_data`, `deadline`) VALUES (16, 1, 149, '1974-08-17 13:38:12', '1991-03-22 08:21:20', '2014-02-19 14:27:25');
INSERT INTO `projects_tasks` (`prjct_id`, `tsk_id`, `user_id`, `start_data`, `finish_data`, `deadline`) VALUES (6, 36, 320, '1971-05-28 16:19:36', '1980-09-05 10:17:36', '2016-07-05 16:18:02');
INSERT INTO `projects_tasks` (`prjct_id`, `tsk_id`, `user_id`, `start_data`, `finish_data`, `deadline`) VALUES (17, 50, 91, '1990-10-31 03:48:46', '1994-05-24 17:21:19', '2013-03-30 09:52:59');
INSERT INTO `projects_tasks` (`prjct_id`, `tsk_id`, `user_id`, `start_data`, `finish_data`, `deadline`) VALUES (4, 26, 150, '1994-06-15 05:00:56', '1993-01-02 04:51:42', '1996-05-09 07:47:06');
INSERT INTO `projects_tasks` (`prjct_id`, `tsk_id`, `user_id`, `start_data`, `finish_data`, `deadline`) VALUES (18, 44, 133, '1998-07-13 21:17:35', '2003-12-29 00:11:41', '1980-10-10 10:57:58');
INSERT INTO `projects_tasks` (`prjct_id`, `tsk_id`, `user_id`, `start_data`, `finish_data`, `deadline`) VALUES (16, 50, 181, '2009-10-11 14:40:59', '1986-07-10 14:08:53', '1983-05-30 04:19:16');
INSERT INTO `projects_tasks` (`prjct_id`, `tsk_id`, `user_id`, `start_data`, `finish_data`, `deadline`) VALUES (3, 14, 148, '1986-11-05 20:05:08', '1973-11-19 10:37:25', '1971-11-14 22:53:09');
INSERT INTO `projects_tasks` (`prjct_id`, `tsk_id`, `user_id`, `start_data`, `finish_data`, `deadline`) VALUES (17, 24, 292, '2006-04-11 13:06:03', '2015-11-07 00:14:16', '1995-01-08 10:26:04');
INSERT INTO `projects_tasks` (`prjct_id`, `tsk_id`, `user_id`, `start_data`, `finish_data`, `deadline`) VALUES (3, 43, 45, '2013-09-05 17:59:42', '2014-05-01 12:11:53', '1979-05-28 17:19:45');
INSERT INTO `projects_tasks` (`prjct_id`, `tsk_id`, `user_id`, `start_data`, `finish_data`, `deadline`) VALUES (15, 12, 343, '1985-04-11 17:16:22', '1998-12-02 08:58:07', '2000-10-25 17:43:01');
INSERT INTO `projects_tasks` (`prjct_id`, `tsk_id`, `user_id`, `start_data`, `finish_data`, `deadline`) VALUES (7, 13, 131, '1993-03-21 18:09:50', '2010-05-01 00:44:10', '2012-05-12 11:20:32');
INSERT INTO `projects_tasks` (`prjct_id`, `tsk_id`, `user_id`, `start_data`, `finish_data`, `deadline`) VALUES (8, 12, 118, '1988-12-18 22:00:19', '1989-07-01 10:44:39', '1991-01-02 18:58:39');
INSERT INTO `projects_tasks` (`prjct_id`, `tsk_id`, `user_id`, `start_data`, `finish_data`, `deadline`) VALUES (1, 46, 352, '2015-02-03 14:11:37', '2006-07-20 07:59:58', '1996-07-08 05:53:23');
INSERT INTO `projects_tasks` (`prjct_id`, `tsk_id`, `user_id`, `start_data`, `finish_data`, `deadline`) VALUES (11, 17, 125, '2018-01-21 14:32:23', '1975-11-12 23:09:27', '1971-07-20 17:52:14');
INSERT INTO `projects_tasks` (`prjct_id`, `tsk_id`, `user_id`, `start_data`, `finish_data`, `deadline`) VALUES (2, 37, 354, '2002-12-25 02:36:43', '2005-03-26 03:08:32', '1976-03-25 08:26:56');
INSERT INTO `projects_tasks` (`prjct_id`, `tsk_id`, `user_id`, `start_data`, `finish_data`, `deadline`) VALUES (20, 19, 124, '1973-07-27 19:53:25', '2017-04-18 09:29:11', '1983-07-24 12:13:54');
INSERT INTO `projects_tasks` (`prjct_id`, `tsk_id`, `user_id`, `start_data`, `finish_data`, `deadline`) VALUES (4, 12, 331, '1988-05-26 05:33:25', '2011-06-07 19:55:14', '2010-12-20 16:03:29');
INSERT INTO `projects_tasks` (`prjct_id`, `tsk_id`, `user_id`, `start_data`, `finish_data`, `deadline`) VALUES (4, 42, 233, '2003-08-28 15:58:29', '1970-12-10 14:41:12', '2005-12-29 13:35:05');
INSERT INTO `projects_tasks` (`prjct_id`, `tsk_id`, `user_id`, `start_data`, `finish_data`, `deadline`) VALUES (8, 10, 311, '1973-06-23 00:05:55', '2019-12-08 00:22:17', '2011-07-06 02:01:53');
INSERT INTO `projects_tasks` (`prjct_id`, `tsk_id`, `user_id`, `start_data`, `finish_data`, `deadline`) VALUES (8, 21, 193, '2007-06-10 04:37:53', '1998-02-19 06:08:26', '1987-09-23 12:32:04');
INSERT INTO `projects_tasks` (`prjct_id`, `tsk_id`, `user_id`, `start_data`, `finish_data`, `deadline`) VALUES (16, 5, 157, '1981-10-17 15:48:23', '1995-09-24 04:37:46', '2005-11-04 20:04:36');
INSERT INTO `projects_tasks` (`prjct_id`, `tsk_id`, `user_id`, `start_data`, `finish_data`, `deadline`) VALUES (10, 34, 143, '1973-08-02 17:55:23', '2011-06-21 10:57:42', '2012-09-26 00:21:27');
INSERT INTO `projects_tasks` (`prjct_id`, `tsk_id`, `user_id`, `start_data`, `finish_data`, `deadline`) VALUES (5, 42, 166, '1983-03-07 18:40:51', '2017-09-24 13:11:01', '2002-05-23 12:35:28');
INSERT INTO `projects_tasks` (`prjct_id`, `tsk_id`, `user_id`, `start_data`, `finish_data`, `deadline`) VALUES (17, 14, 201, '1989-01-12 20:57:47', '1983-11-09 10:32:53', '1983-03-22 05:46:10');
INSERT INTO `projects_tasks` (`prjct_id`, `tsk_id`, `user_id`, `start_data`, `finish_data`, `deadline`) VALUES (18, 47, 5, '1995-03-28 15:34:01', '2008-11-30 14:34:05', '1998-03-19 13:27:03');
INSERT INTO `projects_tasks` (`prjct_id`, `tsk_id`, `user_id`, `start_data`, `finish_data`, `deadline`) VALUES (20, 48, 217, '1972-11-23 13:23:12', '1982-04-02 04:10:24', '1979-09-09 19:32:17');
INSERT INTO `projects_tasks` (`prjct_id`, `tsk_id`, `user_id`, `start_data`, `finish_data`, `deadline`) VALUES (6, 9, 341, '2006-06-16 04:04:47', '1992-09-12 03:30:50', '2013-02-21 13:06:50');
INSERT INTO `projects_tasks` (`prjct_id`, `tsk_id`, `user_id`, `start_data`, `finish_data`, `deadline`) VALUES (10, 17, 22, '1992-12-03 12:43:08', '2013-10-16 18:27:13', '1972-01-01 21:36:12');
INSERT INTO `projects_tasks` (`prjct_id`, `tsk_id`, `user_id`, `start_data`, `finish_data`, `deadline`) VALUES (12, 29, 172, '1988-08-30 14:49:14', '1994-09-19 05:42:17', '2016-06-29 05:12:28');
INSERT INTO `projects_tasks` (`prjct_id`, `tsk_id`, `user_id`, `start_data`, `finish_data`, `deadline`) VALUES (17, 41, 189, '2013-03-21 22:43:46', '2014-12-08 16:43:38', '1984-04-20 04:45:10');
INSERT INTO `projects_tasks` (`prjct_id`, `tsk_id`, `user_id`, `start_data`, `finish_data`, `deadline`) VALUES (1, 7, 11, '2007-02-19 07:19:23', '1999-06-08 02:52:52', '1975-04-10 13:26:41');
INSERT INTO `projects_tasks` (`prjct_id`, `tsk_id`, `user_id`, `start_data`, `finish_data`, `deadline`) VALUES (3, 9, 16, '2004-08-24 09:39:35', '1986-04-10 09:45:49', '1974-02-06 07:39:00');
INSERT INTO `projects_tasks` (`prjct_id`, `tsk_id`, `user_id`, `start_data`, `finish_data`, `deadline`) VALUES (3, 12, 6, '1993-02-28 05:42:59', '1979-06-30 13:07:27', '1991-08-25 16:55:33');
INSERT INTO `projects_tasks` (`prjct_id`, `tsk_id`, `user_id`, `start_data`, `finish_data`, `deadline`) VALUES (2, 20, 2, '1996-10-30 04:32:32', '1970-08-10 17:23:33', '2006-01-11 11:20:28');
INSERT INTO `projects_tasks` (`prjct_id`, `tsk_id`, `user_id`, `start_data`, `finish_data`, `deadline`) VALUES (1, 2, 16, '1990-04-27 21:15:55', '2000-11-02 14:48:49', '1990-07-28 11:02:16');
INSERT INTO `projects_tasks` (`prjct_id`, `tsk_id`, `user_id`, `start_data`, `finish_data`, `deadline`) VALUES (1, 7, 10, '1991-03-18 00:09:55', '1970-05-03 07:42:35', '1976-11-29 21:20:46');
INSERT INTO `projects_tasks` (`prjct_id`, `tsk_id`, `user_id`, `start_data`, `finish_data`, `deadline`) VALUES (2, 3, 17, '1980-03-26 07:58:14', '1977-09-21 17:28:11', '1985-01-03 17:32:50');
INSERT INTO `projects_tasks` (`prjct_id`, `tsk_id`, `user_id`, `start_data`, `finish_data`, `deadline`) VALUES (3, 9, 14, '1991-10-07 00:32:27', '1975-04-24 16:48:44', '1984-04-19 20:32:18');
INSERT INTO `projects_tasks` (`prjct_id`, `tsk_id`, `user_id`, `start_data`, `finish_data`, `deadline`) VALUES (2, 8, 13, '2004-01-03 03:52:22', '1978-07-17 10:55:49', '1976-01-14 15:42:21');
INSERT INTO `projects_tasks` (`prjct_id`, `tsk_id`, `user_id`, `start_data`, `finish_data`, `deadline`) VALUES (2, 15, 1, '2009-04-26 14:46:05', '2011-06-20 08:30:27', '1989-08-22 04:53:57');
INSERT INTO `projects_tasks` (`prjct_id`, `tsk_id`, `user_id`, `start_data`, `finish_data`, `deadline`) VALUES (1, 11, 5, '1974-10-23 15:49:40', '1998-08-31 10:07:21', '1990-10-18 07:27:21');
INSERT INTO `projects_tasks` (`prjct_id`, `tsk_id`, `user_id`, `start_data`, `finish_data`, `deadline`) VALUES (1, 15, 8, '1974-01-25 09:24:31', '1990-12-31 00:01:17', '2002-01-01 10:42:32');
INSERT INTO `projects_tasks` (`prjct_id`, `tsk_id`, `user_id`, `start_data`, `finish_data`, `deadline`) VALUES (3, 20, 16, '2009-06-02 13:53:18', '2010-11-18 19:01:05', '2008-06-23 22:25:39');
INSERT INTO `projects_tasks` (`prjct_id`, `tsk_id`, `user_id`, `start_data`, `finish_data`, `deadline`) VALUES (2, 16, 5, '1995-01-04 19:43:19', '2005-02-06 14:15:16', '1997-12-30 20:35:47');
INSERT INTO `projects_tasks` (`prjct_id`, `tsk_id`, `user_id`, `start_data`, `finish_data`, `deadline`) VALUES (1, 12, 16, '1978-04-02 10:32:04', '2009-08-03 06:18:36', '2007-03-30 20:08:11');
INSERT INTO `projects_tasks` (`prjct_id`, `tsk_id`, `user_id`, `start_data`, `finish_data`, `deadline`) VALUES (3, 4, 6, '2005-06-11 13:12:10', '1997-10-20 15:49:07', '1972-12-16 16:44:29');
INSERT INTO `projects_tasks` (`prjct_id`, `tsk_id`, `user_id`, `start_data`, `finish_data`, `deadline`) VALUES (3, 3, 1, '2005-02-03 17:13:59', '1974-01-19 09:57:10', '2005-04-25 19:48:56');
INSERT INTO `projects_tasks` (`prjct_id`, `tsk_id`, `user_id`, `start_data`, `finish_data`, `deadline`) VALUES (3, 10, 13, '1974-03-06 19:42:23', '2001-07-20 17:25:03', '1970-05-29 22:28:27');
INSERT INTO `projects_tasks` (`prjct_id`, `tsk_id`, `user_id`, `start_data`, `finish_data`, `deadline`) VALUES (2, 20, 12, '1995-10-23 11:51:04', '1995-06-11 13:50:07', '2001-03-03 13:11:35');
INSERT INTO `projects_tasks` (`prjct_id`, `tsk_id`, `user_id`, `start_data`, `finish_data`, `deadline`) VALUES (1, 17, 2, '2001-11-25 14:07:02', '1990-11-06 04:11:31', '1984-07-18 14:47:48');
INSERT INTO `projects_tasks` (`prjct_id`, `tsk_id`, `user_id`, `start_data`, `finish_data`, `deadline`) VALUES (1, 11, 20, '1976-10-14 01:45:55', '1981-03-22 09:37:58', '2019-09-24 19:09:30');
INSERT INTO `projects_tasks` (`prjct_id`, `tsk_id`, `user_id`, `start_data`, `finish_data`, `deadline`) VALUES (2, 1, 16, '1996-06-22 18:18:05', '2000-04-03 00:56:42', '1970-08-02 10:29:29');
INSERT INTO `projects_tasks` (`prjct_id`, `tsk_id`, `user_id`, `start_data`, `finish_data`, `deadline`) VALUES (3, 14, 19, '1987-02-20 12:49:10', '2011-07-08 11:41:07', '2006-07-16 12:13:08');
INSERT INTO `projects_tasks` (`prjct_id`, `tsk_id`, `user_id`, `start_data`, `finish_data`, `deadline`) VALUES (1, 13, 13, '2015-01-28 13:14:15', '2008-06-08 12:31:21', '2009-10-21 00:04:13');
INSERT INTO `projects_tasks` (`prjct_id`, `tsk_id`, `user_id`, `start_data`, `finish_data`, `deadline`) VALUES (2, 6, 12, '2018-07-04 12:53:13', '1994-11-04 13:53:26', '2006-05-15 10:01:32');
INSERT INTO `projects_tasks` (`prjct_id`, `tsk_id`, `user_id`, `start_data`, `finish_data`, `deadline`) VALUES (3, 16, 12, '1986-01-16 09:49:05', '2005-04-15 11:25:26', '1981-06-08 07:11:29');
INSERT INTO `projects_tasks` (`prjct_id`, `tsk_id`, `user_id`, `start_data`, `finish_data`, `deadline`) VALUES (3, 7, 6, '1989-04-23 22:39:49', '1984-11-13 01:27:14', '1980-08-11 13:36:03');
INSERT INTO `projects_tasks` (`prjct_id`, `tsk_id`, `user_id`, `start_data`, `finish_data`, `deadline`) VALUES (2, 4, 11, '1986-07-25 07:03:52', '1980-07-02 12:36:32', '2000-04-06 10:05:42');
INSERT INTO `projects_tasks` (`prjct_id`, `tsk_id`, `user_id`, `start_data`, `finish_data`, `deadline`) VALUES (1, 14, 17, '2006-12-16 19:27:25', '1976-07-16 07:42:52', '1970-09-03 05:44:42');
INSERT INTO `projects_tasks` (`prjct_id`, `tsk_id`, `user_id`, `start_data`, `finish_data`, `deadline`) VALUES (3, 19, 10, '2015-02-17 15:04:25', '2010-07-01 21:19:45', '1984-12-11 23:37:44');
INSERT INTO `projects_tasks` (`prjct_id`, `tsk_id`, `user_id`, `start_data`, `finish_data`, `deadline`) VALUES (2, 17, 15, '2004-09-05 15:19:03', '1987-12-17 19:27:12', '1975-09-30 21:09:47');
INSERT INTO `projects_tasks` (`prjct_id`, `tsk_id`, `user_id`, `start_data`, `finish_data`, `deadline`) VALUES (3, 20, 16, '1986-04-23 19:14:10', '2013-04-05 17:05:05', '2001-03-06 17:01:07');
INSERT INTO `projects_tasks` (`prjct_id`, `tsk_id`, `user_id`, `start_data`, `finish_data`, `deadline`) VALUES (2, 11, 3, '2018-11-29 23:24:52', '2015-12-28 10:46:02', '2008-04-14 05:41:20');
INSERT INTO `projects_tasks` (`prjct_id`, `tsk_id`, `user_id`, `start_data`, `finish_data`, `deadline`) VALUES (2, 15, 6, '1976-09-04 21:10:06', '1974-08-25 13:55:06', '2008-01-25 16:26:33');
INSERT INTO `projects_tasks` (`prjct_id`, `tsk_id`, `user_id`, `start_data`, `finish_data`, `deadline`) VALUES (2, 5, 17, '1984-10-22 11:48:44', '1992-06-10 18:07:27', '1985-03-10 17:00:22');
INSERT INTO `projects_tasks` (`prjct_id`, `tsk_id`, `user_id`, `start_data`, `finish_data`, `deadline`) VALUES (2, 9, 9, '1986-08-23 03:43:38', '2007-06-03 00:55:45', '1979-06-26 17:30:45');
INSERT INTO `projects_tasks` (`prjct_id`, `tsk_id`, `user_id`, `start_data`, `finish_data`, `deadline`) VALUES (1, 18, 10, '1971-11-18 05:04:06', '2002-02-05 12:57:49', '2016-08-02 12:22:32');
INSERT INTO `projects_tasks` (`prjct_id`, `tsk_id`, `user_id`, `start_data`, `finish_data`, `deadline`) VALUES (2, 20, 10, '1972-11-12 05:39:31', '2019-05-30 22:20:59', '2000-09-01 08:46:40');
INSERT INTO `projects_tasks` (`prjct_id`, `tsk_id`, `user_id`, `start_data`, `finish_data`, `deadline`) VALUES (3, 17, 12, '2016-07-05 03:34:42', '1979-02-10 16:38:32', '1980-07-05 14:25:42');
INSERT INTO `projects_tasks` (`prjct_id`, `tsk_id`, `user_id`, `start_data`, `finish_data`, `deadline`) VALUES (3, 14, 14, '1998-07-13 22:56:01', '1999-03-20 13:14:51', '2009-07-26 17:46:32');
INSERT INTO `projects_tasks` (`prjct_id`, `tsk_id`, `user_id`, `start_data`, `finish_data`, `deadline`) VALUES (3, 13, 19, '2016-04-22 07:02:04', '2019-10-29 14:48:55', '1973-04-25 01:26:15');
INSERT INTO `projects_tasks` (`prjct_id`, `tsk_id`, `user_id`, `start_data`, `finish_data`, `deadline`) VALUES (3, 7, 2, '1999-10-10 13:19:28', '1983-06-25 10:09:27', '1975-11-07 18:54:37');
INSERT INTO `projects_tasks` (`prjct_id`, `tsk_id`, `user_id`, `start_data`, `finish_data`, `deadline`) VALUES (2, 12, 8, '2002-09-02 09:37:12', '2016-02-06 06:13:31', '1986-12-12 14:42:02');
INSERT INTO `projects_tasks` (`prjct_id`, `tsk_id`, `user_id`, `start_data`, `finish_data`, `deadline`) VALUES (3, 20, 16, '1971-08-08 08:56:22', '2012-08-04 00:23:19', '1974-08-03 23:11:35');
INSERT INTO `projects_tasks` (`prjct_id`, `tsk_id`, `user_id`, `start_data`, `finish_data`, `deadline`) VALUES (3, 10, 9, '2015-06-16 02:08:43', '1998-09-07 13:37:32', '2014-11-30 16:56:47');
INSERT INTO `projects_tasks` (`prjct_id`, `tsk_id`, `user_id`, `start_data`, `finish_data`, `deadline`) VALUES (3, 11, 3, '2007-07-02 23:32:11', '2000-12-25 14:46:55', '2002-06-24 03:39:31');
INSERT INTO `projects_tasks` (`prjct_id`, `tsk_id`, `user_id`, `start_data`, `finish_data`, `deadline`) VALUES (3, 15, 14, '1996-04-23 20:51:29', '2013-07-02 15:08:40', '2011-08-23 22:26:34');
INSERT INTO `projects_tasks` (`prjct_id`, `tsk_id`, `user_id`, `start_data`, `finish_data`, `deadline`) VALUES (2, 3, 8, '2005-01-28 03:09:37', '2004-11-18 07:55:23', '1991-04-08 02:32:17');
INSERT INTO `projects_tasks` (`prjct_id`, `tsk_id`, `user_id`, `start_data`, `finish_data`, `deadline`) VALUES (3, 13, 4, '1993-09-10 23:13:09', '1984-10-27 02:57:37', '1985-06-09 05:40:10');
INSERT INTO `projects_tasks` (`prjct_id`, `tsk_id`, `user_id`, `start_data`, `finish_data`, `deadline`) VALUES (1, 1, 20, '1992-10-07 21:17:44', '1987-11-01 06:13:56', '1973-10-14 11:28:39');
