-- MySQL dump 10.13  Distrib 8.0.18, for Linux (x86_64)
--
-- Host: localhost    Database: vk
-- ------------------------------------------------------
-- Server version	8.0.18

/*!40101 SET @OLD_CHARACTER_SET_CLIENT=@@CHARACTER_SET_CLIENT */;
/*!40101 SET @OLD_CHARACTER_SET_RESULTS=@@CHARACTER_SET_RESULTS */;
/*!40101 SET @OLD_COLLATION_CONNECTION=@@COLLATION_CONNECTION */;
/*!50503 SET NAMES utf8mb4 */;
/*!40103 SET @OLD_TIME_ZONE=@@TIME_ZONE */;
/*!40103 SET TIME_ZONE='+00:00' */;
/*!40014 SET @OLD_UNIQUE_CHECKS=@@UNIQUE_CHECKS, UNIQUE_CHECKS=0 */;
/*!40014 SET @OLD_FOREIGN_KEY_CHECKS=@@FOREIGN_KEY_CHECKS, FOREIGN_KEY_CHECKS=0 */;
/*!40101 SET @OLD_SQL_MODE=@@SQL_MODE, SQL_MODE='NO_AUTO_VALUE_ON_ZERO' */;
/*!40111 SET @OLD_SQL_NOTES=@@SQL_NOTES, SQL_NOTES=0 */;

--
-- Table structure for table `communites`
--

DROP TABLE IF EXISTS `communites`;
/*!40101 SET @saved_cs_client     = @@character_set_client */;
/*!50503 SET character_set_client = utf8mb4 */;
CREATE TABLE `communites` (
  `id` int(10) unsigned NOT NULL AUTO_INCREMENT,
  `name` varchar(150) NOT NULL,
  PRIMARY KEY (`id`),
  UNIQUE KEY `name` (`name`)
) ENGINE=InnoDB AUTO_INCREMENT=151 DEFAULT CHARSET=utf8mb4 COLLATE=utf8mb4_0900_ai_ci;
/*!40101 SET character_set_client = @saved_cs_client */;

--
-- Dumping data for table `communites`
--

LOCK TABLES `communites` WRITE;
/*!40000 ALTER TABLE `communites` DISABLE KEYS */;
INSERT INTO `communites` VALUES (82,'aag'),(63,'abag'),(3,'accusamus'),(1,'accusantium'),(141,'adipisci'),(130,'alias'),(96,'aliquam'),(121,'aliquid'),(116,'amet'),(139,'animi'),(108,'aperiam'),(86,'architecto'),(145,'asperiores'),(57,'assumenda'),(45,'atag'),(85,'atque'),(5,'aut'),(48,'autem'),(129,'beatae'),(89,'blanditiis'),(32,'consequatur'),(78,'consequuntur'),(102,'corporis'),(133,'culpa'),(148,'cum'),(31,'cumque'),(104,'cupiditate'),(21,'debitis'),(101,'delectus'),(117,'deleniti'),(66,'deserunt'),(120,'dicta'),(146,'dignissimos'),(58,'distinctio'),(76,'dolor'),(46,'dolore'),(51,'dolorem'),(105,'doloremque'),(79,'dolores'),(147,'doloribus'),(90,'ducimus'),(107,'eaag'),(84,'eaque'),(99,'eius'),(9,'eligendi'),(35,'enim'),(95,'eos'),(17,'error'),(125,'esse'),(53,'est'),(16,'etag'),(40,'eum'),(65,'eveniet'),(126,'exercitationem'),(111,'expedita'),(100,'facere'),(10,'facilis'),(106,'fuga'),(81,'fugiat'),(138,'harum'),(149,'hic'),(15,'idag'),(8,'illum'),(56,'inag'),(77,'incidunt'),(50,'ipsa'),(37,'ipsam'),(103,'ipsum'),(12,'iste'),(38,'itaque'),(43,'iure'),(36,'iusto'),(123,'labore'),(119,'laboriosam'),(11,'laborum'),(25,'laudantium'),(144,'libero'),(135,'magnam'),(23,'magni'),(97,'maiores'),(68,'maxime'),(143,'minima'),(150,'minus'),(70,'modi'),(94,'molestiae'),(26,'molestias'),(13,'mollitia'),(4,'nam'),(142,'natus'),(122,'necessitatibus'),(93,'nemo'),(72,'nesciunt'),(87,'nihil'),(14,'nisi'),(75,'nobis'),(27,'non'),(110,'nulla'),(109,'numquam'),(49,'occaecati'),(118,'odio'),(132,'officia'),(67,'officiis'),(55,'omnis'),(91,'optio'),(127,'pariatur'),(42,'perferendis'),(39,'perspiciatis'),(73,'porro'),(136,'praesentium'),(92,'provident'),(114,'quae'),(7,'quaerat'),(131,'quasi'),(20,'qui'),(47,'quia'),(115,'quidem'),(80,'quis'),(113,'quisquam'),(30,'quo'),(124,'quod'),(34,'quos'),(98,'reiciendis'),(41,'rem'),(24,'repellat'),(28,'repellendus'),(22,'reprehenderit'),(83,'rerum'),(18,'sapiente'),(112,'sed'),(54,'sequi'),(59,'similique'),(134,'sit'),(137,'soluta'),(2,'sunt'),(69,'suscipit'),(60,'tempora'),(62,'tempore'),(19,'temporibus'),(88,'tenetur'),(64,'totam'),(128,'ullam'),(6,'utag'),(33,'vel'),(71,'velit'),(44,'veniam'),(140,'vitae'),(29,'voluptas'),(52,'voluptatem'),(74,'voluptates'),(61,'voluptatum');
/*!40000 ALTER TABLE `communites` ENABLE KEYS */;
UNLOCK TABLES;

--
-- Table structure for table `communites_users`
--

DROP TABLE IF EXISTS `communites_users`;
/*!40101 SET @saved_cs_client     = @@character_set_client */;
/*!50503 SET character_set_client = utf8mb4 */;
CREATE TABLE `communites_users` (
  `community_id` int(10) unsigned NOT NULL,
  `user_id` int(10) unsigned NOT NULL,
  PRIMARY KEY (`community_id`,`user_id`)
) ENGINE=InnoDB DEFAULT CHARSET=utf8 COLLATE=utf8_unicode_ci;
/*!40101 SET character_set_client = @saved_cs_client */;

--
-- Dumping data for table `communites_users`
--

LOCK TABLES `communites_users` WRITE;
/*!40000 ALTER TABLE `communites_users` DISABLE KEYS */;
INSERT INTO `communites_users` VALUES (1,90),(2,60),(3,63),(4,59),(5,46),(6,9),(7,67),(8,26),(9,50),(10,94),(11,5),(12,17),(13,34),(14,13),(15,6),(16,48),(17,35),(18,31),(19,70),(20,75),(21,64),(22,62),(23,82),(24,68),(25,29),(26,93),(27,28),(28,52),(29,11),(30,53),(31,83),(32,3),(33,69),(34,37),(35,1),(36,20),(37,45),(38,89),(39,55),(40,95),(41,88),(42,32),(43,43),(44,7),(45,33),(46,97),(47,4),(48,39),(49,61),(50,40),(51,79),(52,87),(53,21),(54,15),(55,30),(56,19),(57,27),(58,22),(59,14),(60,92),(61,72),(62,86),(63,76),(64,41),(65,24),(66,96),(67,78),(68,54),(69,73),(70,56),(71,38),(72,99),(73,71),(74,10),(75,81),(76,66),(77,57),(78,85),(79,47),(80,2),(81,77),(82,100),(83,58),(84,84),(85,80),(86,42),(87,65),(88,16),(89,49),(90,98),(91,36),(92,51),(93,12),(94,18),(95,23),(96,25),(97,91),(98,44),(99,8),(100,74);
/*!40000 ALTER TABLE `communites_users` ENABLE KEYS */;
UNLOCK TABLES;

--
-- Table structure for table `friendship`
--

DROP TABLE IF EXISTS `friendship`;
/*!40101 SET @saved_cs_client     = @@character_set_client */;
/*!50503 SET character_set_client = utf8mb4 */;
CREATE TABLE `friendship` (
  `user_id` int(10) unsigned NOT NULL,
  `friend_id` int(10) unsigned NOT NULL,
  `status_id` int(10) unsigned NOT NULL,
  `requested_at` datetime DEFAULT CURRENT_TIMESTAMP,
  `confirmed_at` datetime DEFAULT NULL,
  PRIMARY KEY (`user_id`,`friend_id`)
) ENGINE=InnoDB DEFAULT CHARSET=utf8 COLLATE=utf8_unicode_ci;
/*!40101 SET character_set_client = @saved_cs_client */;

--
-- Dumping data for table `friendship`
--

LOCK TABLES `friendship` WRITE;
/*!40000 ALTER TABLE `friendship` DISABLE KEYS */;
INSERT INTO `friendship` VALUES (1,75,2,'2002-08-07 10:18:32','1994-06-17 06:40:07'),(2,41,9,'1980-11-26 19:59:00','1987-10-22 15:23:21'),(3,61,6,'2007-03-08 03:18:14','2003-02-25 15:05:51'),(4,92,3,'2019-09-24 08:13:26','1976-11-30 03:00:13'),(5,46,4,'2005-07-20 14:37:31','1994-07-24 00:15:43'),(6,47,8,'1994-12-25 15:57:11','1982-03-22 22:18:35'),(7,26,5,'1979-12-24 19:47:43','2013-03-07 00:55:22'),(8,33,4,'2017-01-21 03:59:32','1983-03-28 22:26:02'),(9,11,9,'1972-11-18 13:15:30','1999-12-02 03:08:51'),(10,49,1,'1970-02-23 22:15:18','1974-12-21 07:51:54'),(11,85,8,'1990-11-27 08:39:27','1972-06-10 12:14:22'),(12,58,2,'1976-08-14 06:37:19','2014-07-03 07:08:36'),(13,36,8,'1994-09-30 20:12:38','2006-04-21 10:43:08'),(14,52,3,'2015-04-06 11:29:25','1992-05-01 05:12:43'),(15,84,9,'1981-12-28 20:48:19','2010-10-19 02:43:58'),(16,4,6,'1980-06-18 07:53:27','1996-02-02 15:09:12'),(17,10,5,'1990-11-12 10:14:22','1991-06-07 22:05:13'),(18,76,4,'1986-04-23 09:07:21','2002-08-26 19:43:21'),(19,88,6,'1984-01-30 06:29:08','2003-07-16 12:15:07'),(20,67,3,'1974-05-29 17:49:25','1989-01-02 05:02:54'),(21,23,4,'1973-08-17 06:42:07','1999-06-15 03:26:46'),(22,51,9,'1981-01-18 10:18:20','1979-11-03 23:21:10'),(23,48,4,'2007-06-09 16:25:14','1996-12-01 12:32:51'),(24,89,5,'1983-08-20 04:10:23','2011-07-15 20:10:41'),(25,38,7,'1977-05-26 11:01:16','1988-04-05 19:19:29'),(26,25,2,'2017-10-28 02:22:48','1988-04-01 06:39:30'),(27,63,4,'2008-06-22 02:34:26','1993-01-22 07:42:58'),(28,57,6,'1979-07-05 16:10:23','1983-08-01 17:15:07'),(29,90,9,'2014-09-06 12:02:37','1993-07-27 08:56:47'),(30,94,8,'1984-02-29 05:43:19','1998-06-14 14:50:12'),(31,70,2,'1988-09-23 01:43:59','2012-06-19 05:25:51'),(32,31,3,'1978-10-12 11:00:04','1990-08-07 12:47:33'),(33,8,9,'1998-11-14 09:31:57','2003-09-03 12:07:27'),(34,77,4,'2000-08-30 07:41:10','1973-12-19 22:06:36'),(35,68,7,'2012-06-24 08:24:21','2002-06-22 19:49:04'),(36,27,5,'1977-07-28 07:12:41','2006-03-27 22:27:33'),(37,73,2,'2015-07-22 17:05:55','2004-01-24 01:04:08'),(38,71,2,'2000-08-03 16:56:18','2016-03-11 03:11:49'),(39,82,7,'1978-09-18 04:32:49','1971-04-27 04:34:46'),(40,41,5,'1991-02-16 03:48:39','1976-04-09 20:01:53'),(41,24,2,'2010-02-05 18:18:21','2013-01-14 18:14:25'),(42,34,7,'1980-11-02 08:43:43','1993-04-05 05:17:27'),(43,93,7,'1995-12-20 11:00:27','2001-12-11 21:38:08'),(44,32,5,'1977-12-28 17:52:02','2010-03-25 17:02:32'),(45,81,9,'1998-02-20 08:29:39','2009-08-15 01:09:13'),(46,50,6,'2012-04-25 04:04:09','1983-02-07 12:06:36'),(47,69,5,'1989-12-07 12:31:51','1997-12-15 22:44:10'),(48,72,2,'2014-02-20 02:05:18','1982-11-16 01:45:35'),(49,66,6,'1992-08-30 23:27:07','1982-01-23 05:21:53'),(50,56,6,'1985-11-03 07:00:43','2002-08-20 22:07:39'),(51,13,3,'1981-12-29 20:02:13','1972-05-08 12:55:06'),(52,43,5,'2018-11-21 14:29:56','1987-10-02 14:05:56'),(53,87,4,'1972-06-13 16:13:07','1972-12-20 08:46:23'),(54,91,7,'2010-01-03 15:38:08','1983-04-12 12:59:10'),(55,99,7,'1992-06-09 07:32:59','2004-02-02 14:56:42'),(56,54,1,'1990-06-26 07:26:12','2000-01-19 12:16:54'),(57,5,2,'1985-10-29 03:43:40','1976-07-03 19:16:47'),(58,7,8,'2005-10-26 20:14:25','2011-05-05 12:51:12'),(59,80,6,'2005-03-14 06:39:15','2011-02-05 16:12:27'),(60,2,4,'2017-08-05 17:43:50','1993-12-17 22:22:18'),(61,44,3,'1976-02-20 08:18:44','1989-10-08 00:08:32'),(62,18,1,'2001-02-20 12:13:31','2014-03-13 11:03:34'),(63,12,3,'2008-04-21 22:56:27','1975-09-20 08:59:11'),(64,86,4,'2015-07-25 06:51:52','2018-05-11 23:53:17'),(65,22,6,'1973-05-06 21:45:42','2004-12-03 05:54:26'),(66,39,9,'1973-01-04 06:12:42','2013-09-06 07:06:10'),(67,97,2,'1977-08-13 11:19:28','2008-04-06 06:27:09'),(68,98,9,'1993-06-30 16:49:31','2004-11-11 10:58:38'),(69,74,7,'1972-05-04 15:51:40','1996-11-08 12:25:01'),(70,37,6,'1972-05-21 20:25:05','1982-01-21 08:01:02'),(71,62,5,'1991-09-11 17:35:38','2019-10-05 19:28:18'),(72,60,1,'1998-03-26 19:34:58','2014-08-06 20:43:37'),(73,28,8,'1994-05-09 05:53:36','1987-12-06 06:57:11'),(74,95,1,'1985-08-28 21:56:36','1977-06-29 00:26:43'),(75,83,7,'2011-08-26 14:46:39','1990-09-30 03:14:29'),(76,100,3,'1979-04-30 23:07:31','2002-03-25 07:20:56'),(77,3,5,'2008-03-17 09:23:53','2007-12-14 01:53:35'),(78,30,3,'2016-12-25 20:09:05','2006-11-19 23:08:22'),(79,19,9,'1994-02-09 16:30:33','2012-08-31 10:16:17'),(80,45,3,'1972-05-06 22:41:32','1999-11-02 02:56:49'),(81,55,3,'1971-05-11 01:53:27','1972-09-25 12:19:39'),(82,53,5,'1978-06-27 08:58:59','1998-03-31 07:12:43'),(83,15,6,'1991-03-01 06:05:05','1975-10-23 15:09:27'),(84,78,6,'1979-10-10 20:48:02','2005-07-13 02:54:36'),(85,9,2,'2016-02-17 16:47:59','1984-06-01 12:11:52'),(86,79,4,'2006-07-16 18:35:41','2011-11-26 02:58:12'),(87,42,3,'2010-02-10 03:41:38','1998-10-04 13:06:03'),(88,59,4,'2004-10-01 21:20:39','1999-08-24 00:19:03'),(89,14,2,'2000-09-23 19:42:57','1999-09-07 07:42:49'),(90,35,7,'2000-12-14 03:04:15','1999-10-23 11:38:29'),(91,96,6,'1977-08-09 20:55:33','1987-09-02 11:34:57'),(92,6,2,'1993-01-05 19:29:38','2009-04-01 07:33:58'),(93,21,5,'2017-03-18 09:17:42','2006-03-05 19:18:22'),(94,65,3,'1972-04-02 22:15:58','2012-05-27 22:19:33'),(95,20,7,'2006-04-05 08:34:22','1989-06-15 05:29:19'),(96,16,6,'1990-06-30 14:42:29','2010-01-14 03:13:33'),(97,17,2,'1985-07-14 05:11:18','2004-05-22 22:45:19'),(98,29,5,'2003-08-12 00:02:23','1987-11-13 18:34:43'),(99,64,3,'1979-03-20 01:57:13','2012-10-14 05:05:17'),(100,1,6,'2012-06-20 14:39:45','2004-07-07 22:55:29');
/*!40000 ALTER TABLE `friendship` ENABLE KEYS */;
UNLOCK TABLES;

--
-- Table structure for table `friendship_status`
--

DROP TABLE IF EXISTS `friendship_status`;
/*!40101 SET @saved_cs_client     = @@character_set_client */;
/*!50503 SET character_set_client = utf8mb4 */;
CREATE TABLE `friendship_status` (
  `id` int(10) unsigned NOT NULL AUTO_INCREMENT,
  `name` varchar(10) CHARACTER SET utf8 COLLATE utf8_unicode_ci NOT NULL,
  PRIMARY KEY (`id`),
  UNIQUE KEY `name` (`name`)
) ENGINE=InnoDB AUTO_INCREMENT=9 DEFAULT CHARSET=utf8 COLLATE=utf8_unicode_ci;
/*!40101 SET character_set_client = @saved_cs_client */;

--
-- Dumping data for table `friendship_status`
--

LOCK TABLES `friendship_status` WRITE;
/*!40000 ALTER TABLE `friendship_status` DISABLE KEYS */;
INSERT INTO `friendship_status` VALUES (3,'cum'),(1,'dolores'),(2,'eum'),(4,'natus'),(5,'nobis'),(8,'porro'),(7,'quisquam'),(6,'vero');
/*!40000 ALTER TABLE `friendship_status` ENABLE KEYS */;
UNLOCK TABLES;

--
-- Table structure for table `media`
--

DROP TABLE IF EXISTS `media`;
/*!40101 SET @saved_cs_client     = @@character_set_client */;
/*!50503 SET character_set_client = utf8mb4 */;
CREATE TABLE `media` (
  `id` int(10) unsigned NOT NULL AUTO_INCREMENT,
  `media_type_id` int(10) unsigned NOT NULL,
  `user_id` int(10) unsigned NOT NULL,
  `filename` varchar(10) CHARACTER SET utf8 COLLATE utf8_unicode_ci NOT NULL,
  `size` int(11) NOT NULL,
  `metadata` longtext CHARACTER SET utf8mb4 COLLATE utf8mb4_bin,
  `created_at` datetime DEFAULT CURRENT_TIMESTAMP,
  `updated_at` datetime DEFAULT CURRENT_TIMESTAMP ON UPDATE CURRENT_TIMESTAMP,
  PRIMARY KEY (`id`)
) ENGINE=InnoDB AUTO_INCREMENT=201 DEFAULT CHARSET=utf8 COLLATE=utf8_unicode_ci;
/*!40101 SET character_set_client = @saved_cs_client */;

--
-- Dumping data for table `media`
--

LOCK TABLES `media` WRITE;
/*!40000 ALTER TABLE `media` DISABLE KEYS */;
INSERT INTO `media` VALUES (1,1,1,'corrupti',62972,'{\"corrupti - ABBA\":\"62972\"}','2013-12-10 22:37:04','2019-11-20 13:46:52'),(2,2,2,'dolorem',8090,'{\"dolorem - Sandra\":\"0\"}','2014-07-05 15:41:18','2019-11-20 13:50:08'),(3,3,3,'sunt',134253745,'{\"sunt - Kombinatcia\":\"134253745\"}','1971-05-27 20:47:42','2019-11-20 13:46:52'),(4,4,4,'sint',8,'{\"sint - Bony M\":\"8\"}','1982-04-27 19:58:02','2019-11-20 13:46:52'),(5,5,5,'autem',816,'{\"autem - Kombinatcia\":\"816\"}','2012-02-14 20:39:24','2019-11-20 13:46:52'),(6,6,6,'quaerat',589615606,'{\"quaerat - ABBA\":\"589615606\"}','2019-05-12 23:30:01','2019-11-20 13:46:52'),(7,7,7,'neque',534209,'{\"neque - Scorpions\":\"534209\"}','1982-09-21 12:50:20','2019-11-20 13:46:52'),(8,8,8,'at',151900,'{\"at - Scorpions\":\"151900\"}','1995-06-12 17:59:56','2019-11-20 13:46:52'),(9,9,9,'est',38484537,'{\"est - Bony M\":\"38484537\"}','1984-03-07 04:01:31','2019-11-20 13:46:52'),(10,10,10,'reiciendis',90433,'{\"reiciendis - Toto Kutunio\":\"90433\"}','2009-01-16 15:07:18','2019-11-20 13:46:52'),(11,11,11,'a',95715,'{\"a - Kombinatcia\":\"95715\"}','2002-03-26 20:53:45','2019-11-20 13:46:52'),(12,12,12,'velit',666,'{\"velit - Toto Kutunio\":\"666\"}','1992-08-11 06:43:25','2019-11-20 13:46:52'),(13,13,13,'sit',94352,'{\"sit - Toto Kutunio\":\"94352\"}','1976-01-07 20:12:46','2019-11-20 13:46:52'),(14,14,14,'temporibus',4673,'{\"temporibus - ABBA\":\"4673\"}','2010-08-10 23:57:02','2019-11-20 13:46:52'),(15,15,15,'necessitat',981556,'{\"necessitat - Kombinatcia\":\"981556\"}','1991-02-01 15:12:10','2019-11-20 13:46:52'),(16,16,16,'accusantiu',97663,'{\"accusantiu - Toto Kutunio\":\"97663\"}','1998-11-01 09:20:16','2019-11-20 13:46:52'),(17,17,17,'ea',38,'{\"ea - Toto Kutunio\":\"38\"}','2001-07-10 20:59:04','2019-11-20 13:46:52'),(18,18,18,'ad',877391,'{\"ad - Scorpions\":\"877391\"}','1983-04-05 19:18:34','2019-11-20 13:46:52'),(19,19,19,'corrupti',5638618,'{\"corrupti - Toto Kutunio\":\"5638618\"}','1982-11-25 15:30:56','2019-11-20 13:46:52'),(20,20,20,'veniam',1687,'{\"veniam - Adriano Chelentano\":\"1687\"}','1983-08-14 20:48:36','2019-11-20 13:46:52'),(21,1,21,'ut',203169,'{\"ut - Toto Kutunio\":\"203169\"}','1982-03-16 19:00:19','2019-11-20 13:46:52'),(22,2,22,'ut',67961146,'{\"ut - Kombinatcia\":\"67961146\"}','1995-10-02 17:45:12','2019-11-20 13:46:52'),(23,3,23,'temporibus',46316745,'{\"temporibus - ABBA\":\"46316745\"}','1984-11-14 21:04:12','2019-11-20 13:46:52'),(24,4,24,'illum',403800,'{\"illum - Bony M\":\"403800\"}','2000-11-22 06:31:33','2019-11-20 13:46:52'),(25,5,25,'dolores',771583579,'{\"dolores - Sandra\":\"771583579\"}','1999-10-30 15:14:56','2019-11-20 13:46:52'),(26,6,26,'expedita',4055,'{\"expedita - Adriano Chelentano\":\"0\"}','2001-05-09 01:43:44','2019-11-20 13:50:08'),(27,7,27,'possimus',1903,'{\"possimus - Scorpions\":\"1903\"}','1986-09-18 12:28:28','2019-11-20 13:46:52'),(28,8,28,'alias',6003,'{\"alias - ABBA\":\"0\"}','1974-05-30 07:23:52','2019-11-20 13:50:08'),(29,9,29,'rerum',1,'{\"rerum - Sandra\":\"1\"}','2003-02-11 17:56:14','2019-11-20 13:46:52'),(30,10,30,'fugit',2,'{\"fugit - Adriano Chelentano\":\"2\"}','1989-05-30 18:04:14','2019-11-20 13:46:52'),(31,11,31,'ea',61,'{\"ea - ABBA\":\"61\"}','1981-11-22 18:13:48','2019-11-20 13:46:52'),(32,12,32,'natus',46,'{\"natus - Scorpions\":\"46\"}','2007-10-25 10:27:21','2019-11-20 13:46:52'),(33,13,33,'aut',76434187,'{\"aut - Scorpions\":\"76434187\"}','1996-01-12 21:35:32','2019-11-20 13:46:52'),(34,14,34,'quaerat',4,'{\"quaerat - Adriano Chelentano\":\"4\"}','1973-12-10 00:21:55','2019-11-20 13:46:52'),(35,15,35,'voluptas',1025,'{\"voluptas - ABBA\":\"1025\"}','1985-09-09 19:34:53','2019-11-20 13:46:52'),(36,16,36,'quibusdam',730,'{\"quibusdam - Bony M\":\"730\"}','2000-11-24 20:29:49','2019-11-20 13:46:52'),(37,17,37,'reiciendis',10806846,'{\"reiciendis - Kombinatcia\":\"10806846\"}','2004-05-07 10:48:29','2019-11-20 13:46:52'),(38,18,38,'ipsum',45,'{\"ipsum - Adriano Chelentano\":\"45\"}','1978-05-10 05:37:01','2019-11-20 13:46:52'),(39,19,39,'aliquid',86638143,'{\"aliquid - Kombinatcia\":\"86638143\"}','1974-12-02 09:56:48','2019-11-20 13:46:52'),(40,20,40,'illo',24736,'{\"illo - Bony M\":\"24736\"}','1995-05-17 09:07:52','2019-11-20 13:46:52'),(41,1,41,'a',7848,'{\"a - Sandra\":\"0\"}','1983-06-29 05:08:28','2019-11-20 13:50:08'),(42,2,42,'rerum',9890,'{\"rerum - Kombinatcia\":\"9890\"}','2013-02-10 19:00:59','2019-11-20 13:46:52'),(43,3,43,'nostrum',83163763,'{\"nostrum - Sandra\":\"83163763\"}','2005-08-28 04:15:33','2019-11-20 13:46:52'),(44,4,44,'rerum',16797801,'{\"rerum - Sandra\":\"16797801\"}','1983-03-01 07:51:56','2019-11-20 13:46:52'),(45,5,45,'assumenda',5031,'{\"assumenda - Kombinatcia\":\"5031\"}','1972-08-01 06:30:17','2019-11-20 13:46:52'),(46,6,46,'quas',61735,'{\"quas - Kombinatcia\":\"61735\"}','1970-06-25 07:38:55','2019-11-20 13:46:52'),(47,7,47,'est',1231,'{\"est - Scorpions\":\"0\"}','2000-06-30 07:12:41','2019-11-20 13:50:08'),(48,8,48,'aperiam',253349,'{\"aperiam - Bony M\":\"253349\"}','1970-12-17 01:50:47','2019-11-20 13:46:52'),(49,9,49,'consequatu',31,'{\"consequatu - Sandra\":\"31\"}','1980-10-11 10:24:09','2019-11-20 13:46:52'),(50,10,50,'incidunt',2612,'{\"incidunt - Kombinatcia\":\"0\"}','1982-01-05 12:01:51','2019-11-20 13:50:08'),(51,11,51,'debitis',280,'{\"debitis - ABBA\":\"280\"}','1988-04-13 20:12:57','2019-11-20 13:46:52'),(52,12,52,'ut',40986632,'{\"ut - Toto Kutunio\":\"40986632\"}','2000-07-14 06:36:26','2019-11-20 13:46:52'),(53,13,53,'error',755393746,'{\"error - Sandra\":\"755393746\"}','2011-01-12 14:20:12','2019-11-20 13:46:52'),(54,14,54,'quas',7696,'{\"quas - Kombinatcia\":\"7696\"}','1990-03-24 13:35:17','2019-11-20 13:46:52'),(55,15,55,'at',14,'{\"at - Bony M\":\"14\"}','1993-04-11 07:00:34','2019-11-20 13:46:52'),(56,16,56,'nostrum',946862171,'{\"nostrum - Adriano Chelentano\":\"946862171\"}','2016-08-26 12:25:24','2019-11-20 13:46:52'),(57,17,57,'facilis',6154,'{\"facilis - Kombinatcia\":\"6154\"}','1972-12-12 15:19:41','2019-11-20 13:46:52'),(58,18,58,'id',3,'{\"id - Bony M\":\"3\"}','2017-04-03 18:12:00','2019-11-20 13:46:52'),(59,19,59,'debitis',9364,'{\"debitis - Adriano Chelentano\":\"0\"}','1992-02-12 16:32:12','2019-11-20 13:50:08'),(60,20,60,'aut',35418,'{\"aut - Adriano Chelentano\":\"35418\"}','1985-09-27 00:09:36','2019-11-20 13:46:52'),(61,1,61,'enim',8986,'{\"enim - Kombinatcia\":\"0\"}','1982-06-08 17:42:37','2019-11-20 13:50:08'),(62,2,62,'et',97039,'{\"et - Adriano Chelentano\":\"97039\"}','2007-11-05 17:30:42','2019-11-20 13:46:52'),(63,3,63,'qui',960744291,'{\"qui - Sandra\":\"960744291\"}','2008-12-17 08:15:05','2019-11-20 13:46:52'),(64,4,64,'facilis',51624,'{\"facilis - Adriano Chelentano\":\"51624\"}','2014-12-07 02:13:53','2019-11-20 13:46:52'),(65,5,65,'qui',274,'{\"qui - Adriano Chelentano\":\"274\"}','1979-09-29 22:24:59','2019-11-20 13:46:52'),(66,6,66,'id',6837,'{\"id - Adriano Chelentano\":\"0\"}','1984-02-14 03:15:53','2019-11-20 13:50:08'),(67,7,67,'molestiae',5804166,'{\"molestiae - Bony M\":\"5804166\"}','1980-07-08 17:06:07','2019-11-20 13:46:52'),(68,8,68,'perspiciat',433474415,'{\"perspiciat - Sandra\":\"433474415\"}','1991-03-02 08:00:42','2019-11-20 13:46:52'),(69,9,69,'quod',417384125,'{\"quod - Scorpions\":\"417384125\"}','1983-08-22 08:13:26','2019-11-20 13:46:52'),(70,10,70,'quos',88,'{\"quos - Sandra\":\"88\"}','1987-04-02 19:49:23','2019-11-20 13:46:52'),(71,11,71,'voluptate',963006339,'{\"voluptate - Bony M\":\"963006339\"}','1991-01-03 02:12:44','2019-11-20 13:46:52'),(72,12,72,'autem',6,'{\"autem - Sandra\":\"6\"}','2003-03-21 17:57:11','2019-11-20 13:46:52'),(73,13,73,'libero',598716,'{\"libero - Bony M\":\"598716\"}','2012-08-22 23:54:59','2019-11-20 13:46:52'),(74,14,74,'eaque',4627231,'{\"eaque - Scorpions\":\"4627231\"}','1991-08-22 09:42:16','2019-11-20 13:46:52'),(75,15,75,'tempora',639112033,'{\"tempora - Kombinatcia\":\"639112033\"}','1982-01-16 21:26:42','2019-11-20 13:46:52'),(76,16,76,'molestiae',47810,'{\"molestiae - Scorpions\":\"47810\"}','2006-09-22 13:06:16','2019-11-20 13:46:52'),(77,17,77,'ut',7228,'{\"ut - Sandra\":\"0\"}','1991-05-14 22:06:57','2019-11-20 13:50:08'),(78,18,78,'sed',93,'{\"sed - ABBA\":\"93\"}','2016-11-09 19:46:03','2019-11-20 13:46:52'),(79,19,79,'praesentiu',5629,'{\"praesentiu - Adriano Chelentano\":\"0\"}','1979-07-16 11:39:43','2019-11-20 13:50:08'),(80,20,80,'qui',6459,'{\"qui - Toto Kutunio\":\"0\"}','1997-01-11 05:33:31','2019-11-20 13:50:08'),(81,1,81,'eveniet',253434619,'{\"eveniet - Adriano Chelentano\":\"253434619\"}','1999-06-10 13:26:50','2019-11-20 13:46:52'),(82,2,82,'maiores',48543,'{\"maiores - Scorpions\":\"48543\"}','1996-04-30 03:44:49','2019-11-20 13:46:52'),(83,3,83,'ut',5040,'{\"ut - ABBA\":\"5040\"}','2001-10-12 21:20:07','2019-11-20 13:46:52'),(84,4,84,'vel',5408,'{\"vel - Scorpions\":\"0\"}','1998-05-13 14:50:34','2019-11-20 13:50:08'),(85,5,85,'odit',59404,'{\"odit - Adriano Chelentano\":\"59404\"}','1982-04-12 20:32:23','2019-11-20 13:46:52'),(86,6,86,'sunt',7664,'{\"sunt - Toto Kutunio\":\"0\"}','1975-04-20 03:12:49','2019-11-20 13:50:08'),(87,7,87,'repudianda',4778183,'{\"repudianda - Adriano Chelentano\":\"4778183\"}','1993-01-12 20:31:00','2019-11-20 13:46:52'),(88,8,88,'accusamus',214911,'{\"accusamus - Sandra\":\"214911\"}','2007-01-25 10:42:55','2019-11-20 13:46:52'),(89,9,89,'esse',1970,'{\"esse - Kombinatcia\":\"1970\"}','2006-06-17 10:57:49','2019-11-20 13:46:52'),(90,10,90,'voluptas',2095,'{\"voluptas - Bony M\":\"0\"}','1972-10-15 09:52:46','2019-11-20 13:50:08'),(91,11,91,'sunt',776629473,'{\"sunt - Bony M\":\"776629473\"}','1973-06-25 22:41:57','2019-11-20 13:46:52'),(92,12,92,'voluptate',58693422,'{\"voluptate - Sandra\":\"58693422\"}','1980-12-05 10:01:52','2019-11-20 13:46:52'),(93,13,93,'ratione',26516,'{\"ratione - ABBA\":\"26516\"}','2004-01-10 10:04:09','2019-11-20 13:46:52'),(94,14,94,'asperiores',5,'{\"asperiores - Bony M\":\"5\"}','1991-07-16 23:18:09','2019-11-20 13:46:52'),(95,15,95,'ratione',158785833,'{\"ratione - ABBA\":\"158785833\"}','1981-04-12 00:04:59','2019-11-20 13:46:52'),(96,16,96,'accusamus',812722,'{\"accusamus - Adriano Chelentano\":\"812722\"}','1990-05-26 01:03:14','2019-11-20 13:46:52'),(97,17,97,'quas',58513140,'{\"quas - Kombinatcia\":\"58513140\"}','2014-05-23 02:48:01','2019-11-20 13:46:52'),(98,18,98,'nesciunt',4756237,'{\"nesciunt - Adriano Chelentano\":\"4756237\"}','2007-10-02 17:03:28','2019-11-20 13:46:52'),(99,19,99,'assumenda',7483,'{\"assumenda - Kombinatcia\":\"0\"}','1981-01-17 10:59:11','2019-11-20 13:50:08'),(100,20,100,'eligendi',81156645,'{\"eligendi - Scorpions\":\"81156645\"}','2009-06-17 13:20:19','2019-11-20 13:46:52'),(101,1,1,'facilis',6774724,'{\"facilis - ABBA\":\"6774724\"}','2009-11-17 00:09:39','2019-11-20 13:46:52'),(102,2,2,'deleniti',7385420,'{\"deleniti - Adriano Chelentano\":\"7385420\"}','2003-12-25 17:04:08','2019-11-20 13:46:52'),(103,3,3,'reprehende',667,'{\"reprehende - Toto Kutunio\":\"667\"}','1987-12-12 13:30:49','2019-11-20 13:46:52'),(104,4,4,'autem',5120,'{\"autem - ABBA\":\"5120\"}','1984-12-04 01:31:50','2019-11-20 13:46:52'),(105,5,5,'qui',2659427,'{\"qui - Kombinatcia\":\"2659427\"}','2009-04-19 17:19:05','2019-11-20 13:46:52'),(106,6,6,'aut',1131,'{\"aut - Toto Kutunio\":\"0\"}','1997-01-10 03:37:47','2019-11-20 13:50:08'),(107,7,7,'nobis',98465,'{\"nobis - ABBA\":\"98465\"}','2010-02-03 05:10:43','2019-11-20 13:46:52'),(108,8,8,'suscipit',730,'{\"suscipit - Sandra\":\"730\"}','1983-08-22 18:36:00','2019-11-20 13:46:52'),(109,9,9,'ut',7,'{\"ut - Kombinatcia\":\"7\"}','1992-06-10 11:01:54','2019-11-20 13:46:52'),(110,10,10,'quo',642588,'{\"quo - Scorpions\":\"642588\"}','2007-05-09 15:35:05','2019-11-20 13:46:52'),(111,11,11,'dolorem',70,'{\"dolorem - ABBA\":\"70\"}','1984-12-28 18:32:22','2019-11-20 13:46:52'),(112,12,12,'et',3202,'{\"et - Bony M\":\"0\"}','1992-05-14 13:09:26','2019-11-20 13:50:08'),(113,13,13,'quis',87239,'{\"quis - Toto Kutunio\":\"87239\"}','2004-03-08 11:06:58','2019-11-20 13:46:52'),(114,14,14,'quis',22,'{\"quis - Bony M\":\"22\"}','1972-03-31 08:04:12','2019-11-20 13:46:52'),(115,15,15,'est',80,'{\"est - Kombinatcia\":\"80\"}','1983-10-09 11:06:12','2019-11-20 13:46:52'),(116,16,16,'qui',5,'{\"qui - Bony M\":\"5\"}','2018-10-26 13:05:45','2019-11-20 13:46:52'),(117,17,17,'consequatu',7,'{\"consequatu - Toto Kutunio\":\"7\"}','1998-02-22 03:35:31','2019-11-20 13:46:52'),(118,18,18,'aut',92118,'{\"aut - ABBA\":\"92118\"}','2012-06-17 01:00:22','2019-11-20 13:46:52'),(119,19,19,'labore',2619,'{\"labore - Sandra\":\"0\"}','1978-12-19 04:17:30','2019-11-20 13:50:08'),(120,20,20,'dolor',96,'{\"dolor - Toto Kutunio\":\"96\"}','2012-06-13 01:13:55','2019-11-20 13:46:52'),(121,1,21,'et',933,'{\"et - Bony M\":\"933\"}','1970-08-18 07:10:10','2019-11-20 13:46:52'),(122,2,22,'amet',74845024,'{\"amet - Sandra\":\"74845024\"}','1994-08-18 15:28:56','2019-11-20 13:46:52'),(123,3,23,'quidem',316404757,'{\"quidem - Toto Kutunio\":\"316404757\"}','1991-01-14 01:41:17','2019-11-20 13:46:52'),(124,4,24,'voluptates',599,'{\"voluptates - Adriano Chelentano\":\"599\"}','2012-11-08 15:13:42','2019-11-20 13:46:52'),(125,5,25,'voluptas',86133897,'{\"voluptas - Kombinatcia\":\"86133897\"}','1974-11-25 00:32:46','2019-11-20 13:46:52'),(126,6,26,'reprehende',140117521,'{\"reprehende - Adriano Chelentano\":\"140117521\"}','2007-02-28 15:25:47','2019-11-20 13:46:52'),(127,7,27,'deserunt',1301,'{\"deserunt - ABBA\":\"1301\"}','1978-11-26 08:56:38','2019-11-20 13:46:52'),(128,8,28,'voluptatum',3486,'{\"voluptatum - Bony M\":\"0\"}','1994-06-14 10:06:30','2019-11-20 13:50:08'),(129,9,29,'nulla',429046,'{\"nulla - Bony M\":\"429046\"}','1983-04-08 20:40:55','2019-11-20 13:46:52'),(130,10,30,'repellendu',9572,'{\"repellendu - Kombinatcia\":\"0\"}','2013-05-09 03:45:24','2019-11-20 13:50:08'),(131,11,31,'facere',487,'{\"facere - Kombinatcia\":\"487\"}','1983-02-28 10:01:11','2019-11-20 13:46:52'),(132,12,32,'voluptatum',30643,'{\"voluptatum - Scorpions\":\"30643\"}','2015-01-31 00:16:45','2019-11-20 13:46:52'),(133,13,33,'nesciunt',5820,'{\"nesciunt - ABBA\":\"5820\"}','2016-06-24 22:24:01','2019-11-20 13:46:52'),(134,14,34,'et',34033082,'{\"et - ABBA\":\"34033082\"}','1987-11-13 08:00:37','2019-11-20 13:46:52'),(135,15,35,'accusamus',2584702,'{\"accusamus - Scorpions\":\"2584702\"}','1971-05-25 17:35:57','2019-11-20 13:46:52'),(136,16,36,'dignissimo',7,'{\"dignissimo - Bony M\":\"7\"}','1996-05-10 12:23:01','2019-11-20 13:46:52'),(137,17,37,'reprehende',664046404,'{\"reprehende - Adriano Chelentano\":\"664046404\"}','2009-07-11 19:03:13','2019-11-20 13:46:52'),(138,18,38,'officia',9133770,'{\"officia - Kombinatcia\":\"9133770\"}','2018-03-04 03:31:27','2019-11-20 13:46:52'),(139,19,39,'maiores',563358,'{\"maiores - Adriano Chelentano\":\"563358\"}','2003-05-04 01:49:53','2019-11-20 13:46:52'),(140,20,40,'ullam',9177889,'{\"ullam - Scorpions\":\"9177889\"}','2003-09-30 14:26:36','2019-11-20 13:46:52'),(141,1,41,'quis',34671,'{\"quis - Kombinatcia\":\"34671\"}','1973-08-13 14:20:58','2019-11-20 13:46:52'),(142,2,42,'et',4691,'{\"et - Sandra\":\"4691\"}','1977-05-06 02:35:09','2019-11-20 13:46:52'),(143,3,43,'tempora',12,'{\"tempora - Kombinatcia\":\"12\"}','1986-06-16 10:06:43','2019-11-20 13:46:52'),(144,4,44,'quas',329982364,'{\"quas - Scorpions\":\"329982364\"}','1975-09-13 20:46:05','2019-11-20 13:46:52'),(145,5,45,'tempore',54219,'{\"tempore - Bony M\":\"54219\"}','1992-01-04 00:38:50','2019-11-20 13:46:52'),(146,6,46,'eveniet',27,'{\"eveniet - Kombinatcia\":\"27\"}','1971-10-27 13:37:20','2019-11-20 13:46:52'),(147,7,47,'incidunt',96248132,'{\"incidunt - ABBA\":\"96248132\"}','2002-07-07 00:38:46','2019-11-20 13:46:52'),(148,8,48,'rerum',424248027,'{\"rerum - Toto Kutunio\":\"424248027\"}','1988-06-29 14:43:39','2019-11-20 13:46:52'),(149,9,49,'aliquid',7402,'{\"aliquid - Adriano Chelentano\":\"0\"}','2014-02-20 20:48:41','2019-11-20 13:50:08'),(150,10,50,'doloribus',40,'{\"doloribus - Scorpions\":\"40\"}','1992-03-21 06:00:07','2019-11-20 13:46:52'),(151,11,51,'aut',9,'{\"aut - Kombinatcia\":\"9\"}','1996-04-12 10:48:23','2019-11-20 13:46:52'),(152,12,52,'repudianda',531,'{\"repudianda - Toto Kutunio\":\"531\"}','2001-05-01 19:24:42','2019-11-20 13:46:52'),(153,13,53,'tempora',587427,'{\"tempora - Sandra\":\"587427\"}','1974-09-17 17:45:34','2019-11-20 13:46:52'),(154,14,54,'aspernatur',1,'{\"aspernatur - Adriano Chelentano\":\"1\"}','1985-03-11 12:00:01','2019-11-20 13:46:52'),(155,15,55,'sed',47849815,'{\"sed - Toto Kutunio\":\"47849815\"}','1982-07-22 21:34:47','2019-11-20 13:46:52'),(156,16,56,'aut',2,'{\"aut - Adriano Chelentano\":\"2\"}','1978-04-29 03:09:02','2019-11-20 13:46:52'),(157,17,57,'iure',24643,'{\"iure - Kombinatcia\":\"24643\"}','2003-02-21 22:56:42','2019-11-20 13:46:52'),(158,18,58,'neque',542350867,'{\"neque - Bony M\":\"542350867\"}','2011-06-30 22:52:06','2019-11-20 13:46:52'),(159,19,59,'et',25,'{\"et - Bony M\":\"25\"}','1971-01-24 07:40:13','2019-11-20 13:46:52'),(160,20,60,'cupiditate',8296,'{\"cupiditate - Bony M\":\"0\"}','2018-04-22 09:32:38','2019-11-20 13:50:08'),(161,1,61,'modi',41732244,'{\"modi - Bony M\":\"41732244\"}','2001-12-18 17:03:48','2019-11-20 13:46:52'),(162,2,62,'provident',21980090,'{\"provident - Toto Kutunio\":\"21980090\"}','2014-09-03 08:17:17','2019-11-20 13:46:52'),(163,3,63,'adipisci',3736155,'{\"adipisci - Scorpions\":\"3736155\"}','1993-05-07 17:44:03','2019-11-20 13:46:52'),(164,4,64,'illo',4,'{\"illo - Scorpions\":\"4\"}','1979-08-27 11:14:45','2019-11-20 13:46:52'),(165,5,65,'iure',1,'{\"iure - Adriano Chelentano\":\"1\"}','1977-04-05 11:06:41','2019-11-20 13:46:52'),(166,6,66,'omnis',348,'{\"omnis - ABBA\":\"348\"}','1982-03-14 11:28:14','2019-11-20 13:46:52'),(167,7,67,'doloribus',32352822,'{\"doloribus - Scorpions\":\"32352822\"}','2007-08-21 21:04:38','2019-11-20 13:46:52'),(168,8,68,'eos',67976200,'{\"eos - Bony M\":\"67976200\"}','2001-07-26 10:41:20','2019-11-20 13:46:52'),(169,9,69,'voluptatib',900234,'{\"voluptatib - Sandra\":\"900234\"}','1993-03-30 16:59:36','2019-11-20 13:46:52'),(170,10,70,'nobis',53091,'{\"nobis - Toto Kutunio\":\"53091\"}','1972-12-18 04:42:52','2019-11-20 13:46:52'),(171,11,71,'saepe',80063974,'{\"saepe - Sandra\":\"80063974\"}','1987-01-30 15:17:32','2019-11-20 13:46:52'),(172,12,72,'sint',183616253,'{\"sint - Adriano Chelentano\":\"183616253\"}','1970-11-21 07:59:37','2019-11-20 13:46:52'),(173,13,73,'ut',9272,'{\"ut - Adriano Chelentano\":\"0\"}','2014-01-14 14:34:49','2019-11-20 13:50:08'),(174,14,74,'voluptatem',698602053,'{\"voluptatem - ABBA\":\"698602053\"}','2019-03-24 07:38:30','2019-11-20 13:46:52'),(175,15,75,'ad',203,'{\"ad - Toto Kutunio\":\"203\"}','2004-11-18 08:39:53','2019-11-20 13:46:52'),(176,16,76,'eligendi',5,'{\"eligendi - ABBA\":\"5\"}','2003-07-04 00:27:54','2019-11-20 13:46:52'),(177,17,77,'similique',8485,'{\"similique - Toto Kutunio\":\"8485\"}','1993-02-18 21:08:21','2019-11-20 13:46:52'),(178,18,78,'hic',527478,'{\"hic - Scorpions\":\"527478\"}','2019-04-20 05:27:41','2019-11-20 13:46:52'),(179,19,79,'ex',9107626,'{\"ex - Scorpions\":\"9107626\"}','1987-02-14 19:57:41','2019-11-20 13:46:52'),(180,20,80,'consequatu',620,'{\"consequatu - Scorpions\":\"620\"}','1994-08-19 00:26:01','2019-11-20 13:46:52'),(181,1,81,'consequatu',2,'{\"consequatu - ABBA\":\"2\"}','1983-11-30 04:17:39','2019-11-20 13:46:52'),(182,2,82,'dolor',83779,'{\"dolor - Bony M\":\"83779\"}','1993-05-18 09:37:49','2019-11-20 13:46:52'),(183,3,83,'soluta',1469,'{\"soluta - Adriano Chelentano\":\"0\"}','1993-03-04 22:49:09','2019-11-20 13:50:08'),(184,4,84,'iure',5939711,'{\"iure - ABBA\":\"5939711\"}','2008-05-18 21:05:28','2019-11-20 13:46:52'),(185,5,85,'ullam',584731,'{\"ullam - Toto Kutunio\":\"584731\"}','1982-07-21 14:11:45','2019-11-20 13:46:52'),(186,6,86,'mollitia',9532,'{\"mollitia - ABBA\":\"0\"}','2017-10-29 01:13:33','2019-11-20 13:50:08'),(187,7,87,'id',474820,'{\"id - Toto Kutunio\":\"474820\"}','1976-02-16 04:33:44','2019-11-20 13:46:52'),(188,8,88,'distinctio',3252,'{\"distinctio - Kombinatcia\":\"0\"}','2013-01-18 16:16:42','2019-11-20 13:50:08'),(189,9,89,'officiis',6676870,'{\"officiis - Scorpions\":\"6676870\"}','2012-02-27 03:12:33','2019-11-20 13:46:52'),(190,10,90,'voluptas',549130869,'{\"voluptas - Bony M\":\"549130869\"}','2010-05-16 12:34:57','2019-11-20 13:46:52'),(191,11,91,'totam',54,'{\"totam - Adriano Chelentano\":\"54\"}','1998-02-12 14:00:56','2019-11-20 13:46:52'),(192,12,92,'aut',8,'{\"aut - Toto Kutunio\":\"8\"}','1983-02-17 12:29:01','2019-11-20 13:46:52'),(193,13,93,'ipsam',88593,'{\"ipsam - Scorpions\":\"88593\"}','1987-03-10 23:39:11','2019-11-20 13:46:52'),(194,14,94,'omnis',918147,'{\"omnis - ABBA\":\"918147\"}','2008-01-04 09:43:26','2019-11-20 13:46:52'),(195,15,95,'eveniet',527433,'{\"eveniet - Scorpions\":\"527433\"}','1980-07-01 15:27:27','2019-11-20 13:46:52'),(196,16,96,'voluptas',436,'{\"voluptas - Toto Kutunio\":\"436\"}','1985-03-16 16:18:14','2019-11-20 13:46:52'),(197,17,97,'accusamus',7664,'{\"accusamus - ABBA\":\"0\"}','2004-12-31 20:01:53','2019-11-20 13:50:08'),(198,18,98,'labore',43280,'{\"labore - Kombinatcia\":\"43280\"}','1980-10-21 21:43:46','2019-11-20 13:46:52'),(199,19,99,'corrupti',197691830,'{\"corrupti - Toto Kutunio\":\"197691830\"}','1973-05-05 12:47:47','2019-11-20 13:46:52'),(200,20,100,'autem',72887216,'{\"autem - Bony M\":\"72887216\"}','2004-01-17 03:55:48','2019-11-20 13:46:52');
/*!40000 ALTER TABLE `media` ENABLE KEYS */;
UNLOCK TABLES;

--
-- Table structure for table `media_types`
--

DROP TABLE IF EXISTS `media_types`;
/*!40101 SET @saved_cs_client     = @@character_set_client */;
/*!50503 SET character_set_client = utf8mb4 */;
CREATE TABLE `media_types` (
  `id` int(10) unsigned NOT NULL AUTO_INCREMENT,
  `name` varchar(255) CHARACTER SET utf8 COLLATE utf8_unicode_ci NOT NULL,
  PRIMARY KEY (`id`),
  UNIQUE KEY `name` (`name`)
) ENGINE=InnoDB AUTO_INCREMENT=21 DEFAULT CHARSET=utf8 COLLATE=utf8_unicode_ci;
/*!40101 SET character_set_client = @saved_cs_client */;

--
-- Dumping data for table `media_types`
--

LOCK TABLES `media_types` WRITE;
/*!40000 ALTER TABLE `media_types` DISABLE KEYS */;
INSERT INTO `media_types` VALUES (10,'blanditiis'),(2,'consequatur'),(5,'corporis'),(15,'corrupti'),(19,'enim'),(14,'est'),(6,'et'),(8,'fugit'),(11,'ipsa'),(16,'iure'),(7,'natus'),(18,'nihil'),(3,'nostrum'),(1,'quia'),(20,'quisquam'),(13,'ratione'),(17,'sit'),(9,'tempore'),(12,'ullam'),(4,'voluptate');
/*!40000 ALTER TABLE `media_types` ENABLE KEYS */;
UNLOCK TABLES;

--
-- Table structure for table `messages`
--

DROP TABLE IF EXISTS `messages`;
/*!40101 SET @saved_cs_client     = @@character_set_client */;
/*!50503 SET character_set_client = utf8mb4 */;
CREATE TABLE `messages` (
  `id` int(10) unsigned NOT NULL AUTO_INCREMENT,
  `from_user_id` int(10) unsigned NOT NULL,
  `to_user_id` int(10) unsigned NOT NULL,
  `body` text CHARACTER SET utf8 COLLATE utf8_unicode_ci NOT NULL,
  `is_important` tinyint(1) DEFAULT NULL,
  `is_delivered` tinyint(1) DEFAULT NULL,
  `created_at` datetime DEFAULT CURRENT_TIMESTAMP,
  PRIMARY KEY (`id`)
) ENGINE=InnoDB AUTO_INCREMENT=301 DEFAULT CHARSET=utf8 COLLATE=utf8_unicode_ci;
/*!40101 SET character_set_client = @saved_cs_client */;

--
-- Dumping data for table `messages`
--

LOCK TABLES `messages` WRITE;
/*!40000 ALTER TABLE `messages` DISABLE KEYS */;
INSERT INTO `messages` VALUES (1,10,1,'Velit minus ut hic necessitatibus. Deleniti quia voluptatem fugiat nulla. Sed quo qui voluptates itaque ut esse amet.',1,0,'2015-07-30 18:58:55'),(2,75,32,'Rem magni inventore dolor voluptatem. Id non voluptate eaque adipisci. Adipisci ad non quia.',1,0,'2004-09-03 18:49:11'),(3,10,27,'Fuga cumque consectetur nostrum in asperiores quaerat. Doloremque dolorem est blanditiis ut quaerat. Enim voluptatem at repudiandae cumque sed inventore.',0,0,'2004-03-03 19:25:33'),(4,64,87,'Odit asperiores modi aliquid nemo. Odio cumque earum reiciendis. Qui aut vitae dolores eos. Et tenetur qui et doloremque qui et reprehenderit aut.',0,1,'1981-06-27 18:31:59'),(5,30,90,'Molestias et quia nulla reiciendis nesciunt libero molestiae. Neque qui ut alias omnis. Ratione officiis optio alias quia. Omnis officiis cumque sit ut minima architecto dolorum impedit.',1,0,'1978-01-29 05:21:47'),(6,16,83,'Occaecati fuga aliquam sint dignissimos. Sit optio et culpa quod quas facere cum. Fugit voluptatum esse rerum. Natus qui occaecati doloribus et quia quis.',0,1,'2002-04-30 07:08:29'),(7,21,85,'Quas quae eius et neque. Quibusdam nemo ullam cumque dolores et. Consequatur nostrum minima dolores unde velit magni.',1,0,'1993-05-11 22:01:39'),(8,4,56,'Necessitatibus atque ut voluptatem sunt eos quia quam. Aspernatur sed maiores consequatur eos. Aut totam id blanditiis odio qui voluptas.',0,1,'2010-02-09 05:40:45'),(9,45,81,'Neque velit et unde sed distinctio atque possimus. Eum nihil totam libero tempora accusamus. Repellendus enim repellat eius soluta.',1,0,'1983-03-30 13:53:39'),(10,57,21,'Voluptatem quia magnam aut pariatur debitis exercitationem ab et. Odio officia et cupiditate. Natus veniam deserunt velit et. Consequatur dolor sint dicta.',1,1,'2010-06-09 10:40:07'),(11,66,74,'Veniam laborum nobis vel. Eius odit qui sequi quis fugiat est. Aliquam eos non quidem est corrupti fugiat rerum. Unde neque odit facere laboriosam voluptatem.',1,1,'1995-08-21 04:27:41'),(12,25,56,'Ipsam nulla quasi aliquid ut pariatur. Aut eaque quidem neque ducimus excepturi nam. Incidunt temporibus voluptas similique minus nulla.',0,1,'2014-08-24 11:37:31'),(13,57,82,'Quidem laboriosam voluptas quia quam non. In non odit corrupti autem assumenda et occaecati. Voluptatem enim quia ut quos et ea ea. Excepturi in mollitia laborum et itaque aliquid accusantium.',0,0,'2000-06-23 14:32:37'),(14,38,64,'Accusantium explicabo culpa qui laudantium. Consequuntur officiis ut maxime nulla sed pariatur doloribus.',0,0,'1992-07-25 21:49:03'),(15,4,96,'Sunt omnis voluptatem et consequatur inventore eveniet repudiandae. Amet aut amet omnis quis. Voluptas est ut aut asperiores aliquid. Et quia iure optio velit quia explicabo aut dignissimos.',1,0,'1985-12-13 18:36:20'),(16,87,51,'Fugiat incidunt ullam harum nemo quia. Eaque perferendis qui fuga. Qui exercitationem neque dolores nihil molestiae officiis. Voluptas rerum repudiandae magnam eos libero non.',0,0,'2017-03-04 06:21:11'),(17,4,13,'Laborum et officiis illum natus quia. Quos sit consequatur facilis tenetur. Est deserunt possimus nihil corrupti tempore sed ut. Laudantium voluptates quod esse possimus eum quod sapiente dignissimos.',1,1,'1993-06-16 22:38:34'),(18,30,39,'Quia laborum illo doloribus illo ullam. Et saepe eum cupiditate dolores nihil molestias. Non eligendi et ea ea rerum rerum qui.',1,0,'2000-10-02 05:54:08'),(19,83,94,'Sunt enim impedit reprehenderit labore delectus dolor. Labore laudantium voluptatem ipsam culpa error. Id voluptas esse sed quia sunt at. Est quod aut praesentium magnam commodi tenetur iste et.',0,1,'2012-11-20 16:15:06'),(20,97,23,'Dolorem nostrum et soluta ducimus labore. Et quae optio atque sint eius. Ut perferendis quae quos. Repellat autem enim ipsa vel cum iure ad assumenda. Eos qui quis esse saepe cum quaerat.',0,1,'2014-03-23 13:21:34'),(21,34,94,'Dicta et quas consequatur suscipit. Corrupti corporis modi praesentium quae dignissimos facilis placeat. Eaque vitae hic nihil provident et nihil.',0,0,'2002-02-11 16:58:49'),(22,53,42,'Eius consequatur a aut iusto fuga. Aliquid praesentium itaque voluptatem libero quis.',1,0,'2017-06-26 17:37:06'),(23,90,61,'Exercitationem inventore est iste maiores dicta sed et. Aut rerum esse et vel provident.',0,0,'2019-09-22 16:41:45'),(24,10,85,'Molestiae praesentium molestiae tenetur earum et. Et asperiores possimus aut amet consequatur reprehenderit eos. Nulla voluptates voluptas quaerat quia facilis omnis. Omnis provident expedita vitae necessitatibus magni magnam necessitatibus.',1,0,'2014-11-16 04:00:33'),(25,29,14,'Autem dolores fuga quos quae culpa. Molestiae doloremque aut perferendis ex aut omnis asperiores est. Omnis in illo et laudantium. Cupiditate molestiae delectus iure at.',1,0,'1974-06-01 15:00:42'),(26,82,73,'Velit veniam incidunt repudiandae earum unde aut perferendis sapiente. Sed possimus et neque quia possimus ut. Est earum omnis sunt delectus sequi temporibus. Necessitatibus veniam repellendus beatae dolorem velit ipsa in.',1,0,'1975-12-28 12:44:15'),(27,9,51,'Quae ut voluptatem sed quo ut illum. Ab suscipit quo sit itaque eos. Nesciunt aut eum autem libero cumque unde quisquam.',0,0,'1971-11-27 14:06:26'),(28,87,88,'Explicabo quae mollitia tempora deserunt corporis. Commodi quo eius dolor temporibus sapiente dolorum.',0,1,'1986-08-04 04:30:52'),(29,2,72,'Aut sit esse at aperiam et et. Ratione eveniet nesciunt et quo neque totam. Est corrupti aut nihil enim voluptatum vero placeat. Doloremque in natus et eligendi ipsam est.',0,0,'1991-07-08 23:47:50'),(30,57,22,'Aperiam laboriosam in veniam voluptatibus. Libero doloribus vel ex enim. Saepe aut velit est. Saepe et quia non.',1,0,'2015-09-10 11:55:53'),(31,40,74,'Totam enim et est. In doloremque corrupti voluptatum quam. Nostrum consequatur est animi facere architecto voluptatem maiores et.',0,1,'1998-05-05 16:32:43'),(32,11,49,'Corrupti cupiditate commodi provident qui eum. Eius quis officia laborum aut. Vel quo expedita et sed.',0,0,'2018-11-13 13:23:13'),(33,65,3,'Ea aut architecto esse molestiae harum eos. Ut repellendus quia rerum similique error excepturi. Et maiores in officiis sint quibusdam amet vitae deserunt. Quis exercitationem facilis quasi cupiditate.',1,1,'1980-08-10 10:28:45'),(34,51,18,'Quidem aut facere ducimus non molestias nihil minus. Dolorum voluptatem veritatis deleniti. Nam non libero veniam corrupti. Libero ipsum et doloribus amet et.',0,1,'1970-03-04 06:20:49'),(35,84,5,'Nostrum odit quia nemo et. Quis quam nihil qui veritatis ipsum necessitatibus. Officiis voluptas nulla dolorem et eos est a.',1,0,'2002-06-16 04:00:44'),(36,91,38,'Ipsa voluptatibus non officia saepe nulla. Iure molestiae error quia. Illo et ut ab officiis placeat.',0,1,'2003-02-22 13:01:59'),(37,55,26,'Nihil delectus alias exercitationem corrupti facere ut. Et magni repudiandae qui cumque beatae. Quo aut totam asperiores.',1,0,'2019-01-23 22:33:08'),(38,17,95,'Exercitationem provident rerum eos optio et eos. Pariatur eos eveniet aut hic quod id sit. Quis rem et natus quam quo.',0,0,'1989-07-17 00:44:14'),(39,40,3,'Ut ea est quia quam. Cum voluptate labore repudiandae asperiores voluptatem. Ut debitis dolores pariatur natus eos deserunt perspiciatis omnis. Nisi consectetur temporibus laboriosam est in maxime. Quis itaque sed alias vel.',1,0,'2017-11-23 23:23:28'),(40,30,46,'Nemo ut recusandae voluptas voluptas provident harum. Neque quasi atque itaque sint et. Excepturi eos et facilis eius libero omnis exercitationem velit.',1,1,'1994-04-13 22:45:31'),(41,19,82,'Eos porro est repudiandae. Eos facilis accusantium maiores repellendus impedit et. Est autem rerum animi rem dolor.',1,1,'1978-12-22 14:14:44'),(42,27,23,'Quia aperiam quod consequatur dolores corporis voluptatem ipsa. Est voluptatibus reprehenderit perferendis occaecati dolorum qui. Itaque illum cum inventore et architecto delectus eveniet. Magni sit tempora sit id natus et.',0,0,'1972-05-15 01:41:08'),(43,17,75,'Placeat fugit dolores nam iure. Eveniet omnis veritatis officia voluptates aut perspiciatis possimus. Sit doloribus tempore fuga fuga et. Doloribus fugiat doloremque aut rerum accusantium voluptas. Consequuntur qui est at ipsum aut sit.',0,0,'1972-08-18 14:37:38'),(44,16,79,'Rem ut et animi. Sunt facere asperiores pariatur dicta vel magni quibusdam et. Nesciunt laboriosam ut dolore eligendi atque corporis cupiditate ea.',0,0,'1983-05-17 02:22:59'),(45,75,44,'Et magni et numquam omnis. Veritatis sed expedita voluptas dolor rerum est et iste. Rerum labore reiciendis incidunt deserunt iure voluptatem esse aut.',1,0,'2013-08-12 01:56:21'),(46,2,56,'Aut iste qui deleniti quo corrupti quos. Similique hic porro esse voluptatum nisi perspiciatis repudiandae omnis. Aut voluptas ut ex non laborum molestiae.',1,0,'1991-11-19 19:23:22'),(47,76,24,'Omnis nostrum dolore quia sint qui. Nostrum cupiditate autem ab. Exercitationem et ex rerum aut alias assumenda quia. Sunt voluptas quia distinctio in earum architecto.',1,0,'1991-11-14 20:13:08'),(48,52,54,'Similique vel illum non sunt accusamus possimus aperiam non. Maxime adipisci animi quas dolorem. Cum animi nesciunt reiciendis reiciendis incidunt rerum porro. Similique quae nihil assumenda voluptatem labore.',0,0,'1970-12-18 20:24:54'),(49,47,28,'Enim deserunt eveniet quia explicabo sit. Sed quos fuga nisi vel consectetur vero reiciendis. Sunt id at tempore esse autem. Ut nam earum eius nihil cupiditate.',1,1,'1971-09-18 14:29:45'),(50,93,12,'Magnam et dolores vel sed sed. Sit facilis est delectus aut impedit ducimus quia. Qui est perferendis maiores porro voluptatem in aspernatur.',1,0,'1984-05-19 21:51:02'),(51,60,47,'Modi expedita earum non consequuntur. Totam voluptatem ab delectus aperiam accusamus. Tempora iste assumenda error ut sint molestiae.',1,1,'1998-06-10 18:21:30'),(52,29,97,'Odio qui quae quo cumque. Illo beatae amet quod quas magnam est aut. Earum ratione non deserunt modi laborum magnam explicabo quos.',0,1,'2019-01-27 12:25:15'),(53,33,19,'Ea nihil hic asperiores. Aliquid cumque exercitationem soluta voluptatem. Deserunt voluptatem eos autem dolor voluptate sit eveniet.',0,1,'1977-11-01 21:22:20'),(54,85,80,'Qui deleniti modi inventore est tenetur illum dolorem. Rerum delectus rerum consequatur vero. Quis quis debitis tempora magni consequuntur ut non. Recusandae perferendis autem incidunt fugit perspiciatis ut aut.',0,1,'2018-06-07 00:49:12'),(55,35,87,'Aut voluptate architecto assumenda laborum molestias laudantium nobis. In dolor rerum nostrum expedita. Quis illum ea voluptas dolorum.',0,1,'1996-08-21 00:53:42'),(56,95,74,'Deserunt sit aut iure eum quae voluptatem. Excepturi sed ut aut et debitis. Dolorum dolorum ipsa ipsum ut praesentium officia omnis sunt.',0,0,'2006-03-25 18:52:37'),(57,43,58,'Optio ut consequatur hic eligendi. Quam odio ut qui cumque velit explicabo. Deleniti beatae autem rerum ut ad quae tempore.',1,0,'1986-08-23 05:03:36'),(58,85,87,'Et distinctio assumenda et dolorum. Ut dolor quasi aspernatur quo sed aut. Ea similique aut consequatur ut molestiae. Illo ut rerum et occaecati sint voluptatum dicta. Dolores ut voluptates est sunt exercitationem placeat sed.',1,1,'2018-11-09 19:37:47'),(59,13,16,'Possimus repudiandae repudiandae aut porro est sunt. Quae laborum nostrum facere itaque quo beatae fugiat. Mollitia repudiandae officiis dolor in consequatur.',1,1,'2002-07-15 23:44:55'),(60,35,68,'Quibusdam doloribus voluptas quod esse omnis magnam impedit. Ut exercitationem voluptatem id cum distinctio quo incidunt. Porro accusantium autem magni nulla porro quis repellat. A sapiente amet ipsam explicabo voluptatem quidem.',1,0,'2019-06-13 16:49:06'),(61,68,19,'Est neque deserunt qui ratione id. Repudiandae eos pariatur ut ut tempora et. Accusamus iure veniam et est beatae possimus illum et.',1,0,'2013-09-10 17:50:26'),(62,99,33,'Aliquid facilis dicta est architecto ad natus. Et temporibus odit et ratione quasi placeat rerum. Pariatur architecto deleniti ut aliquam quo consequatur. Saepe natus nostrum aut aperiam. Quia repudiandae laborum aliquid ad architecto ab velit.',0,0,'1994-06-09 19:29:05'),(63,66,74,'Itaque sit sapiente numquam commodi. Natus quis aliquid eos earum aliquid. Tenetur sunt aut ratione quam beatae. Saepe ad officia itaque ullam quo.',0,0,'2006-02-09 12:12:09'),(64,69,2,'Porro aliquid placeat ipsum omnis cum ad. Architecto et pariatur occaecati placeat inventore voluptatem. Non quia tempora autem.',0,0,'1996-05-26 17:37:49'),(65,6,14,'Sit magni et quaerat consequatur molestiae aperiam quod. Voluptatem sit cumque iusto amet quos.',1,1,'1991-11-29 07:42:00'),(66,82,14,'Sunt est voluptas iure ab. Natus debitis vel voluptas quia eum. Facere quia in praesentium repudiandae fuga nam. Quia id animi alias nostrum.',0,1,'1984-12-15 18:59:29'),(67,61,8,'Sed dolorum nesciunt sed earum repellat et. Voluptatem sequi quia voluptatibus rerum iste ut rerum. Asperiores quasi qui qui eius voluptatem aut.',0,1,'2008-03-11 04:45:55'),(68,20,42,'Necessitatibus omnis facilis libero id suscipit non. Ipsum eligendi aut nesciunt libero odit. Odio ut voluptate quia distinctio dolorem. Aut voluptatum temporibus rem tempore veritatis ratione et.',0,0,'1982-03-08 19:24:55'),(69,41,78,'Eum unde adipisci ut est aliquam est ut nostrum. A consequatur est odit et repellendus inventore. Ipsam eum consequuntur molestias magnam consectetur. Dicta eligendi aliquam eaque est.',1,1,'2002-06-09 05:07:57'),(70,51,95,'Saepe est cupiditate et id cum dicta. Vel esse voluptas atque. Est iste delectus quo velit libero quia omnis. Aut facere molestiae qui nihil quaerat architecto amet.',0,1,'1983-09-02 20:53:54'),(71,27,26,'Temporibus in tempore ut deserunt ad sint. Libero expedita soluta quia sint. Facilis et perspiciatis aliquid deleniti.',0,0,'2001-09-20 10:03:39'),(72,34,5,'Fugiat velit esse ex sed voluptatem repellat. Architecto id rerum suscipit et.',0,1,'1975-10-23 12:32:04'),(73,83,54,'Sunt id alias porro aliquid eveniet. Nisi doloremque voluptatem et itaque iure. Sequi sit minus sequi et expedita sunt amet. Et et velit ipsam.',1,0,'1984-09-04 21:33:16'),(74,36,88,'Animi dolorem quia expedita occaecati dolorem. Voluptates quod sit consequuntur sequi sequi nisi.',0,0,'1984-12-29 01:02:15'),(75,8,15,'Id illo eveniet et dolore minima esse non. Totam nemo ut ipsam sunt occaecati. Explicabo veritatis aspernatur aspernatur quia consequuntur voluptatem.',1,1,'1972-07-29 17:02:06'),(76,4,82,'Quis itaque corporis sequi reprehenderit at commodi qui sint. Sed reiciendis eum maiores nobis quae aut ea. Eum provident tenetur quo est.',0,1,'2008-03-29 17:43:55'),(77,58,91,'Itaque quaerat excepturi sit fugit itaque. Tempore velit deserunt ipsa nemo. Aut perferendis dolore et quis.',1,0,'1972-02-08 03:48:09'),(78,100,80,'Sed id praesentium illum natus quae quisquam non. Qui itaque qui repellat reprehenderit alias vel unde.',0,0,'2014-04-02 19:19:09'),(79,70,50,'Iure dolorem eum neque est consequatur. Officiis vel tenetur culpa alias dolore et consectetur. Beatae sit quia quo reiciendis tempore eos totam. Dolore in omnis reiciendis autem sed quia voluptas.',1,0,'2001-08-29 02:32:41'),(80,92,67,'Eaque placeat architecto fuga soluta omnis officia ut. Expedita officiis ut autem est eveniet sit voluptatem. Ea eum saepe quisquam velit itaque ut perspiciatis.',1,1,'1987-01-15 04:12:58'),(81,24,56,'Repellendus expedita officia delectus cumque omnis quae. Aut beatae debitis laudantium repellendus dolorem quia aliquid id. Voluptatem quibusdam eum consequatur corrupti commodi.',0,0,'1984-06-11 10:03:35'),(82,77,13,'Voluptatum repellendus iure aperiam possimus mollitia itaque voluptatibus. Maxime sint quaerat quisquam deserunt. Vero eum voluptas sit ab debitis. Voluptatem voluptas ea perferendis aut rem repellat.',1,0,'1971-01-05 18:11:40'),(83,18,62,'Omnis hic facilis provident atque cupiditate in delectus. Et vero neque aut sapiente qui. Quibusdam et eos ad eum. Tempore dignissimos alias esse maxime consequatur consequatur et enim.',1,1,'2015-02-08 14:14:33'),(84,47,81,'Quam fugit dicta omnis. Eius quae nihil non.',1,0,'2008-08-28 09:58:35'),(85,76,87,'Sint placeat aut distinctio ut ut nostrum. Molestiae illum atque nihil quasi voluptate optio culpa. Ea atque velit nostrum commodi.',0,0,'2016-01-22 12:23:51'),(86,71,82,'Voluptates corporis expedita voluptate rerum doloribus. Autem eius id quia autem quo et. Adipisci aliquid et deserunt repudiandae debitis. Accusamus est qui ipsam minima laudantium ut.',0,0,'1977-05-30 16:43:22'),(87,59,19,'At amet dolorem dolore totam eius repellat id. Est non quis voluptas. Velit quia in qui delectus. Mollitia similique quod illum nam.',1,1,'1997-05-15 10:01:43'),(88,76,57,'Reprehenderit tenetur voluptas quis et in exercitationem quam. Atque impedit aut quis hic temporibus deleniti impedit. Doloremque dolorem dolor consequatur ab dicta consequatur. Ut sed tempore et quia temporibus.',1,0,'1973-03-26 20:47:26'),(89,92,81,'Itaque reiciendis numquam soluta maiores et officiis. Fugiat sapiente qui eligendi aliquid eum. Recusandae cupiditate est animi sequi nihil id sint. Odio commodi illo blanditiis veniam deserunt.',1,1,'2007-02-06 11:28:25'),(90,50,71,'Est nemo culpa voluptatibus laboriosam. Reiciendis ipsam illo corrupti incidunt eos ea. Nesciunt sapiente est possimus magnam exercitationem.',0,0,'2007-04-22 14:52:26'),(91,96,91,'Neque libero vel asperiores ut eos. Velit dolor et enim alias quia quia adipisci nesciunt. Quo deserunt est eaque ut.',0,0,'1980-05-27 11:09:29'),(92,70,7,'Dolorum non ratione laborum incidunt perferendis qui aut. Quo officia minus voluptate distinctio non sit fuga. In qui quia ratione. Sed omnis sed veritatis hic. Vitae maxime nam veniam qui laborum.',0,0,'2010-09-24 00:28:53'),(93,18,14,'Maxime consequatur ea et ad repudiandae. Vitae consequatur enim at et. Voluptas sit itaque iste incidunt sunt. Minus inventore sit rerum fuga temporibus est dignissimos.',0,1,'2003-03-14 14:34:06'),(94,52,32,'Est dolorem commodi deleniti nisi et necessitatibus perspiciatis. Suscipit aut eaque error atque qui consequatur. Quod sed et consequatur mollitia molestias ea.',1,1,'1992-04-10 13:03:12'),(95,50,87,'Dolor dolor sit iusto porro laudantium quaerat. Quia voluptatem et accusamus esse odio eius autem dolorem. Et error quis magni et illo. Quod voluptatem numquam et fugiat velit.',0,1,'1974-07-01 06:07:30'),(96,19,43,'Eum adipisci sunt omnis et nulla. Nesciunt qui at fugit vero nemo. Quo voluptatem corrupti doloribus qui aut cumque similique iure. Maxime cupiditate atque debitis ab adipisci.',1,0,'1987-03-08 00:03:49'),(97,62,24,'Temporibus velit doloremque commodi. Rerum iste expedita omnis eum quo provident quis. Reprehenderit rem sed vel quis.',0,1,'2014-01-07 17:26:42'),(98,68,96,'Dolorem repellat cumque natus atque neque non laboriosam porro. Earum modi aliquid tempore corrupti dolorum natus mollitia. Omnis iure et sint consequatur praesentium iusto tempora. Et ratione ex sint ea adipisci autem ullam. Et ut illum esse.',1,1,'1980-06-06 17:53:32'),(99,100,44,'Quisquam nihil laboriosam soluta adipisci reiciendis. Placeat tempore maxime nulla. Consequatur harum iusto qui voluptatem excepturi placeat minima autem. Laborum et laudantium corrupti minima alias praesentium.',0,0,'2011-02-06 09:38:43'),(100,58,28,'Dolore et voluptatem velit eveniet ut repellat veniam amet. Voluptatem tempora rerum eius nesciunt. Assumenda minus ut et dicta corrupti.',0,1,'1985-07-31 12:58:13'),(101,17,84,'Eos expedita doloremque recusandae. Et eligendi quas ut rerum voluptas. Quaerat esse ut nam commodi ut doloremque.',1,0,'2014-07-31 05:23:18'),(102,16,41,'Consequatur qui sed eos fuga velit. Enim vel repellat quo quas occaecati ducimus. Dicta eos hic provident doloribus fugit.',0,1,'2013-08-21 07:07:24'),(103,46,70,'Ut in est asperiores aut totam debitis error numquam. Mollitia hic voluptatum harum aspernatur eos.',0,0,'1991-12-02 00:27:15'),(104,17,80,'Quis sed et aut quibusdam. Alias non adipisci doloremque sequi eos eum similique.',1,1,'2003-10-13 06:58:59'),(105,72,28,'Ut numquam laboriosam tempora facilis. Maiores ea quo tempore et earum similique id. Harum quo minus velit. Et aspernatur reiciendis velit ipsum exercitationem assumenda.',0,0,'1970-09-11 18:42:57'),(106,59,40,'Esse sapiente laboriosam deserunt in. Autem porro ex porro sunt ullam repellat consequuntur a. Et reprehenderit doloremque excepturi sunt ipsum. Deleniti corporis accusamus voluptatem dolor odio.',0,1,'2005-04-10 09:46:57'),(107,20,96,'Magni non labore quam vel eum provident. Possimus quam eaque pariatur deserunt delectus optio. Qui et quo ad quae ut recusandae quibusdam.',0,1,'1970-06-18 04:28:22'),(108,3,54,'Aut ut architecto et similique. Praesentium iste sit ipsam dolorem voluptas nisi ea totam. Quia aperiam culpa sed. Cumque ipsam minus et nihil sit.',1,0,'1980-03-15 20:36:54'),(109,30,61,'Distinctio repudiandae eos nobis ullam. Ratione accusantium et molestias et quia enim. Modi hic sed optio ea quaerat. Sed et quas rerum doloremque et velit. Dicta aliquam aliquid optio omnis harum at.',0,0,'2009-12-11 16:17:06'),(110,21,91,'Omnis eum consequuntur totam non. Deleniti corporis expedita hic unde adipisci perferendis. Quis non repellendus aperiam necessitatibus. Numquam odit dicta eveniet ratione laborum.',1,0,'2006-03-23 19:40:28'),(111,64,88,'Maiores aut blanditiis sed voluptas enim. Quo animi sed quae culpa commodi.',1,0,'1970-08-23 07:23:02'),(112,94,82,'Voluptas autem assumenda vitae reiciendis. Quos optio laudantium vel nisi non. Consequatur non officia officiis consequatur odio voluptatem.',0,0,'1990-05-14 17:15:06'),(113,79,66,'In placeat ut et perspiciatis omnis magni aut sint. Et dolor ut non. Rem mollitia doloremque modi qui itaque sint magnam.',1,1,'2009-12-27 05:20:43'),(114,47,91,'Dicta suscipit facilis autem autem amet voluptatem quam. A hic cupiditate cumque reiciendis aliquam quisquam. Dolores expedita eveniet cumque consequatur sequi dolore delectus.',0,0,'1996-08-13 20:01:23'),(115,35,42,'Cumque quia ut excepturi repellendus quas atque. Neque iure unde dolor quam quia adipisci. Modi expedita minus deleniti assumenda. Deserunt voluptatem doloremque iste ipsa. Possimus qui amet quo.',1,0,'1980-04-10 04:46:35'),(116,11,76,'Et nihil molestias saepe sed in totam. Vitae voluptas voluptas rerum ad maxime. Sed ullam pariatur quo ipsam et. Ut quam eius cumque nesciunt culpa et quis.',1,0,'1981-05-01 09:06:06'),(117,74,87,'Sunt veniam ut fugiat iusto odio quia in. Sed velit pariatur odio asperiores. Voluptatem nam dolore autem voluptatum voluptatum dicta quod. Magnam repellendus architecto sapiente totam. Voluptate ut blanditiis aut vel earum sed et.',0,1,'1973-04-20 21:29:10'),(118,48,44,'Et ut exercitationem nulla voluptatem est debitis ea. Ipsum quis voluptatem omnis quam placeat. Doloribus molestiae nam sunt ut est ab aliquam.',1,0,'2013-08-27 10:30:55'),(119,61,75,'Minima sint non sapiente quia provident minus. Qui labore voluptatem voluptatem nemo et magnam eum. Sit laudantium aperiam aut provident quis nam rerum. Repellendus sed natus voluptatem odit iure eveniet ullam. Corrupti nihil at a eos sit.',0,1,'2008-05-22 05:49:03'),(120,26,32,'Et ut saepe quod reiciendis. Itaque officia dolorem et exercitationem. Nihil autem nesciunt distinctio illum sit cumque expedita.',1,1,'2005-04-07 14:02:57'),(121,82,54,'Et quod eaque quod veniam non assumenda voluptas est. Harum quisquam consectetur necessitatibus et.',0,0,'1975-04-04 22:54:17'),(122,17,55,'Eveniet doloribus explicabo laborum in asperiores expedita sunt. Magnam aut nemo eos consequatur. Sit repudiandae nam praesentium necessitatibus quod sint natus neque.',0,0,'1978-05-11 06:32:32'),(123,91,71,'Animi repellendus consequatur temporibus omnis ea voluptas. Fuga laboriosam quis quia et. Libero et dolorem eligendi doloribus ab incidunt.',1,0,'2015-02-13 11:09:20'),(124,56,27,'Aliquam sunt quae id rerum quaerat optio commodi. Quo iure atque aspernatur omnis. Suscipit voluptates dolores voluptatem et.',0,0,'1995-04-29 05:33:38'),(125,32,4,'Quibusdam quia beatae sunt et non molestias architecto eligendi. Quos quo non accusamus expedita hic ut. Ullam explicabo voluptatem dicta. Qui omnis qui ab veniam nam cum excepturi. Debitis rerum praesentium dolores non.',0,0,'1990-03-12 18:55:35'),(126,11,16,'Eos sit temporibus asperiores animi est temporibus. Dolorem occaecati ipsum quis sunt commodi quisquam natus. Voluptas optio aliquid nihil architecto dolorem sit.',0,0,'2009-08-06 19:23:01'),(127,86,45,'Commodi et pariatur laborum cum veniam. Aperiam et qui est consequatur rerum excepturi ex. Ducimus rem ab eligendi non atque. Similique qui at iste inventore tempore similique reiciendis.',1,0,'2015-02-15 15:01:46'),(128,12,20,'Exercitationem est sed aperiam et et. Optio non molestias dolore eum et quia. Sit aut voluptas quo earum reprehenderit odio iusto consectetur. Cupiditate est corporis rerum suscipit.',1,0,'1978-10-27 19:40:48'),(129,95,64,'Nulla omnis est id esse. Saepe est vero ea autem voluptatem a nostrum. Non suscipit voluptates autem nemo aut dolor.',1,0,'2008-06-17 23:17:51'),(130,2,81,'Aut nihil maxime dolorem numquam. In in veritatis eligendi. Nisi provident pariatur quae voluptatum.',1,0,'1988-12-14 13:38:00'),(131,60,99,'Rerum illum vel suscipit aperiam sed magnam. Quidem facere omnis qui porro necessitatibus. Et et vel quam provident et. Officia qui cumque ipsa minus.',1,1,'2000-03-16 17:23:36'),(132,20,19,'Magni eum dolorum dolor voluptatem occaecati nisi minus. Consequatur occaecati aut consequatur ipsa consequatur eveniet eveniet. Consequatur corporis et commodi natus est quos iusto fuga. Quod quisquam consequuntur nostrum.',0,0,'2014-06-16 23:18:22'),(133,19,5,'Aut dolor harum odit voluptatum ut. Itaque quos iure pariatur hic eius qui deleniti consequuntur.',0,0,'1991-06-06 04:24:17'),(134,75,87,'Ad molestias qui numquam in eum. Vero quo minima consequatur fugiat natus nihil cumque. Quia perspiciatis et inventore possimus sunt eius.',1,1,'2018-03-16 21:17:58'),(135,32,42,'Porro ut molestias et quo enim dolorum. Cupiditate reiciendis minima sit iste. Aut id ipsum quam deserunt.',0,1,'2007-10-09 12:19:54'),(136,47,12,'Odio voluptates quam nemo commodi quis et doloremque. Ratione aliquid nulla tempore. Dignissimos dolor et voluptas.',1,0,'2000-06-07 14:56:54'),(137,21,35,'Quis doloremque non accusamus quas quia iusto. Ut sunt ea fuga cupiditate id iste. Aut voluptas sunt repellendus rerum.',0,0,'1991-03-07 03:03:51'),(138,4,52,'Tempore voluptas molestiae repellendus et aut. Optio et praesentium odit ipsam. Possimus voluptates possimus enim eos numquam enim et. Corrupti aliquid neque et laboriosam quia velit laboriosam impedit. Rerum ut dolorum adipisci aut perferendis occaecati eum.',0,1,'1993-07-01 17:02:20'),(139,35,24,'Amet incidunt voluptates voluptatum impedit nobis. Vel reiciendis in occaecati quos. Rerum autem occaecati rerum iste.',1,1,'1990-09-26 23:14:40'),(140,92,77,'Consequuntur magni magnam voluptas. Id veniam rem enim molestiae enim sint illum cumque. Aut voluptatem similique laudantium repudiandae. Atque quis quibusdam velit praesentium. Rem voluptatem est molestias dolorum sit ducimus provident.',0,1,'1978-11-03 11:10:39'),(141,39,12,'Accusamus distinctio praesentium architecto possimus soluta libero optio. Maiores tenetur pariatur voluptas sed. Est sint voluptatem dolor ullam incidunt quos.',1,0,'1971-06-24 19:56:15'),(142,15,86,'Vitae aut totam et optio sit. Voluptatem nihil et quia repellendus. Corrupti omnis suscipit praesentium voluptas modi dolorem soluta. Vero temporibus tenetur error rerum officia facere.',0,1,'1984-02-09 21:20:11'),(143,48,62,'Quos hic nam sunt quia repellat veniam adipisci hic. Inventore animi quis eos nihil occaecati. Tempore voluptate tenetur sapiente beatae. Ipsum amet eum est.',1,0,'2005-10-19 10:17:39'),(144,58,96,'Quisquam laudantium laborum fugit velit quidem. Perferendis asperiores non sit laborum.',1,0,'1984-05-30 17:35:39'),(145,29,59,'Enim temporibus odit suscipit ducimus. Esse laborum vel sequi recusandae ut. Ad nihil beatae sed ut quisquam.',1,1,'2016-04-15 06:17:04'),(146,11,81,'Deserunt enim natus odio soluta non. Magni vitae non ut necessitatibus. Dolorem quis hic autem aut exercitationem hic et enim. Perferendis aliquid cum repellat facilis qui odit. Consequatur modi eum fugit sint tempore.',0,1,'2014-10-08 21:36:42'),(147,18,75,'Repudiandae incidunt recusandae ut soluta ut ab itaque quia. Sint est aliquam sunt. Nesciunt quia magnam tenetur molestiae aut.',0,0,'2015-12-26 21:55:15'),(148,95,14,'Ipsum et iste qui molestiae nihil. Voluptatem fuga unde qui et aut consequuntur nesciunt quo. Incidunt et ad laboriosam maiores veritatis ipsum enim. Asperiores amet vitae quia alias.',0,0,'1974-01-11 05:22:13'),(149,44,82,'A molestiae pariatur ea quibusdam. Numquam autem corrupti aliquid quia doloribus aut eius. Qui quia qui nihil asperiores maxime delectus quisquam.',0,0,'2005-11-20 13:44:41'),(150,87,46,'Nisi voluptate aut voluptas. Consequuntur cupiditate commodi veniam possimus et facilis.',0,1,'1994-07-03 10:21:26'),(151,35,78,'Aut earum velit voluptatibus iusto iusto facere. Quidem numquam aspernatur ullam atque. Maxime optio dolores repellat vitae consequatur sapiente nulla. Mollitia suscipit saepe ad sequi et excepturi. Eaque aut hic rerum similique.',1,0,'1990-12-22 09:44:09'),(152,88,73,'Hic culpa dolores ipsum itaque consequuntur eos. Ut ullam consequatur dolorum blanditiis ullam saepe. Et magnam quasi et nulla quos.',1,1,'1993-08-31 17:40:04'),(153,89,88,'Eum in dignissimos et qui. Ut distinctio est omnis et eligendi eaque non. Ipsam debitis enim doloribus dignissimos incidunt distinctio consequuntur.',1,1,'2018-04-05 10:44:37'),(154,16,92,'Neque asperiores minima quibusdam voluptate beatae accusamus ut quia. Ducimus nihil aliquid repellat blanditiis. Non nesciunt id aut deserunt consectetur dolorum. Voluptatem eos laudantium pariatur animi consequatur.',0,0,'1977-09-17 15:03:20'),(155,10,41,'Fugiat et est eaque omnis ratione iste explicabo. Labore et est veniam quasi ipsa laudantium. Fugit beatae excepturi ut molestias inventore rerum officia necessitatibus. Dolores officiis dignissimos natus autem.',1,1,'1981-02-07 12:32:15'),(156,83,81,'Veritatis accusamus neque qui illum quae. Ut suscipit corrupti mollitia ex recusandae perferendis animi. Et dolore nemo earum veniam iste reprehenderit.',1,0,'1987-06-05 12:10:50'),(157,80,37,'Necessitatibus ut fugiat aut est. Odit consequatur aut tempora ratione quam. Qui laudantium placeat qui eveniet fuga vitae minus. Aut aut suscipit repudiandae.',0,0,'1981-11-12 07:20:56'),(158,6,73,'Quia labore eos consectetur repellat sunt. Voluptates nulla debitis rerum praesentium. Libero voluptatem expedita voluptates aut.',1,0,'1991-07-09 20:59:12'),(159,38,2,'Velit illum aut dolorum qui blanditiis et. Ut atque reiciendis asperiores aut sed neque amet. Voluptatem quia incidunt hic sit asperiores asperiores at culpa. Earum repellat laboriosam dignissimos odit aut molestias.',0,0,'2006-03-24 16:38:19'),(160,41,21,'Maiores consectetur dolores saepe libero ullam eaque dolores. Id possimus fugiat pariatur eveniet. Quibusdam amet dolores enim doloribus ex.',0,0,'1978-03-22 12:51:35'),(161,6,62,'Unde velit quasi incidunt non repellendus maxime rerum et. Voluptatem nam nulla animi recusandae. Est tenetur voluptatem laborum.',1,1,'1978-04-19 04:49:43'),(162,83,36,'Ut in inventore saepe quia deleniti alias sed. Sit quis dolorum quibusdam odio exercitationem. Quia aut fugit itaque et necessitatibus. Iusto et reprehenderit molestiae non id debitis qui.',0,1,'1980-05-10 03:22:36'),(163,24,78,'Voluptates aliquid quam blanditiis et. Soluta quis voluptatum reprehenderit asperiores minima qui quis. Alias vel necessitatibus est illum necessitatibus quos labore. Molestias praesentium tenetur sed velit sint nihil.',0,0,'1985-07-04 19:36:32'),(164,68,23,'Beatae quis ea nisi. Quasi repellat vel dolores. Ut a quia facilis vel qui. Ipsum suscipit ea repudiandae fugiat ut maxime.',0,0,'2010-03-07 22:51:42'),(165,58,20,'Ut aut exercitationem et eos et cupiditate fuga excepturi. Omnis a commodi aliquam ut. Magnam at suscipit saepe expedita aut vitae amet. Velit tempore quia provident voluptatem fuga soluta. Rerum quaerat molestiae tenetur repellendus consequatur iste.',1,1,'2011-05-24 23:40:47'),(166,18,33,'Ut molestiae ipsum ut ut omnis quis. Corporis dolores nemo quisquam quas. Esse suscipit odit voluptas reprehenderit nobis culpa alias.',1,0,'1978-11-16 13:17:24'),(167,79,80,'Aut corporis similique nesciunt cumque. Ex accusamus magni quasi consequatur quae aperiam praesentium. Odio assumenda temporibus ut dolor et.',1,0,'1994-05-02 23:39:21'),(168,48,86,'Saepe ipsum qui dignissimos sit ad nulla voluptas. Recusandae dolorem quia quisquam quasi. Consequatur quia asperiores veritatis eum pariatur reprehenderit architecto. Ut non iusto atque.',0,1,'1998-02-27 15:27:57'),(169,42,68,'Voluptatem enim aliquid cumque quasi natus. Rerum repudiandae ratione cumque ipsam aperiam quo. Ipsam laudantium harum libero cumque sapiente. Atque sit neque temporibus maxime sed reiciendis.',1,1,'1985-06-27 02:47:44'),(170,23,79,'Dolores nobis quisquam error enim minus. Voluptatem ex ut necessitatibus. Ullam possimus quia occaecati similique aut et voluptates.',1,0,'1985-05-09 17:03:42'),(171,59,13,'Tempora sunt quidem quia est fugiat. Sit iste voluptatem est enim accusamus est corporis libero. Officiis exercitationem maiores optio incidunt.',1,1,'2009-12-29 08:17:03'),(172,57,25,'Harum ad dolorum et quia. Provident libero error fuga est nemo dolor cum. Error culpa et quam veritatis animi atque modi.',0,0,'2007-04-21 08:14:09'),(173,27,76,'Vel iure voluptates repellat qui. Nisi optio facilis quaerat eaque. Hic quos aut deleniti pariatur cumque asperiores molestiae. Non deleniti repellendus dolores possimus earum vel.',0,1,'1985-12-23 21:29:30'),(174,76,32,'Non incidunt alias est enim perspiciatis itaque ex. Placeat doloribus et voluptatem dolore. Nam vitae dolores corrupti ipsa.',0,1,'1994-02-04 03:18:04'),(175,78,92,'Cupiditate omnis voluptatem deserunt perspiciatis. Consequatur asperiores rerum velit eos et sit facilis. Rerum aspernatur inventore veniam culpa eos odio. Aut quia iste facilis voluptas beatae omnis pariatur velit.',1,0,'1992-09-09 06:57:05'),(176,86,74,'Perspiciatis soluta non id quidem magnam voluptatibus et atque. Nostrum reprehenderit assumenda fugit perspiciatis sunt ullam officiis. Architecto et qui neque facere. Id saepe et natus ad.',0,1,'1982-08-29 04:15:22'),(177,83,30,'Vel dolores qui blanditiis. Veritatis eaque est omnis molestias. Rerum quo tempora ut blanditiis eligendi.',0,0,'2005-11-28 18:29:24'),(178,80,58,'Architecto necessitatibus est rem labore blanditiis architecto voluptas. Fugiat corporis ipsum velit ipsam. Voluptatem id ipsum possimus fugiat. Blanditiis dicta molestiae ducimus aspernatur. Consequatur quisquam odio et qui.',0,1,'2011-05-20 09:44:36'),(179,88,21,'Ut porro dicta sunt. Provident enim sint minima iusto voluptas eius iure. Saepe voluptatem amet voluptatem ipsam.',0,0,'2008-12-13 04:35:09'),(180,39,65,'In dolores hic nam dolores. Necessitatibus est amet doloribus aspernatur. Autem facere mollitia aperiam error corrupti ea ea. Debitis incidunt consequatur quia corporis.',0,0,'1989-12-25 06:55:58'),(181,2,79,'Natus ut quis a magni. Voluptatum libero facilis est non similique. Dolores qui dolore molestiae eos pariatur debitis non atque.',0,1,'2017-08-04 00:47:25'),(182,7,23,'Expedita voluptatem ipsam et temporibus aliquam. Excepturi minima optio itaque vel. Magnam perspiciatis nulla qui et totam quia.',0,0,'1972-05-21 13:51:30'),(183,100,37,'Omnis eos consequatur suscipit deserunt vitae impedit dignissimos. Corrupti consequatur est consequuntur. Voluptas fuga voluptas commodi itaque.',0,0,'1996-09-27 08:46:04'),(184,80,9,'Sit et officiis cumque debitis in natus temporibus. Non quae sapiente ex veritatis atque. Nulla in debitis quis architecto. Porro dolor repudiandae ipsum in voluptatem dolores.',0,1,'1992-07-05 09:41:22'),(185,62,26,'Doloribus odit possimus veritatis omnis et pariatur quia. Molestias aliquam error similique molestiae recusandae adipisci et. Porro eum rerum vero dolores et occaecati sint molestiae.',0,0,'2008-01-10 03:20:18'),(186,3,38,'Veniam placeat et quia sint voluptatibus dolores. Ut voluptas quia expedita placeat. Odit et sed necessitatibus in velit odit iusto. Nobis natus nesciunt eius culpa quod. Dolorem eligendi minus rerum exercitationem aut.',1,1,'2014-12-04 08:29:08'),(187,30,80,'Et ut vel similique voluptas. Voluptatem id minus enim placeat explicabo eum. Debitis similique velit fugiat laboriosam nemo qui natus.',0,1,'1998-10-08 03:00:26'),(188,70,41,'Eos et officia distinctio non. Dolore voluptatibus non delectus animi nihil non voluptatem nesciunt. Iste vitae ut voluptates quae sunt aperiam. Rerum nihil sit et soluta impedit libero.',0,0,'2009-08-21 07:24:05'),(189,17,52,'Dolor recusandae ea quis et. Rem voluptates soluta consequatur odio eveniet reiciendis rerum. Praesentium explicabo quas voluptatem ut ratione placeat non. Quo tenetur et nulla eaque fugit.',0,0,'1999-09-14 22:58:55'),(190,5,87,'Voluptatem saepe ipsa eos eos aut odit. Repellat quod ducimus magnam autem dolor. Iusto illum et voluptas et. Repudiandae maiores eius sed dolor ipsa odio quis mollitia. Labore sint deserunt eveniet magnam quos eum.',1,1,'1970-04-14 17:21:59'),(191,68,95,'Quae distinctio voluptate animi. Eius dolorum odio voluptatibus inventore et. Fuga atque et doloribus enim vero. Fugit iste nisi id odit.',1,0,'2015-09-23 00:35:56'),(192,24,19,'Neque aliquam officiis aut omnis culpa saepe iure soluta. Aut molestias quas ipsum harum nobis. Nesciunt ea quibusdam commodi eum rerum quibusdam ipsam.',0,0,'1975-09-29 23:07:14'),(193,33,12,'Quasi eveniet voluptatum ab quo aut sunt alias. Beatae non qui qui voluptatem. Iste quis occaecati porro facilis quasi. Consequatur eum quasi aut repellat et doloremque perferendis voluptatem.',0,1,'1989-03-28 03:05:15'),(194,39,100,'Veniam sed molestiae quis. Itaque neque sit veritatis sint atque. Eos dolore dolores nostrum aut labore nostrum. Id illum nam itaque doloribus et laborum.',0,1,'1985-12-24 15:25:52'),(195,2,55,'Beatae quisquam ea voluptates dolore et sequi ut. Voluptatem nobis numquam deserunt aut consequatur aut. Itaque minima quo quod. At perferendis dignissimos libero modi rerum.',0,1,'2000-04-30 14:07:40'),(196,20,7,'Voluptatibus in eum nostrum est et quae fugit. Quos odio mollitia ullam sed. Qui autem mollitia voluptatem similique dolorum incidunt. Eum dolorem omnis aut voluptatem dolor.',0,0,'1995-06-21 17:19:22'),(197,89,95,'Consequatur amet tempora aut quia ullam molestias itaque. Quis officia et voluptas. Non voluptatem odio maiores ratione. Voluptate eos odio nam eum. Voluptatem consequatur ea id voluptatum quia voluptatibus mollitia.',0,0,'1991-06-13 11:56:07'),(198,31,4,'Modi culpa odio animi. Et sit ab aut optio sit quo aut. Qui eum dolores nisi. Praesentium quo velit qui est et dolor.',1,1,'1998-05-30 01:25:54'),(199,37,57,'Officia dolorum iure non unde nihil id enim. Neque aut sit consequuntur consectetur pariatur. Sed rem quaerat ea aperiam.',0,1,'1996-08-06 05:43:55'),(200,20,50,'Autem totam laboriosam quae laboriosam esse quod dignissimos. Quaerat aliquid quidem facilis sequi recusandae voluptatem ex quasi. Non earum illum ad laborum ex.',1,0,'2000-12-04 22:10:44'),(201,91,45,'Aut aut hic quidem nesciunt. Recusandae ut quae magnam sunt.',1,0,'2014-07-11 20:50:01'),(202,47,38,'Et vel harum et est. Magnam adipisci amet ullam veniam et molestias voluptatem. Ut maxime deleniti reprehenderit quod voluptas. Accusantium expedita et blanditiis esse omnis enim facere.',0,0,'1994-07-02 05:44:07'),(203,89,91,'Aliquid ratione non sit voluptatem fugit sit. Et voluptas sed autem fugiat repellendus id sapiente. Praesentium voluptatem delectus ipsum iusto molestias error.',0,0,'2005-04-08 01:59:07'),(204,50,24,'Voluptate in quae impedit impedit enim tempore dolorem. Reprehenderit dolor pariatur id nemo est quidem ad. Autem sunt cum et provident et assumenda incidunt.',1,1,'2008-01-31 04:33:51'),(205,76,54,'Ut itaque itaque vel aut omnis natus repellendus. Dolores numquam quo porro quos ipsam nostrum molestiae. Ut quia et reprehenderit quam dicta debitis beatae. Similique illo pariatur est labore.',1,0,'1997-11-05 08:57:57'),(206,14,89,'Vel dolores autem dolore nesciunt sed sint. Minima facilis voluptatem magni provident. Libero exercitationem reprehenderit facilis voluptate quo in eos laborum.',0,0,'1997-07-05 15:37:55'),(207,39,18,'Qui adipisci sit dignissimos tempora laudantium est ut rem. Et commodi quaerat dolore voluptas. Commodi voluptatem et est inventore fuga.',0,1,'2012-12-20 22:08:51'),(208,42,38,'Aspernatur earum vel amet quibusdam dolor necessitatibus. Aliquam autem vero blanditiis quo. At eos facere aut perspiciatis ut.',1,0,'1997-10-14 23:14:19'),(209,49,12,'Dolores minima unde accusamus animi. Eum deserunt velit autem pariatur dolor doloribus. Autem velit est magni tempore omnis quidem expedita alias. Architecto distinctio voluptatum nihil voluptatem omnis iusto.',1,1,'1981-03-11 18:26:32'),(210,31,7,'Qui veritatis est dignissimos hic porro nihil. Necessitatibus atque dolorem similique praesentium et. Laudantium perferendis voluptatem aut itaque consequatur qui. Vel similique amet quidem voluptatem quo blanditiis.',0,1,'2017-11-12 07:39:25'),(211,94,44,'Est nostrum quas vel similique optio. Architecto soluta reiciendis voluptatum quis.',0,1,'2016-04-04 12:40:30'),(212,37,39,'Magni consequuntur rerum explicabo aut vitae. Consectetur dignissimos sapiente architecto necessitatibus voluptatem fuga. Soluta eligendi sed adipisci nihil in. Ratione qui unde id qui laboriosam.',1,1,'1997-03-17 17:17:11'),(213,95,48,'Expedita maxime culpa veniam delectus cumque. Ex ut aliquid in eligendi est rerum.',0,0,'2012-01-23 07:26:10'),(214,28,27,'Qui et at molestiae. Ducimus aut ut voluptatum pariatur assumenda. Quo tenetur illo cupiditate ab vitae rerum.',0,1,'1972-10-06 05:59:17'),(215,14,75,'Temporibus et velit magnam incidunt et doloribus. Quam perferendis et id voluptas corrupti qui nobis. Est dolor natus odit.',1,1,'1995-01-17 15:01:14'),(216,14,49,'Beatae ut nemo commodi delectus deleniti voluptas distinctio. Modi et assumenda fugit voluptatem adipisci enim. Labore aut qui numquam eius.',1,0,'2012-09-14 09:56:26'),(217,50,36,'Consequatur et pariatur quod nihil cumque. Aspernatur in doloremque magnam voluptatem dolorum nesciunt natus. Molestiae enim et consequatur quisquam. Occaecati officia temporibus ab qui harum. Accusamus totam natus dolores fugit reiciendis error.',0,1,'2010-07-21 19:02:56'),(218,39,53,'Deserunt tempore nihil eum animi et quas praesentium enim. Est animi quas nostrum. Atque possimus sunt officiis fugiat debitis. Quisquam aut nostrum deleniti fugiat recusandae aliquam.',0,0,'2018-10-23 18:01:59'),(219,12,69,'Pariatur non consectetur repellendus eius et esse aut in. Vitae dolor dolorum natus in quo. Aperiam architecto placeat est. Error dolor saepe doloribus molestiae voluptates ea. Autem temporibus nihil quod quam dolores error soluta.',0,0,'1988-06-12 20:17:09'),(220,94,36,'Et amet fuga et quaerat at. Ut officia aliquid ducimus eaque enim omnis. Quia corrupti saepe explicabo et doloribus vero ullam. Magni distinctio quod repellat expedita atque dignissimos.',1,0,'1992-07-19 18:30:41'),(221,92,9,'Quis aspernatur sapiente consequatur nisi. Qui tempora qui unde eius non commodi sit omnis. Ratione possimus hic odio impedit iusto suscipit. Illum est quis voluptates numquam rerum dolorem.',0,1,'1970-08-20 19:34:27'),(222,36,54,'Et saepe maxime amet consectetur dolores totam sequi odit. Voluptates et repellendus error quas. Nobis qui molestias molestiae ratione modi quibusdam. Eaque aut consequatur saepe.',1,1,'1998-06-06 19:14:24'),(223,67,97,'Asperiores ullam laudantium sit nesciunt qui consequatur. Reiciendis neque minima ipsam omnis. Tempore sequi tenetur aperiam. Quia praesentium ipsum quo molestias velit eveniet.',1,1,'2007-03-06 01:13:36'),(224,35,63,'Qui consequatur cupiditate quia voluptas ullam. Ab accusantium dolorem officiis explicabo aliquam. Aliquid debitis quia et et eveniet.',1,0,'2002-08-31 18:56:54'),(225,28,3,'Fugiat minus sed sit ut. Voluptatem quas consequatur et deleniti non. Modi esse id ullam ipsa vitae.',1,1,'1984-03-21 18:33:33'),(226,21,67,'Cupiditate debitis in deleniti non. Dolores cumque ex nostrum accusamus. Molestiae soluta non ut temporibus iure.',1,0,'2003-03-18 10:17:26'),(227,45,17,'Voluptate alias ipsum odio mollitia sunt. Cumque dolorum fugit rerum accusantium omnis amet omnis veritatis.',0,0,'1977-04-26 01:38:42'),(228,32,70,'Minima mollitia ut necessitatibus ipsam consequuntur vel eligendi autem. Aliquam voluptas ipsam accusantium aliquid quas. Sit corporis sit illum voluptatem porro eaque.',0,1,'1978-04-13 10:51:33'),(229,19,88,'Enim eveniet saepe consectetur. Facilis accusantium at consequatur iusto quia eum. Ea architecto aut quis corporis possimus est sunt.',0,1,'1981-06-05 19:05:20'),(230,100,50,'Dolorum est ut sunt ea maxime laborum explicabo consequatur. Architecto ab assumenda consectetur. Eaque sint esse a nesciunt.',1,1,'1995-10-01 17:35:09'),(231,32,22,'Dolorem dignissimos sed provident dolore deleniti. Ipsum voluptatem animi dolorem illum. Delectus recusandae dolor dolorem dolorum quia consectetur pariatur. Sapiente vel porro et.',0,1,'1991-05-22 18:06:25'),(232,6,18,'Veritatis quaerat ipsam in eos. Itaque repellendus quibusdam qui accusantium beatae sed iste. Mollitia repellat consequatur expedita. Provident earum sed molestiae quod mollitia ab.',0,1,'2011-09-01 18:42:13'),(233,4,10,'Incidunt et velit delectus perferendis et sint fuga quia. Nobis quos non aut eius corrupti.',0,0,'1997-10-25 06:43:38'),(234,48,85,'Maxime est eaque eum cum. Quis dolore tempora temporibus molestias iste voluptatem pariatur.',0,0,'2001-07-28 05:51:19'),(235,3,78,'Modi inventore dignissimos hic mollitia culpa fugiat quo eaque. Molestiae vitae quidem esse ducimus eum. Ut eum distinctio dolores optio est illo fugit.',0,0,'2009-10-15 20:02:13'),(236,58,35,'Itaque libero laboriosam dolores dolores nam aut. Sed provident rem saepe odio voluptatibus qui. In iure nam aperiam necessitatibus autem aut.',0,1,'1993-01-28 17:48:14'),(237,40,89,'Aut corrupti repudiandae rerum consequuntur perspiciatis quibusdam. Ut optio sequi non eius ipsa et hic. Eum accusantium praesentium perspiciatis in ratione aut recusandae. Ullam omnis nemo quaerat omnis expedita omnis.',1,1,'2017-07-16 07:36:45'),(238,42,62,'Est amet doloribus aspernatur eius. Perferendis aut voluptatum quia eum soluta sint. Rerum non aut est mollitia est ipsum nam amet. Aliquid iste illo ut totam ut ad et. Eos illo blanditiis ea eos omnis.',1,0,'1994-05-20 06:23:17'),(239,99,61,'Architecto consequatur velit modi ipsam et perspiciatis. Nulla voluptas sunt sunt cumque perspiciatis nam vitae voluptatibus. Rerum consequuntur aliquid officiis magnam distinctio sapiente. Enim incidunt modi enim veniam soluta.',0,1,'2000-06-01 06:30:19'),(240,12,3,'Adipisci recusandae voluptatum dolor occaecati optio consectetur. Enim aspernatur quae sint. Consequatur voluptatum voluptas ut nihil temporibus.',0,1,'1999-01-24 01:56:34'),(241,52,22,'Et voluptatem et inventore et est reiciendis. Rerum vel optio ducimus non voluptatem et. Dolorem deleniti beatae qui iusto alias dolores.',1,1,'1978-02-10 19:33:53'),(242,54,97,'Ab minima dolores consequuntur et ipsam iusto. At et ut et aspernatur neque distinctio. Labore itaque quaerat autem sit.',0,1,'2018-11-29 16:37:50'),(243,51,93,'Et ut dicta consequatur sed. Cum ipsa repellat et ipsa ut.',1,1,'2006-06-15 10:24:33'),(244,3,28,'Sint dignissimos non libero sapiente perspiciatis quo. Vel et minus fugit. Dignissimos aliquid aliquam asperiores et sit et.',0,1,'1981-07-25 08:55:57'),(245,5,12,'Neque consectetur ratione ut maiores eaque. Error quis maxime qui exercitationem.',1,1,'2012-06-09 06:33:23'),(246,35,44,'Ut aut dignissimos quos illum doloribus eligendi ut quidem. Beatae ut architecto et et aut qui optio. Harum mollitia velit quas magni voluptates nemo. Qui quia inventore harum nemo temporibus.',0,1,'1985-07-02 10:16:16'),(247,92,63,'Sequi temporibus ea nulla pariatur et. Et unde eaque reiciendis sit illum quasi qui. Corrupti cumque expedita dolor eius voluptate.',1,1,'1980-03-05 06:04:04'),(248,78,8,'Aperiam sapiente sunt eaque cupiditate placeat soluta sed. Qui quia sunt voluptas quasi. Eveniet tenetur assumenda rem dolor adipisci omnis. Est numquam et nostrum vero consequatur. In cumque id dolores.',1,0,'1994-04-12 13:18:36'),(249,30,70,'Dolorem illo ut et eos. Sed temporibus voluptas numquam excepturi. Magni similique expedita mollitia qui debitis necessitatibus. Suscipit numquam earum et.',1,1,'1976-03-22 01:37:52'),(250,90,35,'Velit id et in tempora voluptatum itaque facere. Numquam asperiores error amet nam rem qui. Et voluptatem culpa aliquam.',0,1,'1996-11-30 06:05:42'),(251,23,51,'Sunt illum est omnis tempore commodi quod. Qui inventore id ut libero perspiciatis fugit dolor quia. Numquam rerum nulla quod autem eos.',1,0,'1980-03-04 18:05:28'),(252,26,98,'Asperiores vel pariatur non rem. Odio explicabo nobis beatae totam voluptatem tempora. Nemo ratione consequuntur est temporibus illum rerum dignissimos. Sapiente ut accusantium aperiam dolorem ab inventore.',0,0,'1978-06-18 07:47:51'),(253,79,28,'Aliquid tempore mollitia rerum sed qui et consectetur. Voluptatem iure ex ut vitae maiores.',0,1,'1992-04-08 02:38:05'),(254,67,75,'Dolores est quae ea reiciendis eligendi maiores. Et minima sed exercitationem. Qui autem magni tempora qui. Cupiditate iusto ut culpa voluptatum porro officia quia. Occaecati laboriosam ex voluptate totam magni et.',0,0,'2003-01-31 07:43:30'),(255,91,31,'Nam sint earum quam accusamus sed. Vel voluptas hic voluptas est quia. Corrupti minima non qui voluptatem eos beatae. Facilis esse amet expedita. Fugiat numquam perferendis maxime qui ea.',0,0,'1980-08-05 12:46:44'),(256,77,49,'Totam sit omnis placeat sequi quibusdam dolorum harum. Et iste ut consequatur sint cum minima quia. Qui ut fuga suscipit hic quidem perspiciatis commodi.',1,1,'1989-09-18 16:05:43'),(257,52,2,'Omnis ut est assumenda fugit. Qui asperiores laborum cumque omnis. Sit enim aperiam sed ad voluptatem eos. Veritatis hic consectetur vero cumque neque.',0,1,'1990-08-03 13:26:03'),(258,21,88,'Magnam laudantium vero voluptatum. Et temporibus quia eaque dicta. Beatae quibusdam maiores eum sunt.',0,1,'1972-03-17 21:20:13'),(259,98,52,'Iure quidem quidem optio voluptatem vel. Ab quae vitae eveniet delectus.',1,1,'1998-01-31 23:10:26'),(260,93,36,'Magnam aut perspiciatis architecto totam perferendis. Sequi deleniti amet sunt nostrum repudiandae ipsum. Et vel cupiditate rerum quidem quia. Architecto sit iure eius illum maxime ut porro saepe.',0,0,'2012-12-08 15:55:55'),(261,92,7,'Illum quis voluptatem odit placeat. Ut officiis dolorem sint nesciunt officia in voluptatum nulla. Hic voluptatem et sit ullam dolores dolorum autem.',1,0,'2000-08-13 09:55:24'),(262,57,35,'Dolor impedit accusantium libero. Illo adipisci quis minima provident. Inventore cumque deserunt qui aut praesentium sit earum. Non esse nobis quia eos illo officia.',1,1,'1981-02-28 16:26:49'),(263,35,85,'Est qui suscipit quis minus enim. Nesciunt ea iusto exercitationem dolorum. Consectetur aut odit error quae ut.',1,0,'1975-11-10 11:30:13'),(264,93,35,'Cupiditate sed repellat quia exercitationem sint. Eos ullam dolorem perferendis vero qui.',0,1,'2016-10-16 11:33:34'),(265,17,21,'Eum alias numquam commodi dolor voluptatem nobis incidunt. Voluptates sequi est ut est suscipit odit accusamus aut. Quam ut eum accusantium rem ipsa aliquam. Harum ut quis molestias a.',1,1,'1999-03-22 07:05:37'),(266,62,69,'Quisquam amet ut iste repudiandae optio doloribus. A rem quam veritatis aliquid est nam sit. Et deserunt animi voluptatem. Provident dolor molestias eum eaque quasi consectetur eaque.',1,1,'2004-08-26 21:27:01'),(267,19,34,'Et voluptas perferendis quia dolor nobis. Sapiente quam iure voluptas similique assumenda provident. Eligendi aut porro cumque commodi rerum officia. Qui est temporibus accusamus tempora.',0,1,'2012-07-25 08:46:07'),(268,43,100,'Quia voluptatem autem sed veniam aut. Aspernatur qui porro cupiditate libero ipsum voluptas. Harum natus id repellat veniam molestias. Magnam quod asperiores nihil voluptates libero.',0,0,'1981-11-15 15:35:12'),(269,92,26,'Distinctio id voluptatem illo omnis maiores iusto nulla ducimus. Autem nulla optio est. Ullam qui voluptatem quia ut totam. Impedit hic odit sint qui fugiat.',1,1,'1990-02-16 23:16:50'),(270,45,76,'Et et inventore quidem ipsum deserunt. Exercitationem blanditiis laudantium blanditiis aut. Quaerat quia et quasi quo facilis. Sit unde aperiam et.',0,1,'2012-07-08 13:37:12'),(271,9,24,'Quia ex ea aut. Ipsam rerum voluptas quae necessitatibus unde nam qui. Est possimus et beatae laudantium dolorem voluptatem. Maxime dolorum amet architecto architecto dolor ducimus ipsa amet.',0,0,'1974-10-07 04:07:41'),(272,5,23,'Blanditiis dolore et et quia tempora sapiente. Provident est rerum rem exercitationem ea rerum. Placeat porro quasi atque aut autem vero.',0,1,'1994-10-12 03:45:28'),(273,46,19,'Expedita earum sit rerum similique. Veniam sit repellendus et vitae tenetur aspernatur id.',1,0,'1978-08-15 13:28:05'),(274,65,39,'In quibusdam qui tenetur illum. Quas fugit provident voluptatem excepturi aut maiores ducimus voluptatem. Non molestias dolores enim eos eum.',0,0,'1994-06-03 03:09:52'),(275,78,26,'Dolor quia sit dolorem esse cupiditate sed provident accusamus. Omnis ipsum assumenda possimus. Maxime possimus quis est iure eveniet nulla at sed.',0,1,'2003-09-06 23:08:24'),(276,33,86,'Commodi aut dolor et doloremque enim. Delectus voluptas consequatur deleniti modi. Molestias quisquam eum exercitationem occaecati dolore autem dolor. Aut qui enim error totam id sit ut. Cupiditate incidunt modi et et molestiae.',1,1,'1988-09-27 22:40:38'),(277,62,54,'Fugit rem temporibus nihil praesentium natus. Est dolor est laudantium velit nemo. Velit aut ea doloremque eos minus.',0,0,'1993-04-03 17:50:10'),(278,28,88,'Ullam ab tenetur voluptatem rerum. Quia occaecati excepturi esse sequi et eos ipsam. Reiciendis quis ipsam ipsam nisi. Non laboriosam quo blanditiis odio quo et.',0,1,'2005-03-31 04:08:17'),(279,32,9,'Consequatur facilis ut dolores temporibus consequatur. Laborum atque illum similique adipisci ipsum voluptatem laudantium.',0,0,'1994-03-30 11:39:06'),(280,5,61,'Et aliquam quas non eius velit consequatur. Odio molestias sit debitis. Dolores magni et nisi illo aliquam consequuntur unde sit. Nihil nostrum quaerat qui deleniti.',1,0,'1982-10-06 16:26:20'),(281,40,85,'Sed vero quo commodi et quas laudantium ut. Consectetur excepturi quis id soluta vel dignissimos nobis quis. Id minus voluptatum nostrum ipsum.',0,1,'2003-07-07 02:12:36'),(282,44,76,'Unde cumque nam corporis facere vitae reprehenderit similique. Libero sunt tempora dicta eos eligendi. Earum iusto placeat quia ut aliquid.',1,0,'1978-05-18 09:10:30'),(283,91,35,'Non tenetur eaque autem et inventore iusto quo rerum. Quasi et soluta eos est nihil. Voluptatem deleniti dolores ducimus quis. Ut sed nam mollitia et.',1,1,'1983-06-08 10:25:21'),(284,63,5,'Porro iure quidem eum non expedita sint id eligendi. Vero culpa nobis laborum sed ipsam veniam expedita. Iusto eius rem exercitationem qui praesentium quisquam.',1,0,'2016-12-25 19:23:14'),(285,88,18,'Omnis dicta similique in. Quam ut atque atque ut sit ut. Ut hic repudiandae et dolore quidem explicabo.',1,1,'1986-09-09 04:58:00'),(286,74,55,'Quos nostrum sed dolorem. Et voluptatem qui a quia.',0,0,'2011-12-16 01:07:47'),(287,32,51,'Facilis excepturi sit voluptatum soluta nulla placeat. Dolore tenetur harum animi aut iure quibusdam. Ad inventore expedita amet illo dolorem molestiae aliquam. Et voluptas placeat eaque sit.',1,0,'2003-03-04 20:43:35'),(288,15,100,'Est mollitia dolor non repellat assumenda dolores id. Ducimus et quae laboriosam provident consequatur eos itaque. Et officia ducimus ut perferendis. Accusantium est voluptas corporis quod maxime.',0,1,'2002-09-19 03:07:59'),(289,33,95,'Et quos rerum veritatis dolorum sit consectetur accusantium. Ut animi optio incidunt praesentium. Ad tempora dolore qui ipsam odio sint eos.',0,1,'1972-09-06 01:28:42'),(290,85,1,'Quia reiciendis molestiae mollitia dolorem qui molestiae. Exercitationem perferendis repellat aliquam commodi. Unde ea distinctio quo dolorum autem nesciunt. Ut blanditiis et fugit minus sequi in reprehenderit.',1,1,'2009-11-15 16:10:21'),(291,54,6,'Voluptatem voluptas quo molestias porro perferendis debitis perspiciatis. Velit facilis quia accusamus in atque accusantium suscipit. Pariatur ab eligendi qui sunt sed earum et.',1,1,'1985-06-05 15:34:51'),(292,68,47,'Repellendus corporis quis quas ratione. Accusantium aliquid asperiores dolores sequi et. Cumque non numquam cumque et accusantium sit quos corrupti. Praesentium dignissimos mollitia amet voluptatem minus nisi.',1,1,'2017-05-03 15:28:05'),(293,58,18,'Reiciendis aliquid animi id tempore possimus. Qui voluptatum commodi voluptatibus. Maiores doloribus dolorem eos voluptatum molestiae eius at. Accusamus reiciendis doloremque distinctio aut.',0,1,'1989-07-26 06:19:20'),(294,20,100,'Dolorem vitae aperiam unde debitis et. Optio voluptatibus hic laboriosam autem.',1,1,'1989-02-02 07:11:25'),(295,96,51,'Non temporibus sint deleniti. Earum facere similique est itaque et. Iure a nobis dolor velit sunt nulla autem.',0,1,'2010-01-19 14:15:18'),(296,39,41,'Quod laborum voluptatum cum ut impedit consequuntur culpa. Et iure provident nihil corrupti. Dolor ducimus non sit iure placeat consequatur.',1,0,'2019-10-23 10:10:04'),(297,96,13,'Iste quis eum quis ad voluptas repudiandae. Architecto numquam magni quia libero. Non et accusantium dicta nulla. Sit eveniet qui nobis est ut perferendis omnis in.',0,0,'2002-10-30 04:04:32'),(298,19,11,'Voluptas vitae voluptates quibusdam iure commodi minima molestiae. Debitis veritatis voluptatum officiis expedita vel dolore molestias. Placeat nesciunt voluptas officia et. Distinctio et nesciunt ipsam ut. Earum sapiente quaerat fugiat ea ut ipsam.',0,1,'2013-05-30 12:50:38'),(299,58,91,'Voluptatem pariatur doloribus quod ab sint. Minima porro et ducimus recusandae fugiat soluta nihil. Nobis earum quasi nulla provident quia.',0,0,'1992-10-07 18:34:17'),(300,35,66,'Dolores quia qui consequuntur atque qui id ut. Esse sapiente consequatur ut sunt id eligendi. Itaque dolorem quasi velit qui quod. Dolorum adipisci quae a quia qui aliquid omnis.',1,1,'1975-04-28 09:09:01');
/*!40000 ALTER TABLE `messages` ENABLE KEYS */;
UNLOCK TABLES;

--
-- Table structure for table `profiles`
--

DROP TABLE IF EXISTS `profiles`;
/*!40101 SET @saved_cs_client     = @@character_set_client */;
/*!50503 SET character_set_client = utf8mb4 */;
CREATE TABLE `profiles` (
  `user_id` int(10) unsigned NOT NULL,
  `sex` char(1) CHARACTER SET utf8 COLLATE utf8_unicode_ci NOT NULL,
  `birthday` date DEFAULT NULL,
  `hometown` varchar(100) CHARACTER SET utf8 COLLATE utf8_unicode_ci DEFAULT NULL,
  `photo_id` int(10) unsigned NOT NULL,
  PRIMARY KEY (`user_id`)
) ENGINE=InnoDB DEFAULT CHARSET=utf8 COLLATE=utf8_unicode_ci;
/*!40101 SET character_set_client = @saved_cs_client */;

--
-- Dumping data for table `profiles`
--

LOCK TABLES `profiles` WRITE;
/*!40000 ALTER TABLE `profiles` DISABLE KEYS */;
INSERT INTO `profiles` VALUES (1,'m','1992-01-20','Boganview',50),(2,'m','1984-04-19','Edythbury',22),(3,'f','1980-01-16','Brandymouth',11),(4,'f','2005-04-09','Bentonshire',36),(5,'m','2009-01-19','West Macytown',19),(6,'m','1975-12-07','North Modesto',67),(7,'m','1997-07-10','Macktown',3),(8,'m','2013-08-22','Lake Paula',27),(9,'f','2000-04-02','Arnulfoside',1),(10,'f','2002-12-04','East Issac',81),(11,'f','2004-07-14','Lake Edmundport',45),(12,'f','1974-05-12','Antwonbury',11),(13,'f','2000-09-18','Port Rosemariefort',60),(14,'m','2000-07-07','New Marcel',44),(15,'m','1994-05-29','New Carolehaven',70),(16,'f','1971-12-07','East Kendrickland',90),(17,'f','2010-12-29','Crooksstad',23),(18,'f','2017-08-28','South Johnathon',53),(19,'f','1979-06-06','Jadonside',85),(20,'f','1972-11-01','Windlerside',98),(21,'m','2006-02-07','West Haliefort',79),(22,'m','2004-11-30','Lake Justina',67),(23,'m','2019-06-06','East Baronmouth',59),(24,'m','1971-10-23','Gibsonburgh',100),(25,'f','2001-12-11','Jakubowskichester',55),(26,'m','1978-03-26','West Bradly',73),(27,'f','1984-07-21','South Ludwig',4),(28,'f','2018-02-17','New Shyannemouth',59),(29,'f','1991-11-06','South Jillianton',47),(30,'m','2015-05-27','Lake Shawnatown',68),(31,'f','1970-02-12','Ollieville',31),(32,'m','2008-06-13','Lornatown',54),(33,'f','1997-11-15','West Dessiefurt',57),(34,'m','1993-07-03','Amparohaven',66),(35,'m','1987-02-19','Keiratown',64),(36,'m','1999-12-30','Brainville',41),(37,'f','1986-08-16','Fridaview',40),(38,'m','2013-09-17','New Taylor',59),(39,'m','1970-07-23','Howellburgh',26),(40,'m','1971-04-03','Lake Edwardoton',88),(41,'f','2016-12-31','Lake Cierra',44),(42,'f','1978-11-11','Reichelton',63),(43,'f','1981-01-10','Lake Jaeden',85),(44,'f','1971-09-04','Chasitymouth',24),(45,'m','1985-12-09','Port Hankchester',43),(46,'m','1978-07-10','Kundeborough',9),(47,'m','2017-04-12','West Deven',53),(48,'f','2005-12-03','Amaliafurt',58),(49,'m','2014-01-30','South Bo',39),(50,'m','1985-07-23','West Addison',17),(51,'m','1990-11-11','West Nikkomouth',15),(52,'m','2011-12-01','Alizehaven',90),(53,'m','2013-07-02','Isabellaborough',58),(54,'m','2011-11-13','Wilberfurt',76),(55,'m','2000-06-06','East Garlandberg',35),(56,'f','1991-01-13','Lexusstad',14),(57,'f','1977-11-28','North Lucindaberg',27),(58,'m','1989-09-20','Ivafurt',50),(59,'f','1987-06-12','New Eusebiobury',97),(60,'m','1991-12-02','Schowalterchester',9),(61,'f','1991-01-09','South Garret',51),(62,'m','2003-06-26','Micahport',35),(63,'m','2011-10-09','Gottliebhaven',23),(64,'f','1972-08-27','Jordanborough',82),(65,'m','1974-09-20','Rutherfordhaven',3),(66,'f','2011-08-30','Zacheryville',39),(67,'m','2016-08-23','Borerborough',36),(68,'m','2007-02-24','Port Arturo',38),(69,'f','2003-08-26','Langton',5),(70,'m','1980-07-11','Ellisberg',91),(71,'m','1990-09-03','Lake Fleta',52),(72,'m','1980-04-11','Cadefort',5),(73,'f','1996-01-20','Jakubowskistad',63),(74,'m','2003-11-27','West Matteo',13),(75,'m','1994-04-10','East Mohammed',48),(76,'f','2006-10-04','New Earnestine',78),(77,'f','1980-12-13','Rebekahfurt',20),(78,'f','2012-06-10','Dedricstad',24),(79,'m','1988-11-12','Port Verniemouth',93),(80,'f','2006-06-02','Wilsonside',45),(81,'f','2008-08-29','Schillerville',71),(82,'f','2003-06-18','East Jane',84),(83,'m','1980-05-24','Lawsontown',29),(84,'f','1972-07-16','East Emmie',16),(85,'f','1971-05-17','East Percival',65),(86,'m','2002-07-06','Ritchieville',78),(87,'m','2002-03-05','Josiannebury',44),(88,'m','1978-12-28','Reillyport',19),(89,'f','1998-03-03','Kristianberg',45),(90,'m','2008-01-30','East Nigel',14),(91,'m','1979-05-18','Colbymouth',39),(92,'m','2014-01-02','Lake Lavinia',91),(93,'f','2011-08-19','East Bernadine',32),(94,'f','1985-06-15','East Hunterside',22),(95,'m','1970-03-09','Rueckerborough',67),(96,'m','2014-01-23','North Ellishaven',5),(97,'f','2002-10-13','Whiteshire',58),(98,'m','2001-02-21','North Jamison',59),(99,'m','1993-10-03','Kuhlmanhaven',88),(100,'f','1972-11-27','Laurenchester',87);
/*!40000 ALTER TABLE `profiles` ENABLE KEYS */;
UNLOCK TABLES;

--
-- Table structure for table `users`
--

DROP TABLE IF EXISTS `users`;
/*!40101 SET @saved_cs_client     = @@character_set_client */;
/*!50503 SET character_set_client = utf8mb4 */;
CREATE TABLE `users` (
  `id` int(10) unsigned NOT NULL AUTO_INCREMENT,
  `first_name` varchar(50) CHARACTER SET utf8 COLLATE utf8_unicode_ci NOT NULL,
  `last_name` varchar(50) CHARACTER SET utf8 COLLATE utf8_unicode_ci NOT NULL,
  `email` varchar(100) CHARACTER SET utf8 COLLATE utf8_unicode_ci NOT NULL,
  `phone_number` varchar(12) CHARACTER SET utf8 COLLATE utf8_unicode_ci NOT NULL,
  `created_at` datetime DEFAULT CURRENT_TIMESTAMP,
  `updated_at` datetime DEFAULT CURRENT_TIMESTAMP,
  PRIMARY KEY (`id`),
  UNIQUE KEY `email` (`email`),
  UNIQUE KEY `phone_number` (`phone_number`)
) ENGINE=InnoDB AUTO_INCREMENT=101 DEFAULT CHARSET=utf8 COLLATE=utf8_unicode_ci;
/*!40101 SET character_set_client = @saved_cs_client */;

--
-- Dumping data for table `users`
--

LOCK TABLES `users` WRITE;
/*!40000 ALTER TABLE `users` DISABLE KEYS */;
INSERT INTO `users` VALUES (1,'Madilyn','Waelchi','cindy.heidenreich@example.net','04783056618','1984-12-02 19:56:46','1992-08-25 00:48:14'),(2,'Ozella','Satterfield','thaddeus22@example.org','(335)539-625','1981-06-04 03:28:29','1979-09-17 02:48:28'),(3,'Duane','Tremblay','tristin02@example.com','153-956-6552','1988-08-07 15:18:12','2006-10-27 05:42:36'),(4,'Dustin','Bogisich','drew50@example.org','1-850-595-17','1989-03-28 05:17:52','1990-07-10 14:47:46'),(5,'Kathryn','Dicki','botsford.marcos@example.net','729-081-3609','2008-04-16 02:41:19','2007-07-22 17:23:44'),(6,'Karley','Lockman','ara84@example.com','399-351-0130','2005-08-29 17:50:20','1984-10-14 22:03:04'),(7,'Angelina','Hyatt','dean70@example.net','1-777-042-61','1982-06-01 19:51:26','1994-12-19 16:04:28'),(8,'Colin','Hirthe','dusty67@example.com','+62(5)518154','1982-06-15 18:44:27','1971-12-22 22:22:15'),(9,'Bradly','Dach','percival35@example.org','407.157.1543','2011-05-08 01:13:34','2007-02-24 23:39:55'),(10,'Aurelio','Kulas','scotty53@example.com','00028163641','2007-12-14 12:13:30','2005-12-17 22:02:22'),(11,'Lee','Hilll','mraz.laverne@example.com','(754)136-190','2004-05-11 07:44:37','1994-09-03 15:18:45'),(12,'Nakia','Koss','lindgren.trace@example.com','293-689-5035','2014-02-15 13:40:09','1978-03-14 14:04:29'),(13,'Dayna','Volkman','jazmyne00@example.net','174.699.1174','1981-08-15 23:40:18','2015-08-12 16:48:06'),(14,'Nigel','Satterfield','xwatsica@example.net','(847)721-026','1983-02-17 10:52:21','1989-12-23 07:00:39'),(15,'Florida','Berge','henri38@example.net','(230)843-232','1978-05-28 12:13:17','1983-04-21 10:08:28'),(16,'Jeromy','Zemlak','noble42@example.com','+30(6)377621','1996-07-02 12:38:21','2006-07-27 13:25:13'),(17,'Ara','Shanahan','schultz.otis@example.com','00320612559','1989-02-12 12:28:18','1985-01-04 17:25:16'),(18,'Isaiah','Roberts','hansen.katarina@example.com','328-977-5449','1998-05-27 07:19:15','2000-10-01 16:01:45'),(19,'Julian','Kohler','erika71@example.org','1-418-980-72','2019-06-12 01:10:54','1984-03-30 13:11:55'),(20,'Willard','Treutel','pgrant@example.com','01913537047','2001-01-07 22:16:10','1986-07-22 03:31:22'),(21,'Gloria','Pfeffer','cgibson@example.net','1-624-729-22','2017-01-18 01:39:12','1987-04-24 22:17:37'),(22,'Maryam','Osinski','lon.breitenberg@example.com','(254)548-203','1999-04-13 15:40:06','1976-09-03 07:28:45'),(23,'Bethany','Ortiz','hans.bradtke@example.net','1-404-161-93','1990-05-23 16:59:59','1974-05-09 16:22:27'),(24,'Emerson','Windler','lubowitz.adam@example.com','741-213-9351','1989-05-09 22:51:50','1984-02-15 12:07:54'),(25,'Margie','Bailey','asia98@example.org','911-470-0452','1996-11-12 17:11:04','1981-10-21 15:24:00'),(26,'Rahsaan','Schultz','bartoletti.connie@example.com','1-029-553-93','2018-12-04 18:41:09','1983-10-14 00:41:01'),(27,'Andre','Breitenberg','prohaska.alexanne@example.org','+95(4)838370','1976-06-01 23:44:57','1974-03-19 00:00:50'),(28,'Gayle','Grimes','uveum@example.com','528-205-2938','1979-09-27 11:08:14','1991-04-30 13:20:46'),(29,'Oma','Kunze','ankunding.golden@example.org','091-491-7461','1984-02-18 02:44:32','2006-11-04 17:32:10'),(30,'Adelbert','Hegmann','ruecker.alessandro@example.net','340-608-8613','2018-11-26 19:00:14','2007-01-29 02:25:10'),(31,'Holden','McCullough','tommie.ruecker@example.net','554-091-4132','1979-07-04 22:05:24','2017-01-25 03:52:21'),(32,'Armand','Homenick','muller.carmine@example.net','235.513.7509','1986-05-26 05:33:52','2008-05-25 12:28:13'),(33,'Nathanael','Brekke','delbert.ritchie@example.org','+86(9)267303','1985-05-20 19:50:46','1978-02-14 00:25:38'),(34,'Evie','Wolff','raymond.king@example.net','994-431-6307','1971-02-22 04:10:48','1983-12-06 19:58:36'),(35,'Treva','Crist','bernice53@example.com','012-042-3227','2012-02-21 15:01:30','1985-12-12 05:02:30'),(36,'Landen','Beahan','christelle11@example.org','1-720-642-30','1987-09-05 08:11:36','1998-08-31 04:34:55'),(37,'Brennan','Ruecker','isidro.kuhlman@example.com','1-666-874-43','1992-05-15 18:51:22','1996-04-27 16:09:17'),(38,'Linwood','Adams','dallas84@example.net','871.107.7204','1997-10-21 08:52:12','2015-01-09 09:02:52'),(39,'Garry','Kling','michael.blick@example.com','1-472-244-17','1983-07-06 12:10:05','2008-02-19 16:35:32'),(40,'Fiona','Johnston','jschimmel@example.com','267.429.1103','1977-06-04 19:51:02','1999-03-27 14:54:30'),(41,'Eriberto','Schuster','sven.hintz@example.net','1-628-653-62','1986-09-29 05:05:18','1972-10-08 16:15:47'),(42,'Selena','Schmidt','mariela56@example.com','548-893-3317','1992-09-13 07:39:09','2018-08-19 14:57:03'),(43,'Fredrick','Hoppe','brielle16@example.net','(985)410-800','1979-02-17 00:16:08','1978-10-21 18:03:25'),(44,'Julie','Littel','kayli.roberts@example.org','1-894-814-02','2007-04-16 20:28:42','2012-11-19 05:29:22'),(45,'Travis','Shields','isipes@example.net','611.217.8058','1988-05-24 15:52:02','2016-09-15 22:55:26'),(46,'Donnell','Hackett','moses.abshire@example.net','481.501.1201','1983-01-21 12:05:48','1994-04-29 16:17:04'),(47,'Noah','Bergstrom','pagac.kamren@example.com','316-992-0414','1984-05-22 11:42:16','1992-02-22 19:09:16'),(48,'Eladio','Fisher','lang.eveline@example.net','(677)047-643','1997-07-21 10:41:25','1993-04-01 15:04:43'),(49,'Nola','Bergstrom','tmraz@example.net','414.428.5514','1974-06-17 21:45:47','2002-06-30 10:49:32'),(50,'Althea','Ziemann','cathrine45@example.net','186-265-8025','2000-01-23 16:23:11','1970-10-11 03:16:39'),(51,'Tremaine','Kuphal','bins.gay@example.net','(767)836-063','1996-12-15 04:00:17','1976-07-01 09:26:55'),(52,'Muriel','Marquardt','freida25@example.net','802-438-4966','2014-07-08 16:06:54','1977-06-24 21:24:19'),(53,'Clair','Glover','adelbert70@example.net','1-725-470-93','2017-12-09 16:59:49','2017-05-05 00:06:28'),(54,'Albin','Schneider','cvolkman@example.org','08162132778','1977-05-02 05:32:52','2014-09-12 00:05:30'),(55,'Adrien','Powlowski','otis72@example.com','628-008-6874','1993-05-08 13:21:11','2012-02-25 12:20:22'),(56,'Edwina','Quigley','mayer.erwin@example.net','(697)773-232','1980-12-22 14:39:01','1983-12-30 17:50:23'),(57,'Viviane','Grant','slind@example.net','+78(5)760871','1983-08-22 17:23:32','2006-01-16 14:15:52'),(58,'Cristal','Swaniawski','rrau@example.net','1-402-661-15','1987-07-05 05:13:23','2015-09-13 07:13:46'),(59,'Chet','Labadie','timmy21@example.com','07952736715','2016-12-07 16:24:36','2012-02-20 01:11:48'),(60,'Evan','Runte','felicita38@example.org','084.667.6910','1982-05-29 10:55:08','1975-04-26 00:30:15'),(61,'Samara','Windler','kelsi.boyer@example.org','552-731-2589','1976-08-23 11:43:30','2011-05-28 03:41:15'),(62,'Carmelo','Herzog','erika16@example.net','+49(1)063696','1986-04-08 03:56:03','1975-03-07 20:13:58'),(63,'Eladio','Labadie','ehyatt@example.net','(574)521-906','2009-11-25 15:53:34','2019-02-03 22:48:44'),(64,'Eino','Simonis','cordia.mccullough@example.com','717-593-6584','1971-06-18 09:36:11','2017-05-26 10:37:13'),(65,'Eulah','Nader','destiny.barton@example.com','(846)263-923','1973-10-13 23:08:37','1974-03-09 21:57:42'),(66,'Vivian','Rippin','bokuneva@example.com','1-577-452-42','1988-11-04 14:16:34','2007-10-12 03:19:01'),(67,'Dax','Emmerich','tflatley@example.com','(697)764-444','1990-01-09 07:55:22','2019-04-24 16:07:32'),(68,'Laurel','Kessler','crawford12@example.com','1-548-480-56','2002-11-09 19:26:26','1994-05-15 15:58:38'),(69,'Lorine','Wuckert','clinton.langosh@example.org','(549)628-322','1980-09-01 14:41:41','1985-02-13 23:26:07'),(70,'Margarita','Mraz','price.kaitlyn@example.org','(219)590-092','1971-04-06 15:42:49','1985-02-28 05:46:43'),(71,'Dudley','Hegmann','vonrueden.mylene@example.com','(655)760-434','1984-07-08 20:47:20','2013-11-30 07:09:34'),(72,'Efren','Schroeder','bheller@example.com','132.759.9681','1971-05-19 11:33:00','1985-01-10 08:17:36'),(73,'Carlo','Toy','nyah.williamson@example.net','701-352-8869','2014-09-03 01:25:33','2002-04-10 23:49:02'),(74,'Daphne','Hilpert','dusty.homenick@example.org','+06(3)131883','2008-04-05 06:48:54','1995-08-25 02:46:30'),(75,'Tobin','Jacobson','marian.lynch@example.com','06469230359','1990-07-28 20:39:25','2019-08-07 22:13:59'),(76,'Viva','Leuschke','iva55@example.com','579.477.7832','1986-02-01 00:27:02','1995-03-16 09:30:59'),(77,'Emie','Walker','princess.schinner@example.net','1-490-535-70','1984-04-11 23:43:05','1985-01-17 08:41:18'),(78,'Matteo','Bartoletti','rosemarie82@example.org','1-744-676-40','2018-12-19 14:59:41','1976-12-05 14:14:12'),(79,'Alvera','Kertzmann','keebler.keaton@example.org','1-285-908-92','2000-07-08 22:48:42','1983-07-21 21:23:38'),(80,'Eudora','Pagac','andres72@example.org','(872)262-614','2000-10-26 12:47:44','2002-09-19 14:31:05'),(81,'Evalyn','Hackett','ajacobson@example.com','1-785-360-65','1981-01-01 23:18:26','2000-03-07 14:44:17'),(82,'Adah','Morissette','koss.roberto@example.org','(331)819-247','1982-05-31 01:46:15','1993-02-02 21:29:24'),(83,'Corrine','Tromp','katelyn.christiansen@example.com','1-881-843-48','1994-12-07 01:24:02','1989-03-24 16:19:10'),(84,'Madilyn','Ernser','jerald19@example.net','(444)197-566','1982-08-01 06:07:54','1979-12-23 05:33:17'),(85,'Ryleigh','Jenkins','diana44@example.org','(199)291-171','1992-07-29 16:11:56','1979-09-11 00:01:42'),(86,'Nakia','Roberts','williamson.coty@example.net','(460)026-127','1991-01-25 04:50:28','2001-11-10 08:13:10'),(87,'Keaton','Kuhn','marquardt.daija@example.com','832-816-1227','1998-06-12 10:55:56','2015-01-19 18:00:22'),(88,'Angelica','Cronin','jakayla93@example.com','1-830-707-08','2000-12-20 19:24:34','1999-04-29 06:18:36'),(89,'Helga','McCullough','semard@example.org','575-110-4361','1974-09-17 22:40:52','2013-03-18 05:45:10'),(90,'Dorothy','Schowalter','renee45@example.org','322.887.0218','1973-07-03 11:32:14','1976-06-11 08:33:34'),(91,'Larissa','Cassin','evie.nolan@example.org','(052)840-981','2017-07-14 15:44:29','2016-07-27 23:40:39'),(92,'Cyrus','Hirthe','hsauer@example.net','09241117512','2012-08-22 18:27:06','1993-06-27 11:48:39'),(93,'Cleveland','Upton','cassie49@example.org','519-991-0639','1988-03-27 17:20:05','1988-11-19 16:56:30'),(94,'Kristian','Medhurst','leuschke.cristina@example.net','479-765-7367','1976-02-24 14:39:39','1972-04-28 19:31:11'),(95,'Caleigh','Yost','bschaden@example.net','1-644-548-37','2011-08-02 05:09:49','2000-01-04 04:31:26'),(96,'Vergie','Heidenreich','bode.jess@example.net','1-402-886-41','1997-03-10 02:05:44','1983-05-18 20:13:47'),(97,'Demarcus','Lakin','lindgren.joshua@example.org','(734)602-049','1973-11-25 12:06:30','1984-04-30 14:48:45'),(98,'Roselyn','Osinski','frami.june@example.net','693-703-4238','1972-01-31 20:14:02','2011-05-23 18:26:02'),(99,'Rusty','Rodriguez','eileen60@example.com','+42(8)204718','1998-10-04 20:28:01','1988-07-22 07:27:20'),(100,'Louisa','O\'Keefe','shaina73@example.net','013-533-0163','1991-07-21 12:03:23','1995-01-12 08:10:42');
/*!40000 ALTER TABLE `users` ENABLE KEYS */;
UNLOCK TABLES;
/*!40103 SET TIME_ZONE=@OLD_TIME_ZONE */;

/*!40101 SET SQL_MODE=@OLD_SQL_MODE */;
/*!40014 SET FOREIGN_KEY_CHECKS=@OLD_FOREIGN_KEY_CHECKS */;
/*!40014 SET UNIQUE_CHECKS=@OLD_UNIQUE_CHECKS */;
/*!40101 SET CHARACTER_SET_CLIENT=@OLD_CHARACTER_SET_CLIENT */;
/*!40101 SET CHARACTER_SET_RESULTS=@OLD_CHARACTER_SET_RESULTS */;
/*!40101 SET COLLATION_CONNECTION=@OLD_COLLATION_CONNECTION */;
/*!40111 SET SQL_NOTES=@OLD_SQL_NOTES */;

-- Dump completed on 2019-11-20 14:02:14
